instance_id,business_id,name,Feature,InstanceID,category,latitude,longitude,X,Y,city,state,stars,review_count,is_open,price,takeout,delivery,outdoor_seating,good_for_kids,alcohol,wifi,ambience,hours
YNjyv0gfOr2g8lbmUpTnKg__venues_and_event_spaces,YNjyv0gfOr2g8lbmUpTnKg,Copper Vine,Venues & Event Spaces,YNjyv0gfOr2g8lbmUpTnKg,Venues & Event Spaces,29.9506467,-90.0744274,267.856350,-647.970084,New Orleans,LA,4.5,350,1,2,true,true,true,,full_bar,free,classy,"{""Monday"": ""0:0-0:0"", ""Tuesday"": ""11:0-21:0"", ""Wednesday"": ""11:0-21:0"", ""Thursday"": ""11:0-21:0"", ""Friday"": ""11:0-23:0"", ""Saturday"": ""10:30-22:0"", ""Sunday"": ""10:30-21:0""}"
TLZ3-eDPLhUzfsWO4ad6Ug__seafood,TLZ3-eDPLhUzfsWO4ad6Ug,Mahony's Po-Boys & Seafood,Seafood,TLZ3-eDPLhUzfsWO4ad6Ug,Seafood,29.9554151,-90.0700619,688.431399,-117.750010,New Orleans,LA,4.0,382,1,2,true,false,false,true,full_bar,free,casual|classy,"{""Monday"": ""0:0-0:0"", ""Thursday"": ""15:0-20:0"", ""Friday"": ""12:0-20:0"", ""Saturday"": ""12:0-20:0"", ""Sunday"": ""12:0-20:0""}"
FRYkg_JvsWU9xIXZsEZcVA__cocktail_bars,FRYkg_JvsWU9xIXZsEZcVA,Altamura,Cocktail Bars,FRYkg_JvsWU9xIXZsEZcVA,Cocktail Bars,29.9333878,-90.0794983,-220.670249,-2567.082260,New Orleans,LA,3.5,27,0,3,false,false,true,false,full_bar,,,"{""Monday"": ""17:0-22:0"", ""Wednesday"": ""17:0-22:0"", ""Thursday"": ""17:0-22:0"", ""Friday"": ""17:0-23:0"", ""Saturday"": ""17:0-23:0"", ""Sunday"": ""15:0-20:0""}"
4IcB3QyMEA85UTWFKh9O9A__american_(new),4IcB3QyMEA85UTWFKh9O9A,Eat Mah Taco @ Pal's Lounge,American (New),4IcB3QyMEA85UTWFKh9O9A,American (New),29.9767620,-90.0864230,-887.796522,2255.920248,New Orleans,LA,4.5,8,0,1,,false,false,false,,free,,"{""Tuesday"": ""17:0-22:0""}"
Edg22x3CZkIv0GUib2oEFA__pizza,Edg22x3CZkIv0GUib2oEFA,Mellow Mushroom,Pizza,Edg22x3CZkIv0GUib2oEFA,Pizza,29.9486236,-90.1312503,-5206.455590,-872.929307,New Orleans,LA,3.5,149,0,2,true,true,true,true,full_bar,free,casual,"{""Monday"": ""0:0-0:0"", ""Tuesday"": ""11:0-21:0"", ""Wednesday"": ""12:0-22:0"", ""Thursday"": ""11:0-22:0"", ""Friday"": ""11:0-23:0"", ""Saturday"": ""11:0-23:0"", ""Sunday"": ""11:0-22:0""}"
FR5xx5YEzxAnoMdqGl7vRQ__fitness_and_instruction,FR5xx5YEzxAnoMdqGl7vRQ,Anytime Fitness,Fitness & Instruction,FR5xx5YEzxAnoMdqGl7vRQ,Fitness & Instruction,29.9991154,-90.0607732,1583.304500,4741.508355,New Orleans,LA,3.0,6,1,,,,,false,,,,"{""Monday"": ""0:0-0:0"", ""Tuesday"": ""0:0-0:0"", ""Wednesday"": ""0:0-0:0"", ""Thursday"": ""0:0-0:0"", ""Friday"": ""0:0-0:0"", ""Saturday"": ""0:0-0:0"", ""Sunday"": ""0:0-0:0""}"
x7_p5O3ChQa7shdHCcLHZQ__venues_and_event_spaces,x7_p5O3ChQa7shdHCcLHZQ,Olivier's Creole Restaurant,Venues & Event Spaces,x7_p5O3ChQa7shdHCcLHZQ,Venues & Event Spaces,29.9510658,-90.0715323,546.773104,-601.370772,New Orleans,LA,3.5,172,0,2,true,false,false,false,full_bar,no,classy,
IOZrqUQ2Jg6UeQ5CWpsmkg__beer,IOZrqUQ2Jg6UeQ5CWpsmkg,Nesbit's Magazine Street Market,Beer,IOZrqUQ2Jg6UeQ5CWpsmkg,Beer,29.9504773,-90.0679445,892.421656,-666.809077,New Orleans,LA,5.0,7,1,,true,false,,,,,,"{""Monday"": ""8:0-15:0"", ""Tuesday"": ""12:0-18:0"", ""Wednesday"": ""12:0-18:0"", ""Thursday"": ""12:0-18:0"", ""Friday"": ""12:0-20:0"", ""Saturday"": ""12:0-20:0"", ""Sunday"": ""12:0-20:0""}"
b7YJrFZWZdI2C5-9nZvVdw__specialty_food,b7YJrFZWZdI2C5-9nZvVdw,Saltwater Grill,Specialty Food,b7YJrFZWZdI2C5-9nZvVdw,Specialty Food,29.9444540,-90.1335370,-5426.757978,-1336.570404,New Orleans,LA,2.5,34,0,2,true,false,true,true,full_bar,no,casual,"{""Monday"": ""11:0-21:0"", ""Tuesday"": ""11:0-21:0"", ""Wednesday"": ""11:0-21:0"", ""Thursday"": ""11:0-21:0"", ""Friday"": ""11:0-21:0"", ""Saturday"": ""11:0-21:0"", ""Sunday"": ""11:0-21:0""}"
bSJczuohHVko33UT82hnfA__fast_food,bSJczuohHVko33UT82hnfA,Blaze Pizza,Fast Food,bSJczuohHVko33UT82hnfA,Fast Food,29.9483950,-90.0752810,185.623449,-898.350593,New Orleans,LA,4.0,302,1,1,true,true,true,true,beer_and_wine,free,casual|trendy,"{""Monday"": ""0:0-0:0"", ""Tuesday"": ""11:0-22:0"", ""Wednesday"": ""12:0-22:0"", ""Thursday"": ""11:0-22:0"", ""Friday"": ""11:0-22:0"", ""Saturday"": ""11:0-22:0"", ""Sunday"": ""11:0-22:0""}"
vFJIK-z3QWs-3XNjs1hcZQ__venues_and_event_spaces,vFJIK-z3QWs-3XNjs1hcZQ,New Orleans Jazz Market,Venues & Event Spaces,vFJIK-z3QWs-3XNjs1hcZQ,Venues & Event Spaces,29.9411590,-90.0789941,-172.097041,-1702.953945,New Orleans,LA,4.0,31,1,2,,,false,true,full_bar,free,casual|classy|trendy|upscale,"{""Tuesday"": ""10:0-16:0"", ""Wednesday"": ""21:0-1:0"", ""Thursday"": ""10:0-16:0"", ""Friday"": ""10:0-16:0"", ""Saturday"": ""10:0-16:0""}"
JgORpZ2kB8DG2MECu7jvkQ__art_galleries,JgORpZ2kB8DG2MECu7jvkQ,Tat Starz,Art Galleries,JgORpZ2kB8DG2MECu7jvkQ,Art Galleries,29.9695644,-90.0679250,894.300286,1455.582539,New Orleans,LA,4.5,19,1,2,,,,,,,,"{""Monday"": ""12:0-2:0"", ""Tuesday"": ""12:0-2:0"", ""Wednesday"": ""12:0-2:0"", ""Thursday"": ""12:0-2:0"", ""Friday"": ""12:0-2:0"", ""Saturday"": ""12:0-2:0"", ""Sunday"": ""12:0-2:0""}"
dk9zGFRJD2RXkHqAmFHOOA__pizza,dk9zGFRJD2RXkHqAmFHOOA,Garage Pizza,Pizza,dk9zGFRJD2RXkHqAmFHOOA,Pizza,29.9668143,-90.0895672,-1190.708663,1149.784949,New Orleans,LA,4.0,6,0,2,true,true,true,false,none,free,,
hK59rATCI9o_rmeQu57RWw__coffee_and_tea,hK59rATCI9o_rmeQu57RWw,De Ville Coffee House & Creperie,Coffee & Tea,hK59rATCI9o_rmeQu57RWw,Coffee & Tea,29.9585010,-90.0616300,1500.760411,225.386888,New Orleans,LA,4.5,36,0,1,,,true,,,no,,"{""Monday"": ""10:0-15:0"", ""Tuesday"": ""10:0-15:0"", ""Thursday"": ""10:0-15:0"", ""Friday"": ""10:0-16:0"", ""Saturday"": ""10:0-16:0"", ""Sunday"": ""10:0-16:0""}"
yUcMPv-B9gCUUNT-GUiJbw__desserts,yUcMPv-B9gCUUNT-GUiJbw,The flagpole Nola,Desserts,yUcMPv-B9gCUUNT-GUiJbw,Desserts,29.9724753,-90.0724686,456.569988,1779.260298,New Orleans,LA,5.0,30,1,,,,true,,,free,,"{""Monday"": ""6:30-18:0"", ""Tuesday"": ""6:30-18:0"", ""Wednesday"": ""6:30-18:0"", ""Thursday"": ""6:30-18:0"", ""Friday"": ""6:30-18:0"", ""Saturday"": ""8:0-18:0"", ""Sunday"": ""8:0-18:0""}"
MC5pczUOBUN-0MtJAYk46Q__desserts,MC5pczUOBUN-0MtJAYk46Q,Cupcake Fairies,Desserts,MC5pczUOBUN-0MtJAYk46Q,Desserts,29.9762580,-90.0761050,106.239312,2199.877928,New Orleans,LA,5.0,20,1,2,true,true,,,,,,"{""Tuesday"": ""9:0-18:0"", ""Wednesday"": ""9:0-18:0"", ""Thursday"": ""9:0-18:0"", ""Friday"": ""9:0-18:0"", ""Saturday"": ""9:0-18:0""}"
Wc-c_hQK4vFCl9keeVTUZw__southern,Wc-c_hQK4vFCl9keeVTUZw,Felix's Restaurant & Oyster Bar,Southern,Wc-c_hQK4vFCl9keeVTUZw,Southern,30.0237920,-90.1136223,-3508.176331,7485.424872,New Orleans,LA,3.5,255,1,2,true,true,true,true,full_bar,free,casual,"{""Monday"": ""11:0-21:0"", ""Tuesday"": ""11:0-21:0"", ""Wednesday"": ""11:0-21:0"", ""Thursday"": ""11:0-21:0"", ""Friday"": ""11:0-22:0"", ""Saturday"": ""11:0-22:0"", ""Sunday"": ""11:0-21:0""}"
du_yelFmWOZDEyIAE-jdsQ__fast_food,du_yelFmWOZDEyIAE-jdsQ,Taco Del Mar,Fast Food,du_yelFmWOZDEyIAE-jdsQ,Fast Food,29.9522481,-90.0782640,-101.758582,-469.907031,New Orleans,LA,2.0,9,1,1,true,true,false,true,none,,,"{""Monday"": ""7:0-16:0"", ""Tuesday"": ""7:0-16:0"", ""Wednesday"": ""7:0-16:0"", ""Thursday"": ""7:0-16:0"", ""Friday"": ""7:0-16:0""}"
nePPSHdai8L7aWmXwOZHEg__burgers,nePPSHdai8L7aWmXwOZHEg,Stokehold Restaurant,Burgers,nePPSHdai8L7aWmXwOZHEg,Burgers,29.9170045,-90.0982621,-2028.375088,-4388.819759,New Orleans,LA,4.5,13,0,2,true,false,true,false,beer_and_wine,free,classy,"{""Monday"": ""11:0-22:0"", ""Wednesday"": ""11:0-22:0"", ""Thursday"": ""11:0-22:0"", ""Friday"": ""11:0-22:30"", ""Saturday"": ""11:0-22:30"", ""Sunday"": ""11:0-22:0""}"
W4ZEKkva9HpAdZG88juwyQ__cafes,W4ZEKkva9HpAdZG88juwyQ,Mr. B's Bistro,Cafes,W4ZEKkva9HpAdZG88juwyQ,Cafes,29.9543868,-90.0683629,852.113012,-232.091911,New Orleans,LA,4.0,2064,1,3,true,true,false,false,full_bar,free,classy,"{""Wednesday"": ""11:30-20:0"", ""Thursday"": ""11:30-20:0"", ""Friday"": ""11:30-20:0"", ""Saturday"": ""11:30-20:0"", ""Sunday"": ""11:30-20:0""}"
Y2NFeGtConx1qciSPKcRlA__pizza,Y2NFeGtConx1qciSPKcRlA,Reginelli's Pizzeria - Closed,Pizza,Y2NFeGtConx1qciSPKcRlA,Pizza,29.9233127,-90.0875812,-999.377478,-3687.378954,New Orleans,LA,3.5,171,0,2,true,true,true,true,full_bar,free,casual,"{""Monday"": ""11:0-23:0"", ""Tuesday"": ""11:0-23:0"", ""Wednesday"": ""11:0-23:0"", ""Thursday"": ""11:0-23:0"", ""Friday"": ""11:0-0:0"", ""Saturday"": ""11:0-0:0"", ""Sunday"": ""11:0-23:0""}"
0AQJ-QTu7GtxaP4SoD07yA__desserts,0AQJ-QTu7GtxaP4SoD07yA,Sno-La Snowball Lounge,Desserts,0AQJ-QTu7GtxaP4SoD07yA,Desserts,29.9943479,-90.1550396,-7498.317866,4211.385810,New Orleans,LA,4.5,177,0,1,true,false,,true,,free,,"{""Monday"": ""0:0-0:0"", ""Tuesday"": ""12:0-21:0"", ""Wednesday"": ""12:0-21:0"", ""Thursday"": ""12:0-21:0"", ""Friday"": ""12:0-21:0"", ""Saturday"": ""12:0-21:0"", ""Sunday"": ""12:0-20:0""}"
5wgoIQXyP3BEPZLiVi1W8A__american_(traditional),5wgoIQXyP3BEPZLiVi1W8A,The Howlin' Wolf,American (Traditional),5wgoIQXyP3BEPZLiVi1W8A,American (Traditional),29.9426876,-90.0659910,1080.621792,-1532.985393,New Orleans,LA,3.5,213,1,2,true,true,true,false,full_bar,free,casual|classy|divey,"{""Monday"": ""11:0-0:0"", ""Tuesday"": ""11:0-0:0"", ""Wednesday"": ""11:0-0:0"", ""Thursday"": ""11:0-0:0"", ""Friday"": ""11:0-3:0"", ""Saturday"": ""11:0-3:0"", ""Sunday"": ""11:0-2:0""}"
G9JqaURDTC_pSzji0bytwA__burgers,G9JqaURDTC_pSzji0bytwA,Port St Peter,Burgers,G9JqaURDTC_pSzji0bytwA,Burgers,29.9584960,-90.0652404,1152.934575,224.830913,New Orleans,LA,3.5,83,0,2,true,false,false,false,full_bar,no,,"{""Monday"": ""11:0-3:0"", ""Tuesday"": ""11:0-3:0"", ""Wednesday"": ""11:0-3:0"", ""Thursday"": ""11:0-3:0"", ""Friday"": ""11:0-3:0"", ""Saturday"": ""11:0-3:0"", ""Sunday"": ""11:0-12:0""}"
aYJjJMN8heS2PmkvsQzaZg__cafes,aYJjJMN8heS2PmkvsQzaZg,Treme Coffeehouse,Cafes,aYJjJMN8heS2PmkvsQzaZg,Cafes,29.9654586,-90.0695669,736.119685,999.037779,New Orleans,LA,4.5,137,1,1,true,false,true,true,none,free,casual|trendy,"{""Monday"": ""0:0-0:0"", ""Tuesday"": ""6:0-17:0"", ""Wednesday"": ""7:0-14:0"", ""Thursday"": ""8:0-13:0"", ""Friday"": ""7:0-14:0"", ""Saturday"": ""8:0-14:0"", ""Sunday"": ""8:0-14:0""}"
5l67axuAa5EmEV3lLuSa1Q__burgers,5l67axuAa5EmEV3lLuSa1Q,Smashburger,Burgers,5l67axuAa5EmEV3lLuSa1Q,Burgers,29.9233129,-90.0877986,-1020.321788,-3687.356714,New Orleans,LA,3.0,167,0,1,true,false,true,true,none,no,casual,"{""Monday"": ""10:0-22:0"", ""Tuesday"": ""10:0-22:0"", ""Wednesday"": ""10:0-22:0"", ""Thursday"": ""10:0-22:0"", ""Friday"": ""10:0-23:0"", ""Saturday"": ""10:0-23:0"", ""Sunday"": ""10:0-22:0""}"
CBGqxzHew6PveH_YdKLYpw__art_galleries,CBGqxzHew6PveH_YdKLYpw,Voodoo Authentica,Art Galleries,CBGqxzHew6PveH_YdKLYpw,Art Galleries,29.9591512,-90.0627252,1395.248874,297.685929,New Orleans,LA,4.5,173,1,2,,,,false,,no,,"{""Monday"": ""0:0-0:0"", ""Tuesday"": ""11:0-19:0"", ""Wednesday"": ""11:0-19:0"", ""Thursday"": ""11:0-19:0"", ""Friday"": ""11:0-19:0"", ""Saturday"": ""11:0-19:0"", ""Sunday"": ""11:0-19:0""}"
ifofBiQeb6DI0-u0KEQybg__breakfast_and_brunch,ifofBiQeb6DI0-u0KEQybg,HAPPYJAXX,Breakfast & Brunch,ifofBiQeb6DI0-u0KEQybg,Breakfast & Brunch,29.9452390,-90.0695550,737.266131,-1249.282266,New Orleans,LA,4.0,24,1,2,,false,,,,,trendy,"{""Monday"": ""8:30-21:45"", ""Tuesday"": ""8:30-22:0"", ""Wednesday"": ""8:30-22:0"", ""Thursday"": ""8:30-22:0"", ""Friday"": ""8:30-23:0"", ""Saturday"": ""8:30-23:0"", ""Sunday"": ""8:30-22:0""}"
vEHt2zXxc5P9NbT-JjDn-w__fitness_and_instruction,vEHt2zXxc5P9NbT-JjDn-w,Yoga at the Cabildo,Fitness & Instruction,vEHt2zXxc5P9NbT-JjDn-w,Fitness & Instruction,29.9581837,-90.0634002,1330.219392,190.104689,New Orleans,LA,4.5,16,1,,,,,true,,,,"{""Monday"": ""0:0-0:0"", ""Friday"": ""8:30-9:30"", ""Saturday"": ""8:15-9:15"", ""Sunday"": ""8:30-9:30""}"
8uF-bhJFgT4Tn6DTb27viA__burgers,8uF-bhJFgT4Tn6DTb27viA,District Donuts Sliders Brew,Burgers,8uF-bhJFgT4Tn6DTb27viA,Burgers,29.9294259,-90.0770687,13.396481,-3007.621189,New Orleans,LA,4.5,2062,1,1,true,true,true,true,beer_and_wine,free,casual|classy|hipster|trendy,"{""Monday"": ""7:0-21:0"", ""Tuesday"": ""7:0-21:0"", ""Wednesday"": ""7:0-21:0"", ""Thursday"": ""7:0-21:0"", ""Friday"": ""7:0-21:0"", ""Saturday"": ""7:0-21:0"", ""Sunday"": ""7:0-21:0""}"
Tt4byMYA7FvAkQ3MigcJWQ__cajun_creole,Tt4byMYA7FvAkQ3MigcJWQ,Mojitos Rum Bar & Grill,Cajun/Creole,Tt4byMYA7FvAkQ3MigcJWQ,Cajun/Creole,29.9618438,-90.0576285,1886.264811,597.089802,New Orleans,LA,3.5,74,0,2,true,false,true,true,full_bar,free,casual,"{""Monday"": ""16:0-0:0"", ""Tuesday"": ""16:0-0:0"", ""Wednesday"": ""16:0-0:0"", ""Thursday"": ""16:0-0:0"", ""Friday"": ""16:0-2:0"", ""Saturday"": ""11:0-3:0"", ""Sunday"": ""11:0-0:0""}"
Yh4OgbXQSpQ_ycK_FmNiGw__american_(new),Yh4OgbXQSpQ_ycK_FmNiGw,Suis Generis,American (New),Yh4OgbXQSpQ_ycK_FmNiGw,American (New),29.9649909,-90.0426163,3332.538529,947.032907,New Orleans,LA,4.0,100,1,2,true,true,true,false,full_bar,no,casual|hipster,"{""Thursday"": ""18:0-22:0"", ""Friday"": ""18:0-23:0"", ""Saturday"": ""18:0-23:0"", ""Sunday"": ""18:0-22:0""}"
zSqTndm5Alq9dW1PyzbdTA__desserts,zSqTndm5Alq9dW1PyzbdTA,Grand Isle,Desserts,zSqTndm5Alq9dW1PyzbdTA,Desserts,29.9475671,-90.0651152,1164.996340,-990.408999,New Orleans,LA,4.0,588,1,2,true,true,true,true,full_bar,free,casual|classy,"{""Monday"": ""0:0-0:0"", ""Wednesday"": ""11:0-20:0"", ""Thursday"": ""11:0-20:0"", ""Friday"": ""11:0-21:0"", ""Saturday"": ""11:0-21:0"", ""Sunday"": ""11:0-20:0""}"
qejPFPUKiIXvHJ4BirgLUw__fast_food,qejPFPUKiIXvHJ4BirgLUw,Rally's,Fast Food,qejPFPUKiIXvHJ4BirgLUw,Fast Food,29.9452593,-90.0906756,-1297.491888,-1247.025006,New Orleans,LA,1.5,13,1,1,true,true,true,true,none,no,,"{""Monday"": ""10:0-4:0"", ""Tuesday"": ""10:0-4:0"", ""Wednesday"": ""10:0-4:0"", ""Thursday"": ""10:0-5:0"", ""Friday"": ""10:0-6:0"", ""Saturday"": ""10:0-6:0"", ""Sunday"": ""10:0-4:0""}"
4ZVApGFcZ-mPVGKqZWRqvg__pizza,4ZVApGFcZ-mPVGKqZWRqvg,Pizza Hut,Pizza,4ZVApGFcZ-mPVGKqZWRqvg,Pizza,30.0267602,-89.9933138,8082.341228,7815.474109,New Orleans,LA,2.5,12,0,1,true,true,false,true,,,,"{""Monday"": ""10:0-22:0"", ""Tuesday"": ""10:0-22:0"", ""Wednesday"": ""10:0-22:0"", ""Thursday"": ""10:0-22:0"", ""Friday"": ""10:0-23:0"", ""Saturday"": ""10:0-23:0"", ""Sunday"": ""10:0-22:0""}"
mjfCi5RzOab2i3oIS7MqnA__seafood,mjfCi5RzOab2i3oIS7MqnA,Casa Honduras,Seafood,mjfCi5RzOab2i3oIS7MqnA,Seafood,30.0283330,-89.9928791,8124.223075,7990.359218,New Orleans,LA,3.0,16,1,2,true,false,false,true,full_bar,free,,"{""Monday"": ""7:0-22:0"", ""Tuesday"": ""7:0-22:0"", ""Wednesday"": ""7:0-22:0"", ""Thursday"": ""7:0-22:0"", ""Friday"": ""7:0-15:0"", ""Saturday"": ""7:0-15:0"", ""Sunday"": ""7:0-15:0""}"
J2T70-o7aslJNOfKSFf_Zw__beer,J2T70-o7aslJNOfKSFf_Zw,Cellars of River Ridge,Beer,J2T70-o7aslJNOfKSFf_Zw,Beer,29.9392154,-90.1963364,-11476.850435,-1919.076951,New Orleans,LA,4.0,7,0,2,,,,,,,,
98mYebjHN_VXZapVm8Nmqg__pizza,98mYebjHN_VXZapVm8Nmqg,SWEGS Kitchen - Mid-City,Pizza,98mYebjHN_VXZapVm8Nmqg,Pizza,29.9760651,-90.0996259,-2159.763543,2178.428397,New Orleans,LA,4.0,67,0,1,true,true,false,true,none,free,casual|trendy,"{""Monday"": ""0:0-0:0"", ""Tuesday"": ""10:0-21:0"", ""Wednesday"": ""7:0-21:0"", ""Thursday"": ""10:0-21:0"", ""Friday"": ""7:0-21:0"", ""Saturday"": ""11:0-19:0"", ""Sunday"": ""11:0-19:0""}"
POn8Xzda_26vDYAmaEJMQA__fitness_and_instruction,POn8Xzda_26vDYAmaEJMQA,CrossFit NOLA,Fitness & Instruction,POn8Xzda_26vDYAmaEJMQA,Fitness & Instruction,29.9475956,-90.1350802,-5575.429823,-987.239940,New Orleans,LA,5.0,39,1,,,,,true,,,,"{""Monday"": ""5:30-20:30"", ""Tuesday"": ""5:30-20:30"", ""Wednesday"": ""5:30-20:30"", ""Thursday"": ""5:30-20:30"", ""Friday"": ""5:30-19:30"", ""Saturday"": ""9:0-23:0"", ""Sunday"": ""9:0-10:0""}"
pym7c6ZFEtmoH16xN2ApBg__american_(traditional),pym7c6ZFEtmoH16xN2ApBg,Katie's Restaurant & Bar,American (Traditional),pym7c6ZFEtmoH16xN2ApBg,American (Traditional),29.9730943,-90.0959144,-1802.197735,1848.090053,New Orleans,LA,4.5,1289,1,2,true,true,true,true,full_bar,no,casual|classy,"{""Monday"": ""11:0-21:0"", ""Tuesday"": ""11:0-21:0"", ""Wednesday"": ""11:0-21:0"", ""Thursday"": ""11:0-21:0"", ""Friday"": ""11:0-22:0"", ""Saturday"": ""11:0-22:0"", ""Sunday"": ""9:0-15:0""}"
5AOkxsg6UJQ_CoJTMBDUmQ__american_(new),5AOkxsg6UJQ_CoJTMBDUmQ,Ralph's on the Park,American (New),5AOkxsg6UJQ_CoJTMBDUmQ,American (New),29.9834680,-90.0981510,-2017.671717,3001.594456,New Orleans,LA,4.0,299,1,3,true,false,true,true,full_bar,free,classy,"{""Tuesday"": ""17:30-21:0"", ""Wednesday"": ""11:30-21:0"", ""Thursday"": ""11:30-21:0"", ""Friday"": ""11:30-21:30"", ""Saturday"": ""10:30-21:30"", ""Sunday"": ""10:30-21:0""}"
Bt7NBqA31uOI4H_hvasLLg__venues_and_event_spaces,Bt7NBqA31uOI4H_hvasLLg,HORN'S EATERY,Venues & Event Spaces,Bt7NBqA31uOI4H_hvasLLg,Venues & Event Spaces,29.9653627,-90.0591157,1742.992050,988.368700,New Orleans,LA,4.0,597,1,2,true,false,true,true,full_bar,free,casual|classy,"{""Monday"": ""0:0-0:0"", ""Thursday"": ""8:0-14:0"", ""Friday"": ""8:0-14:0"", ""Saturday"": ""8:0-14:0"", ""Sunday"": ""8:0-14:0""}"
pTpZS84EQhvZaxhq6SSWNw__cafes,pTpZS84EQhvZaxhq6SSWNw,Petite Clouet Cafe,Cafes,pTpZS84EQhvZaxhq6SSWNw,Cafes,29.9633260,-90.0454062,3063.760854,761.903150,New Orleans,LA,4.5,18,1,,true,,true,,,free,,"{""Monday"": ""7:0-18:0"", ""Tuesday"": ""7:0-18:0"", ""Wednesday"": ""7:0-18:0"", ""Thursday"": ""7:0-18:0"", ""Friday"": ""7:0-18:0"", ""Saturday"": ""7:0-18:0"", ""Sunday"": ""7:0-18:0""}"
jlgi2sLx5i6_t4mcODJW7A__seafood,jlgi2sLx5i6_t4mcODJW7A,Redemption,Seafood,jlgi2sLx5i6_t4mcODJW7A,Seafood,29.9741719,-90.0974353,-1948.721199,1967.913871,New Orleans,LA,3.0,63,0,3,false,false,true,false,full_bar,free,classy,"{""Thursday"": ""17:0-22:0"", ""Friday"": ""17:0-22:0"", ""Saturday"": ""17:0-22:0""}"
m8ehWBGy9Ee0yBdmPJ4nGw__fitness_and_instruction,m8ehWBGy9Ee0yBdmPJ4nGw,New Orleans Boxing Club,Fitness & Instruction,m8ehWBGy9Ee0yBdmPJ4nGw,Fitness & Instruction,29.9694328,-90.0874047,-982.376797,1440.947643,New Orleans,LA,5.0,16,1,,,,,true,,,,"{""Monday"": ""7:0-20:0"", ""Tuesday"": ""7:0-20:0"", ""Wednesday"": ""7:0-20:0"", ""Thursday"": ""7:0-20:0"", ""Friday"": ""7:0-19:0"", ""Saturday"": ""9:0-14:0""}"
uYTXhzfcUTXNCZ8a8rnbfA__art_galleries,uYTXhzfcUTXNCZ8a8rnbfA,Treasure Tattoo,Art Galleries,uYTXhzfcUTXNCZ8a8rnbfA,Art Galleries,29.9685550,-90.0529169,2340.180224,1343.342225,New Orleans,LA,5.0,39,1,2,,,,,,free,,"{""Monday"": ""0:0-0:0"", ""Wednesday"": ""12:0-19:0"", ""Thursday"": ""12:0-19:0"", ""Friday"": ""12:0-17:0"", ""Saturday"": ""12:0-19:0"", ""Sunday"": ""12:0-19:0""}"
G2W56pUxgJs7UzGcSL0EdQ__cocktail_bars,G2W56pUxgJs7UzGcSL0EdQ,Vue,Cocktail Bars,G2W56pUxgJs7UzGcSL0EdQ,Cocktail Bars,29.9582667,-90.0772682,-5.823344,199.333881,New Orleans,LA,4.0,10,1,2,,,true,,full_bar,free,casual|romantic,"{""Thursday"": ""16:0-0:0"", ""Friday"": ""16:0-0:0"", ""Saturday"": ""11:0-0:0"", ""Sunday"": ""11:0-0:0""}"
2wwhMKlfpOd0dpk_AQdt8w__pizza,2wwhMKlfpOd0dpk_AQdt8w,Leonardo Trattoria,Pizza,2wwhMKlfpOd0dpk_AQdt8w,Pizza,29.9472031,-90.0714312,556.513075,-1030.884009,New Orleans,LA,2.5,29,0,3,true,,true,false,full_bar,,casual,"{""Tuesday"": ""11:0-22:0"", ""Wednesday"": ""11:0-22:0"", ""Thursday"": ""11:0-22:0"", ""Friday"": ""11:0-23:0"", ""Saturday"": ""15:0-23:0"", ""Sunday"": ""15:0-21:0""}"
X-BZp1KMgGzKkf_92Y3fWw__cocktail_bars,X-BZp1KMgGzKkf_92Y3fWw,Tiki Tolteca,Cocktail Bars,X-BZp1KMgGzKkf_92Y3fWw,Cocktail Bars,29.9534303,-90.0651540,1161.258349,-338.450005,New Orleans,LA,4.0,214,0,2,,,false,,full_bar,free,casual|intimate,"{""Thursday"": ""17:0-23:0"", ""Friday"": ""11:0-2:0"", ""Saturday"": ""11:0-2:0"", ""Sunday"": ""11:0-2:0""}"
aI2w94F3TvIuPTcflKVCJQ__cafes,aI2w94F3TvIuPTcflKVCJQ,Honeydeux,Cafes,aI2w94F3TvIuPTcflKVCJQ,Cafes,29.9312270,-90.0739870,310.287374,-2807.347730,New Orleans,LA,3.5,88,0,1,true,false,true,true,none,no,,"{""Monday"": ""10:0-18:0"", ""Tuesday"": ""10:0-18:0"", ""Wednesday"": ""10:0-18:0"", ""Thursday"": ""10:0-18:0"", ""Friday"": ""10:0-18:0"", ""Saturday"": ""10:0-18:0"", ""Sunday"": ""11:0-17:0""}"
0e7U3DahOeJsT0brY4n_uQ__seafood,0e7U3DahOeJsT0brY4n_uQ,Pra_LEES,Seafood,0e7U3DahOeJsT0brY4n_uQ,Seafood,29.9967454,-90.0602898,1629.875242,4477.976015,New Orleans,LA,4.0,22,1,,,,,,,,,"{""Tuesday"": ""11:30-19:0"", ""Wednesday"": ""11:30-19:0"", ""Thursday"": ""11:30-19:0"", ""Friday"": ""11:30-19:0"", ""Saturday"": ""11:30-19:0"", ""Sunday"": ""12:0-18:0""}"
i-tDq8zC7ZmSqSbg_7oddA__sandwiches,i-tDq8zC7ZmSqSbg_7oddA,LA Smokehouse,Sandwiches,i-tDq8zC7ZmSqSbg_7oddA,Sandwiches,29.9620670,-90.1177030,-3901.310856,621.908544,New Orleans,LA,4.0,79,0,2,true,true,true,true,beer_and_wine,free,casual,"{""Monday"": ""11:0-21:0"", ""Tuesday"": ""11:0-21:0"", ""Wednesday"": ""11:0-21:0"", ""Thursday"": ""11:0-21:0"", ""Friday"": ""11:0-22:0"", ""Saturday"": ""11:0-22:0""}"
HKLFG2qKkd5X1IyfwYlYqQ__fast_food,HKLFG2qKkd5X1IyfwYlYqQ,Chubbie's Fried Chicken,Fast Food,HKLFG2qKkd5X1IyfwYlYqQ,Fast Food,29.9320808,-90.0030653,7142.881988,-2712.409371,New Orleans,LA,4.0,70,1,1,true,false,false,true,none,no,casual,"{""Monday"": ""11:0-18:30"", ""Tuesday"": ""11:0-18:30"", ""Wednesday"": ""11:0-18:30"", ""Thursday"": ""11:0-18:30"", ""Friday"": ""11:0-19:0""}"
Qkiz7nFYML7sJBFPO7pNaw__american_(traditional),Qkiz7nFYML7sJBFPO7pNaw,The Munch Factory,American (Traditional),Qkiz7nFYML7sJBFPO7pNaw,American (Traditional),30.0273794,-90.0387422,3705.770430,7884.326103,New Orleans,LA,4.5,21,1,,true,,true,,,,casual,"{""Tuesday"": ""11:0-18:0"", ""Wednesday"": ""11:0-18:0"", ""Thursday"": ""11:0-18:0"", ""Friday"": ""11:0-18:0"", ""Saturday"": ""11:0-18:0"", ""Sunday"": ""11:0-15:0""}"
4u4njx79dMrXNhbRFHjG8A__desserts,4u4njx79dMrXNhbRFHjG8A,HK NOLA,Desserts,4u4njx79dMrXNhbRFHjG8A,Desserts,29.9450835,-90.1261013,-4710.402846,-1266.573101,New Orleans,LA,3.5,22,0,2,true,true,true,true,none,,casual,"{""Monday"": ""7:30-19:30"", ""Tuesday"": ""7:30-19:30"", ""Wednesday"": ""7:30-19:30"", ""Thursday"": ""7:30-19:30"", ""Friday"": ""7:30-17:0"", ""Sunday"": ""10:0-15:0""}"
gLaxSkjWzt25hybkaKwQcA__american_(traditional),gLaxSkjWzt25hybkaKwQcA,Slim Goodies Diner,American (Traditional),gLaxSkjWzt25hybkaKwQcA,American (Traditional),29.9230437,-90.0882019,-1059.175699,-3717.290430,New Orleans,LA,3.5,520,1,2,true,true,true,true,full_bar,free,casual,"{""Monday"": ""0:0-0:0"", ""Tuesday"": ""7:0-15:0"", ""Wednesday"": ""7:0-15:0"", ""Thursday"": ""7:0-15:0"", ""Friday"": ""7:0-15:0"", ""Saturday"": ""7:0-15:0"", ""Sunday"": ""7:0-15:0""}"
IZmCSGeXLCB-Y2UvJrvr-A__american_(traditional),IZmCSGeXLCB-Y2UvJrvr-A,Zea Rotisserie and Grill,American (Traditional),IZmCSGeXLCB-Y2UvJrvr-A,American (Traditional),29.9386502,-90.0761769,99.312468,-1981.924410,New Orleans,LA,4.0,130,0,2,true,false,false,true,full_bar,no,casual,"{""Monday"": ""11:0-22:0"", ""Tuesday"": ""11:0-22:0"", ""Wednesday"": ""11:0-22:0"", ""Thursday"": ""11:0-22:0"", ""Friday"": ""11:0-22:30"", ""Saturday"": ""11:0-22:30"", ""Sunday"": ""11:0-22:0""}"
lrARqZZdNhkeH6o6-hP4ZQ__coffee_and_tea,lrARqZZdNhkeH6o6-hP4ZQ,Old Road Coffee,Coffee & Tea,lrARqZZdNhkeH6o6-hP4ZQ,Coffee & Tea,29.9712710,-90.0724920,454.315632,1645.348063,New Orleans,LA,4.5,20,1,,,,,,,,,"{""Monday"": ""6:30-18:0"", ""Tuesday"": ""6:30-18:0"", ""Wednesday"": ""6:30-18:0"", ""Thursday"": ""6:30-18:0"", ""Friday"": ""6:30-18:0"", ""Saturday"": ""6:30-18:0"", ""Sunday"": ""6:30-18:0""}"
FtkYGVPVCRuuhQhYJBSVQw__specialty_food,FtkYGVPVCRuuhQhYJBSVQw,Zimmer's Seafood,Specialty Food,FtkYGVPVCRuuhQhYJBSVQw,Specialty Food,30.0083429,-90.0644403,1230.016187,5767.560958,New Orleans,LA,4.0,81,1,2,true,false,false,true,none,no,casual,"{""Tuesday"": ""10:0-18:0"", ""Wednesday"": ""10:0-18:0"", ""Thursday"": ""10:0-18:0"", ""Friday"": ""10:0-19:0"", ""Saturday"": ""10:0-18:0""}"
5QefK7gbedeBiqsYJW54Bw__coffee_and_tea,5QefK7gbedeBiqsYJW54Bw,Cafe Du Monde City Park,Coffee & Tea,5QefK7gbedeBiqsYJW54Bw,Coffee & Tea,29.9852675,-90.0951346,-1727.071921,3201.686868,New Orleans,LA,4.0,130,1,1,,,true,,,free,,"{""Monday"": ""7:0-21:0"", ""Tuesday"": ""7:0-21:0"", ""Wednesday"": ""7:0-21:0"", ""Thursday"": ""7:0-21:0"", ""Friday"": ""7:0-22:0"", ""Saturday"": ""7:0-22:0"", ""Sunday"": ""7:0-21:0""}"
YvfeLey2Bnge5Mj9RY7ofA__american_(traditional),YvfeLey2Bnge5Mj9RY7ofA,The Bricks Courtyard Bar and Grill,American (Traditional),YvfeLey2Bnge5Mj9RY7ofA,American (Traditional),29.9448250,-90.0729890,406.434666,-1295.317029,New Orleans,LA,3.5,10,0,1,true,false,true,false,full_bar,no,,
3SBlKwlmBiYVjW2SKz0gwg__cajun_creole,3SBlKwlmBiYVjW2SKz0gwg,Tomasito's,Cajun/Creole,3SBlKwlmBiYVjW2SKz0gwg,Cajun/Creole,29.9452438,-90.0674745,937.701443,-1248.748529,New Orleans,LA,3.5,7,0,,,,true,true,full_bar,no,,
ZoRlLcEsxrzfumd6wHa5Jg__breakfast_and_brunch,ZoRlLcEsxrzfumd6wHa5Jg,Chemin a la Mer,Breakfast & Brunch,ZoRlLcEsxrzfumd6wHa5Jg,Breakfast & Brunch,29.9489628,-90.0639062,1281.473014,-835.212914,New Orleans,LA,5.0,9,1,,,,,,,,classy,
KZe5kpIHWVuJl6WgNYzceg__breakfast_and_brunch,KZe5kpIHWVuJl6WgNYzceg,Please-U-Restaurant,Breakfast & Brunch,KZe5kpIHWVuJl6WgNYzceg,Breakfast & Brunch,29.9367378,-90.0776308,-40.756218,-2194.573882,New Orleans,LA,4.0,274,1,1,true,true,false,true,beer_and_wine,free,casual|divey,"{""Monday"": ""0:0-0:0"", ""Tuesday"": ""7:0-15:0"", ""Wednesday"": ""7:0-15:0"", ""Thursday"": ""7:0-15:0"", ""Friday"": ""7:0-15:0"", ""Saturday"": ""7:0-15:0""}"
ZapDvyE7lJxVxlmeeKyjkg__breakfast_and_brunch,ZapDvyE7lJxVxlmeeKyjkg,Daisy Mae's Southern Fried Chicken & Breakfast,Breakfast & Brunch,ZapDvyE7lJxVxlmeeKyjkg,Breakfast & Brunch,29.9500396,-90.0736890,338.996685,-715.479164,New Orleans,LA,4.0,267,1,2,true,true,false,true,full_bar,,casual,"{""Monday"": ""0:0-0:0"", ""Tuesday"": ""0:0-0:0"", ""Wednesday"": ""0:0-0:0"", ""Thursday"": ""0:0-0:0"", ""Friday"": ""0:0-0:0"", ""Saturday"": ""0:0-0:0"", ""Sunday"": ""0:0-0:0""}"
npuApKHyC6FbL8nGVxSQtg__art_galleries,npuApKHyC6FbL8nGVxSQtg,Tanner Gallery & Studio,Art Galleries,npuApKHyC6FbL8nGVxSQtg,Art Galleries,29.9594141,-90.0634514,1325.286786,326.919116,New Orleans,LA,5.0,8,1,3,,,,true,,,,"{""Monday"": ""10:0-19:0"", ""Thursday"": ""10:0-19:0"", ""Friday"": ""10:0-19:0"", ""Saturday"": ""10:0-19:0"", ""Sunday"": ""10:0-19:0""}"
SJIQFKTW6uUsOo29w9IHxw__desserts,SJIQFKTW6uUsOo29w9IHxw,Mambo's,Desserts,SJIQFKTW6uUsOo29w9IHxw,Desserts,29.9566684,-90.0676513,920.668536,21.610784,New Orleans,LA,4.0,1223,1,2,true,true,true,true,full_bar,free,casual|classy|trendy,"{""Monday"": ""11:0-1:0"", ""Tuesday"": ""11:0-1:0"", ""Wednesday"": ""11:0-1:0"", ""Thursday"": ""11:0-1:0"", ""Friday"": ""11:0-2:0"", ""Saturday"": ""11:0-2:0"", ""Sunday"": ""11:0-1:0""}"
JvawJ9bSr22xn4R9oLvl_w__southern,JvawJ9bSr22xn4R9oLvl_w,Desire Oyster Bar,Southern,JvawJ9bSr22xn4R9oLvl_w,Southern,29.9555270,-90.0681538,872.253914,-105.308114,New Orleans,LA,4.0,1084,1,2,true,false,false,true,full_bar,free,casual|classy,"{""Monday"": ""7:0-21:0"", ""Tuesday"": ""7:0-21:0"", ""Wednesday"": ""7:0-21:0"", ""Thursday"": ""7:0-21:0"", ""Friday"": ""7:0-22:0"", ""Saturday"": ""7:0-22:0"", ""Sunday"": ""7:0-21:0""}"
ABp0BSeiYty6EpVW2ScO-w__specialty_food,ABp0BSeiYty6EpVW2ScO-w,Fleur-De-Lis Nutrition,Specialty Food,ABp0BSeiYty6EpVW2ScO-w,Specialty Food,30.0202011,-90.1113103,-3285.438315,7086.134458,New Orleans,LA,4.5,5,1,,true,false,,,,free,,"{""Monday"": ""0:0-0:0"", ""Tuesday"": ""7:30-16:30"", ""Wednesday"": ""7:30-16:30"", ""Thursday"": ""7:30-16:30"", ""Friday"": ""7:30-14:0"", ""Saturday"": ""9:30-14:30"", ""Sunday"": ""11:0-14:0""}"
fw9YFfQnoOKlVnUdUCT0OA__american_(traditional),fw9YFfQnoOKlVnUdUCT0OA,Mother Mary's,American (Traditional),fw9YFfQnoOKlVnUdUCT0OA,American (Traditional),29.9696163,-90.0939346,-1611.463858,1461.353564,New Orleans,LA,3.0,14,1,1,true,true,true,false,,,,"{""Monday"": ""16:0-23:0"", ""Tuesday"": ""16:0-23:0"", ""Wednesday"": ""16:0-23:0"", ""Thursday"": ""16:0-23:0"", ""Friday"": ""16:0-23:0"", ""Saturday"": ""16:0-23:0"", ""Sunday"": ""16:0-23:0""}"
ZNXNmJV8fXu7dv1hqXeq1Q__fast_food,ZNXNmJV8fXu7dv1hqXeq1Q,Raising Cane’s,Fast Food,ZNXNmJV8fXu7dv1hqXeq1Q,Fast Food,30.0059929,-90.0335250,4208.397877,5506.257245,New Orleans,LA,2.5,21,1,1,true,false,false,true,none,no,,"{""Monday"": ""10:0-0:0"", ""Tuesday"": ""10:0-0:0"", ""Wednesday"": ""10:0-0:0"", ""Thursday"": ""10:0-0:0"", ""Friday"": ""10:0-0:0"", ""Saturday"": ""10:0-0:0"", ""Sunday"": ""10:0-0:0""}"
JE4gQjflWbg9eg3CSZvAVg__cocktail_bars,JE4gQjflWbg9eg3CSZvAVg,Stanley Service Bar,Cocktail Bars,JE4gQjflWbg9eg3CSZvAVg,Cocktail Bars,29.9582118,-90.0628599,1382.270415,193.228949,New Orleans,LA,4.5,7,1,,,,,,,,,"{""Monday"": ""7:0-19:0"", ""Tuesday"": ""7:0-19:0"", ""Wednesday"": ""7:0-19:0"", ""Thursday"": ""7:0-19:0"", ""Friday"": ""7:0-19:0"", ""Saturday"": ""7:0-19:0"", ""Sunday"": ""7:0-19:0""}"
-If0ps0QhOLCYVWQWs9RYg__sandwiches,-If0ps0QhOLCYVWQWs9RYg,Maple Street Patisserie,Sandwiches,-If0ps0QhOLCYVWQWs9RYg,Sandwiches,29.9416242,-90.1295134,-5039.124465,-1651.230242,New Orleans,LA,3.5,171,1,1,true,false,true,true,none,no,casual,"{""Tuesday"": ""6:0-17:0"", ""Wednesday"": ""6:0-17:0"", ""Thursday"": ""6:0-17:0"", ""Friday"": ""6:0-17:0"", ""Saturday"": ""6:0-17:0"", ""Sunday"": ""6:0-12:0""}"
ZFcE6HItnUzgGPM0Uxm-DQ__cafes,ZFcE6HItnUzgGPM0Uxm-DQ,Pushing Pastry Cafe,Cafes,ZFcE6HItnUzgGPM0Uxm-DQ,Cafes,29.9407898,-90.1020423,-2392.559452,-1744.011417,New Orleans,LA,4.5,7,0,1,true,false,,true,,,,"{""Monday"": ""6:0-17:0"", ""Tuesday"": ""6:0-19:0"", ""Wednesday"": ""6:0-19:0"", ""Thursday"": ""6:0-19:0"", ""Friday"": ""6:0-19:0"", ""Saturday"": ""7:0-18:0""}"
f5xvS-qajT5G84zXF07m8g__venues_and_event_spaces,f5xvS-qajT5G84zXF07m8g,Basin St. Station,Venues & Event Spaces,f5xvS-qajT5G84zXF07m8g,Venues & Event Spaces,29.9598288,-90.0707168,625.338351,373.031716,New Orleans,LA,4.0,26,1,,,,,true,,,,"{""Monday"": ""8:30-17:30"", ""Tuesday"": ""8:30-17:30"", ""Wednesday"": ""8:30-17:30"", ""Thursday"": ""8:30-17:30"", ""Friday"": ""8:30-17:30"", ""Saturday"": ""8:30-17:30"", ""Sunday"": ""8:30-17:30""}"
jMZ56S8Y1t7cA1Ob-d-qeA__american_(new),jMZ56S8Y1t7cA1Ob-d-qeA,Three Muses,American (New),jMZ56S8Y1t7cA1Ob-d-qeA,American (New),29.9632273,-90.0579277,1857.439891,750.928196,New Orleans,LA,4.0,1165,1,2,true,false,,true,full_bar,free,casual|classy,"{""Thursday"": ""16:0-22:0"", ""Friday"": ""16:0-22:0"", ""Saturday"": ""16:0-22:0"", ""Sunday"": ""16:0-22:0""}"
yAEKaEvsCNxOYv1M1kiQhg__breakfast_and_brunch,yAEKaEvsCNxOYv1M1kiQhg,Olive,Breakfast & Brunch,yAEKaEvsCNxOYv1M1kiQhg,Breakfast & Brunch,29.9510796,-90.0715760,542.563047,-599.836280,New Orleans,LA,5.0,76,1,,true,true,true,,none,free,,"{""Monday"": ""10:0-21:0"", ""Tuesday"": ""10:0-21:0"", ""Wednesday"": ""10:0-21:0"", ""Thursday"": ""10:0-21:0"", ""Friday"": ""10:0-22:0"", ""Saturday"": ""10:0-22:0"", ""Sunday"": ""10:0-21:0""}"
K4TlU26IH19tM_VvTMnpyg__cafes,K4TlU26IH19tM_VvTMnpyg,Rivista,Cafes,K4TlU26IH19tM_VvTMnpyg,Cafes,29.9208686,-90.0997285,-2169.648024,-3959.150849,New Orleans,LA,4.0,41,0,1,true,false,false,true,none,free,casual,"{""Tuesday"": ""7:0-17:0"", ""Wednesday"": ""7:0-17:0"", ""Thursday"": ""7:0-17:0"", ""Friday"": ""7:0-17:0"", ""Saturday"": ""8:0-15:0"", ""Sunday"": ""8:0-15:0""}"
QLUUaTj034zYVWiVl9tNvA__american_(traditional),QLUUaTj034zYVWiVl9tNvA,Café at The Square,American (Traditional),QLUUaTj034zYVWiVl9tNvA,American (Traditional),29.9492153,-90.0706026,636.340376,-807.137268,New Orleans,LA,4.0,293,1,2,true,true,false,true,full_bar,free,casual,"{""Monday"": ""7:0-20:0"", ""Tuesday"": ""7:0-20:0"", ""Wednesday"": ""7:0-20:0"", ""Thursday"": ""7:0-20:0"", ""Friday"": ""7:0-20:0"", ""Saturday"": ""8:0-13:0"", ""Sunday"": ""8:0-13:0""}"
VU9rKbmrj_Oh1VLvUI_yZg__coffee_and_tea,VU9rKbmrj_Oh1VLvUI_yZg,Community Coffee Company,Coffee & Tea,VU9rKbmrj_Oh1VLvUI_yZg,Coffee & Tea,29.9777423,-90.0810828,-373.321802,2364.924786,New Orleans,LA,3.0,5,1,1,,,true,,,,,
GBTPC53ZrG1ZBY3DT8Mbcw__cocktail_bars,GBTPC53ZrG1ZBY3DT8Mbcw,Luke,Cocktail Bars,GBTPC53ZrG1ZBY3DT8Mbcw,Cocktail Bars,29.9507416,-90.0704155,654.361509,-637.416704,New Orleans,LA,4.0,4554,1,2,true,true,,false,full_bar,free,classy,"{""Monday"": ""7:0-21:0"", ""Tuesday"": ""7:0-21:0"", ""Wednesday"": ""7:0-21:0"", ""Thursday"": ""7:0-21:0"", ""Friday"": ""7:0-22:0"", ""Saturday"": ""7:0-22:0"", ""Sunday"": ""7:0-21:0""}"
kvE2BJp9Rc8irEnbjnlNHA__fast_food,kvE2BJp9Rc8irEnbjnlNHA,Burger King,Fast Food,kvE2BJp9Rc8irEnbjnlNHA,Fast Food,30.0237812,-90.0617765,1486.646605,7484.223965,New Orleans,LA,1.5,11,1,1,true,true,,true,,free,,"{""Monday"": ""6:0-12:0"", ""Tuesday"": ""6:0-12:0"", ""Wednesday"": ""6:0-12:0"", ""Thursday"": ""6:0-12:0"", ""Friday"": ""6:0-20:0"", ""Saturday"": ""10:0-20:0"", ""Sunday"": ""6:0-21:0""}"
G1fQJ8k5U1gdX0vWODCZYA__pizza,G1fQJ8k5U1gdX0vWODCZYA,Cafe Nino,Pizza,G1fQJ8k5U1gdX0vWODCZYA,Pizza,29.9498630,-90.1274815,-4843.371275,-735.116215,New Orleans,LA,4.0,63,0,1,true,false,true,true,beer_and_wine,no,divey,
g04aAvgol7IW8buqSbT4xA__coffee_and_tea,g04aAvgol7IW8buqSbT4xA,Cafe Fleur De Lis,Coffee & Tea,g04aAvgol7IW8buqSbT4xA,Coffee & Tea,29.9544945,-90.0665915,1022.765930,-220.120960,New Orleans,LA,4.0,1865,1,2,true,,,true,full_bar,free,casual|classy,"{""Monday"": ""7:0-13:0"", ""Tuesday"": ""7:0-13:0"", ""Wednesday"": ""7:0-13:0"", ""Thursday"": ""7:0-13:0"", ""Friday"": ""7:0-13:0"", ""Saturday"": ""7:0-14:0"", ""Sunday"": ""7:0-14:0""}"
Ln5j6LRuXur3E5U86WjOJg__venues_and_event_spaces,Ln5j6LRuXur3E5U86WjOJg,Magazine Po-Boy Shop,Venues & Event Spaces,Ln5j6LRuXur3E5U86WjOJg,Venues & Event Spaces,29.9279293,-90.0789655,-169.341179,-3174.035746,New Orleans,LA,3.5,72,0,1,true,false,true,true,none,no,casual,"{""Monday"": ""7:30-16:0"", ""Tuesday"": ""7:30-16:0"", ""Wednesday"": ""7:30-16:0"", ""Thursday"": ""7:30-16:0"", ""Friday"": ""7:30-16:0"", ""Saturday"": ""10:0-16:30""}"
3wogQmKw729tKKWaVbZvbg__specialty_food,3wogQmKw729tKKWaVbZvbg,World Famous N'awlins Cafe & Spice Emporium,Specialty Food,3wogQmKw729tKKWaVbZvbg,Specialty Food,29.9600590,-90.0592230,1732.650725,398.628823,New Orleans,LA,2.5,295,1,2,true,false,true,true,none,no,casual|classy,"{""Monday"": ""8:0-18:0"", ""Tuesday"": ""8:0-18:0"", ""Wednesday"": ""8:0-18:0"", ""Thursday"": ""8:0-18:0"", ""Friday"": ""8:0-18:0"", ""Saturday"": ""8:0-18:0"", ""Sunday"": ""8:0-18:0""}"
HSb0mHv23zY42j2vcPtSyA__cafes,HSb0mHv23zY42j2vcPtSyA,Maple Street Patisserie et Bistro,Cafes,HSb0mHv23zY42j2vcPtSyA,Cafes,29.9624698,-90.1176115,-3892.494939,666.699946,New Orleans,LA,4.0,6,0,2,true,false,,,,,,"{""Monday"": ""7:30-16:0"", ""Tuesday"": ""7:30-16:0"", ""Wednesday"": ""7:30-16:0"", ""Thursday"": ""7:30-16:0"", ""Friday"": ""7:30-16:0"", ""Saturday"": ""7:30-15:0""}"
m5-FtgWRd4qA7j0vaOXiXQ__venues_and_event_spaces,m5-FtgWRd4qA7j0vaOXiXQ,Preservation Hall,Venues & Event Spaces,m5-FtgWRd4qA7j0vaOXiXQ,Venues & Event Spaces,29.9583052,-90.0654262,1135.039021,203.616926,New Orleans,LA,4.5,745,1,2,,,false,false,none,no,casual|classy,"{""Thursday"": ""17:0-20:15"", ""Friday"": ""17:0-20:15"", ""Saturday"": ""17:0-20:15"", ""Sunday"": ""17:0-20:15""}"
eJYvM2Zy5BloOYGldWmAVw__cafes,eJYvM2Zy5BloOYGldWmAVw,Chateau Cafe,Cafes,eJYvM2Zy5BloOYGldWmAVw,Cafes,30.0202243,-90.1114674,-3300.573325,7088.714184,New Orleans,LA,3.0,66,1,1,true,false,true,true,none,free,casual,"{""Monday"": ""6:45-20:0"", ""Tuesday"": ""6:45-20:0"", ""Wednesday"": ""6:45-20:0"", ""Thursday"": ""6:45-20:0"", ""Friday"": ""6:45-20:0"", ""Saturday"": ""6:45-20:0"", ""Sunday"": ""6:45-20:0""}"
1PMAO9O8iQ3gIZlPEaJN3g__cafes,1PMAO9O8iQ3gIZlPEaJN3g,One Stone Restaurant,Cafes,1PMAO9O8iQ3gIZlPEaJN3g,Cafes,29.9525998,-90.0512591,2499.892630,-430.797519,New Orleans,LA,4.0,30,0,1,true,false,true,true,none,free,,"{""Monday"": ""7:30-14:0"", ""Tuesday"": ""7:30-14:0"", ""Wednesday"": ""7:30-14:0"", ""Thursday"": ""17:30-21:0"", ""Friday"": ""7:30-21:0"", ""Saturday"": ""7:30-21:0"", ""Sunday"": ""7:30-14:0""}"
KSTWGtRlYowMIuFspfvAFg__fast_food,KSTWGtRlYowMIuFspfvAFg,Pizza Hut,Fast Food,KSTWGtRlYowMIuFspfvAFg,Fast Food,29.9995993,-90.0622879,1437.377072,4795.320903,New Orleans,LA,2.0,17,1,1,true,true,false,,,,,"{""Monday"": ""11:0-21:0"", ""Tuesday"": ""11:0-21:0"", ""Wednesday"": ""11:0-21:0"", ""Thursday"": ""11:0-21:0"", ""Friday"": ""11:0-21:0"", ""Saturday"": ""11:0-21:0"", ""Sunday"": ""11:0-21:0""}"
HZOh_ZsZ3eODD_yi4kJAMA__sandwiches,HZOh_ZsZ3eODD_yi4kJAMA,Jerusalem Cafe,Sandwiches,HZOh_ZsZ3eODD_yi4kJAMA,Sandwiches,29.9609623,-90.0588485,1768.730044,499.071339,New Orleans,LA,4.0,9,0,,true,true,false,,none,,,"{""Monday"": ""10:0-23:0"", ""Tuesday"": ""10:0-23:0"", ""Wednesday"": ""10:0-23:0"", ""Thursday"": ""10:0-23:0"", ""Friday"": ""10:0-2:0"", ""Saturday"": ""10:0-2:0"", ""Sunday"": ""10:0-23:0""}"
I6L0Zxi5Ww0zEWSAVgngeQ__cafes,I6L0Zxi5Ww0zEWSAVgngeQ,Cafe Beignet on Bourbon Street,Cafes,I6L0Zxi5Ww0zEWSAVgngeQ,Cafes,29.9558450,-90.0684361,845.060926,-69.947245,New Orleans,LA,3.5,1066,1,2,true,false,true,true,full_bar,no,casual|classy,"{""Monday"": ""0:0-0:0"", ""Tuesday"": ""8:0-15:0"", ""Wednesday"": ""8:0-15:0"", ""Thursday"": ""8:0-22:0"", ""Friday"": ""8:0-22:0"", ""Saturday"": ""8:0-22:0"", ""Sunday"": ""8:0-22:0""}"
pEkkIn1bhyACFb8vwvMxwg__seafood,pEkkIn1bhyACFb8vwvMxwg,Chappy's Restaurant,Seafood,pEkkIn1bhyACFb8vwvMxwg,Seafood,29.9227417,-90.1236834,-4477.458881,-3750.875625,New Orleans,LA,4.5,53,0,2,true,false,true,true,full_bar,,,"{""Monday"": ""17:0-22:0"", ""Tuesday"": ""17:0-22:0"", ""Wednesday"": ""17:0-22:0"", ""Thursday"": ""17:0-22:0"", ""Friday"": ""17:0-22:0"", ""Saturday"": ""17:0-22:0"", ""Sunday"": ""11:0-21:0""}"
8rD0vJdlnkQWhBadYNfsVA__cajun_creole,8rD0vJdlnkQWhBadYNfsVA,Rio Grande Tacos,Cajun/Creole,8rD0vJdlnkQWhBadYNfsVA,Cajun/Creole,29.9400391,-90.0218665,5331.574901,-1827.485563,New Orleans,LA,4.5,9,0,,,,,,,,,"{""Monday"": ""10:0-15:0"", ""Tuesday"": ""10:0-15:0"", ""Wednesday"": ""10:0-15:0"", ""Thursday"": ""10:0-15:0"", ""Friday"": ""10:0-15:0""}"
R6YhZypd362pEJvl1jN0EA__southern,R6YhZypd362pEJvl1jN0EA,House of Blues Restaurant & Bar,Southern,R6YhZypd362pEJvl1jN0EA,Southern,29.9533918,-90.0662829,1052.500154,-342.731494,New Orleans,LA,4.0,165,1,2,true,false,true,true,full_bar,free,casual|trendy,"{""Monday"": ""0:0-0:0"", ""Thursday"": ""15:0-21:0"", ""Friday"": ""15:0-22:0"", ""Saturday"": ""12:0-22:0"", ""Sunday"": ""12:0-21:0""}"
GRk8gQZaIJDsYxuz3oF3Vw__specialty_food,GRk8gQZaIJDsYxuz3oF3Vw,Pa Pa Pralines,Specialty Food,GRk8gQZaIJDsYxuz3oF3Vw,Specialty Food,29.9468473,-90.0620328,1461.955807,-1070.449698,New Orleans,LA,4.5,14,0,1,true,,,,,,,
oCbJpGl8IkH1WdYa25TDBA__burgers,oCbJpGl8IkH1WdYa25TDBA,Morrow's,Burgers,oCbJpGl8IkH1WdYa25TDBA,Burgers,29.9687482,-90.0510926,2515.933236,1364.825114,New Orleans,LA,4.0,831,1,2,true,true,,true,full_bar,no,casual|classy|hipster|intimate|trendy,"{""Monday"": ""0:0-0:0"", ""Tuesday"": ""11:0-22:0"", ""Wednesday"": ""11:0-22:0"", ""Thursday"": ""11:0-22:0"", ""Friday"": ""11:0-23:0"", ""Saturday"": ""11:0-23:0"", ""Sunday"": ""10:30-16:0""}"
neWdmzHgbpqSx62jynDd7A__seafood,neWdmzHgbpqSx62jynDd7A,Broussard's,Seafood,neWdmzHgbpqSx62jynDd7A,Seafood,29.9566431,-90.0680566,881.621945,18.797549,New Orleans,LA,3.5,63,0,3,false,false,true,false,full_bar,no,romantic,"{""Monday"": ""17:30-22:0"", ""Tuesday"": ""17:30-22:0"", ""Wednesday"": ""17:30-22:0"", ""Thursday"": ""17:30-22:0"", ""Friday"": ""17:30-22:0"", ""Saturday"": ""17:30-22:0"", ""Sunday"": ""17:30-22:0""}"
dq_B8fJB1oPo645xkwPSKQ__coffee_and_tea,dq_B8fJB1oPo645xkwPSKQ,French Truck Coffee,Coffee & Tea,dq_B8fJB1oPo645xkwPSKQ,Coffee & Tea,29.9760846,-90.0956664,-1778.302811,2180.594688,New Orleans,LA,4.0,17,1,,true,true,true,,,free,,"{""Monday"": ""0:0-0:0"", ""Tuesday"": ""6:30-18:0"", ""Wednesday"": ""6:30-14:0"", ""Thursday"": ""6:30-18:0"", ""Friday"": ""6:30-14:0"", ""Saturday"": ""7:30-18:0"", ""Sunday"": ""6:30-14:0""}"
YMdXDiRiNoKEAFen3XUWFw__coffee_and_tea,YMdXDiRiNoKEAFen3XUWFw,Upper Nine Doughnut Company,Coffee & Tea,YMdXDiRiNoKEAFen3XUWFw,Coffee & Tea,29.9634579,-90.0507011,2553.650335,776.569781,New Orleans,LA,3.5,6,0,1,,,,,,,,"{""Thursday"": ""8:0-18:0"", ""Friday"": ""8:0-18:0"", ""Saturday"": ""8:0-18:0""}"
F9xOZHCIRWFlHWOwfuK3HQ__venues_and_event_spaces,F9xOZHCIRWFlHWOwfuK3HQ,New Orleans Drink Lab,Venues & Event Spaces,F9xOZHCIRWFlHWOwfuK3HQ,Venues & Event Spaces,29.9513123,-90.0728678,418.108142,-573.965177,New Orleans,LA,5.0,34,1,,,,,,,,,"{""Wednesday"": ""14:0-19:0"", ""Thursday"": ""14:0-19:0"", ""Friday"": ""14:0-19:0"", ""Saturday"": ""14:0-19:0""}"
vN6v8m4DO45Z4pp8yxxF_w__cafes,vN6v8m4DO45Z4pp8yxxF_w,Surrey's Café & Juice Bar,Cafes,vN6v8m4DO45Z4pp8yxxF_w,Cafes,29.9357990,-90.0719060,510.770856,-2298.963823,New Orleans,LA,4.5,2084,1,2,true,,,true,none,no,casual|classy,"{""Monday"": ""8:0-15:0"", ""Thursday"": ""8:0-15:0"", ""Friday"": ""8:0-15:0"", ""Saturday"": ""8:0-15:0"", ""Sunday"": ""8:0-15:0""}"
UmjITdXHhEF46ho6IhaGQg__american_(traditional),UmjITdXHhEF46ho6IhaGQg,Dave & Buster's,American (Traditional),UmjITdXHhEF46ho6IhaGQg,American (Traditional),29.9505162,-90.0762040,96.699603,-662.484311,New Orleans,LA,2.0,351,1,2,true,true,false,true,full_bar,free,casual|trendy,"{""Monday"": ""0:0-0:0"", ""Tuesday"": ""10:0-23:59"", ""Wednesday"": ""10:0-23:59"", ""Thursday"": ""10:0-23:59"", ""Friday"": ""11:0-1:0"", ""Saturday"": ""17:0-0:0"", ""Sunday"": ""10:0-23:59""}"
-9yzQQ0d_rcOD2CzdTNO_Q__fast_food,-9yzQQ0d_rcOD2CzdTNO_Q,McDonald's,Fast Food,-9yzQQ0d_rcOD2CzdTNO_Q,Fast Food,30.0042439,-90.0364069,3930.754622,5311.769055,New Orleans,LA,2.0,20,1,1,true,true,false,true,,free,,"{""Monday"": ""0:0-0:0"", ""Tuesday"": ""0:0-0:0"", ""Wednesday"": ""0:0-0:0"", ""Thursday"": ""0:0-0:0"", ""Friday"": ""0:0-0:0"", ""Saturday"": ""0:0-0:0"", ""Sunday"": ""0:0-0:0""}"
hZ7Jo92R_3omlqK_80PaEw__american_(new),hZ7Jo92R_3omlqK_80PaEw,Blue Fin Poke,American (New),hZ7Jo92R_3omlqK_80PaEw,American (New),30.0202040,-90.1113110,-3285.505753,7086.456924,New Orleans,LA,3.5,15,0,,,,,,,,,"{""Monday"": ""11:0-21:0"", ""Tuesday"": ""11:0-21:0"", ""Wednesday"": ""11:0-21:0"", ""Thursday"": ""11:0-21:0"", ""Friday"": ""11:0-21:0"", ""Saturday"": ""11:0-21:0"", ""Sunday"": ""11:0-21:0""}"
VBWUdluhRQf5kqawykM6Nw__seafood,VBWUdluhRQf5kqawykM6Nw,Bayou Bistro Louisiana Cuisine,Seafood,VBWUdluhRQf5kqawykM6Nw,Seafood,29.9713325,-90.0923851,-1462.185071,1652.186560,New Orleans,LA,3.0,191,1,2,true,true,true,true,full_bar,no,casual,"{""Monday"": ""11:0-21:0"", ""Tuesday"": ""11:0-21:0"", ""Wednesday"": ""11:0-21:0"", ""Thursday"": ""11:0-21:0"", ""Friday"": ""11:0-23:0"", ""Saturday"": ""11:0-23:0"", ""Sunday"": ""11:0-21:0""}"
e4Vwtrqf-wpJfwesgvdgxQ__beer,e4Vwtrqf-wpJfwesgvdgxQ,Melt,Beer,e4Vwtrqf-wpJfwesgvdgxQ,Beer,29.9621020,-90.0879580,-1035.678380,625.800372,New Orleans,LA,4.0,32,0,2,true,false,true,true,full_bar,free,,"{""Monday"": ""0:0-0:0"", ""Friday"": ""11:0-17:0"", ""Sunday"": ""11:0-11:15""}"
S2Ho8yLxhKAa26pBAm6rxA__seafood,S2Ho8yLxhKAa26pBAm6rxA,Creole House Restaurant & Oyster Bar,Seafood,S2Ho8yLxhKAa26pBAm6rxA,Seafood,29.9522129,-90.0671158,972.258591,-473.818896,New Orleans,LA,4.0,1594,1,2,true,true,true,true,full_bar,free,casual|classy|touristy,"{""Monday"": ""7:0-23:0"", ""Tuesday"": ""7:0-23:0"", ""Wednesday"": ""7:0-23:0"", ""Thursday"": ""7:0-23:0"", ""Friday"": ""7:0-0:0"", ""Saturday"": ""7:0-0:0"", ""Sunday"": ""7:0-23:0""}"
XEuryfYZwcivUtijaZ5laQ__seafood,XEuryfYZwcivUtijaZ5laQ,Acme Oyster House - Harrahs,Seafood,XEuryfYZwcivUtijaZ5laQ,Seafood,29.9505701,-90.0656390,1114.531632,-656.485615,New Orleans,LA,3.0,205,0,2,true,false,false,false,full_bar,no,touristy|trendy,"{""Monday"": ""11:0-0:0"", ""Tuesday"": ""11:0-0:0"", ""Wednesday"": ""11:0-0:0"", ""Thursday"": ""11:0-0:0"", ""Friday"": ""11:0-5:0"", ""Saturday"": ""11:0-5:0"", ""Sunday"": ""11:0-0:0""}"
IjjMyZ-qx_ajVD29STchlQ__art_galleries,IjjMyZ-qx_ajVD29STchlQ,Gallery Rinard,Art Galleries,IjjMyZ-qx_ajVD29STchlQ,Art Galleries,29.9575278,-90.0654254,1135.111681,117.171836,New Orleans,LA,5.0,16,1,2,,,,false,,,,"{""Monday"": ""10:0-18:0"", ""Tuesday"": ""10:0-18:0"", ""Wednesday"": ""10:0-18:0"", ""Thursday"": ""10:0-18:0"", ""Friday"": ""10:0-18:0"", ""Saturday"": ""10:0-18:0"", ""Sunday"": ""10:0-18:0""}"
3ZKNgX3W9R9rem9hkhdkfg__beer,3ZKNgX3W9R9rem9hkhdkfg,Keife & Co,Beer,3ZKNgX3W9R9rem9hkhdkfg,Beer,29.9441458,-90.0735644,351.000646,-1370.840727,New Orleans,LA,4.5,45,1,2,false,,,,,,,"{""Monday"": ""0:0-0:0"", ""Tuesday"": ""10:0-19:0"", ""Wednesday"": ""10:0-19:0"", ""Thursday"": ""10:0-19:0"", ""Friday"": ""10:0-19:0"", ""Saturday"": ""10:0-19:0""}"
Scai7ZFQLGAInHruaWFRoA__cocktail_bars,Scai7ZFQLGAInHruaWFRoA,Empire Bar,Cocktail Bars,Scai7ZFQLGAInHruaWFRoA,Cocktail Bars,29.9566205,-90.0681038,877.074699,16.284540,New Orleans,LA,4.5,32,1,2,,,true,,full_bar,,classy|intimate|romantic,"{""Thursday"": ""15:0-21:30"", ""Friday"": ""10:30-20:0"", ""Saturday"": ""10:0-21:0"", ""Sunday"": ""10:0-17:0""}"
g10CUV0LY50kLHMn5wgS_g__american_(traditional),g10CUV0LY50kLHMn5wgS_g,Willie's Chicken Shack,American (Traditional),g10CUV0LY50kLHMn5wgS_g,American (Traditional),29.9535507,-90.0690745,783.557488,-325.062117,New Orleans,LA,3.5,214,1,2,true,true,false,true,full_bar,no,casual|touristy,"{""Monday"": ""11:0-1:0"", ""Tuesday"": ""11:0-1:0"", ""Wednesday"": ""11:0-1:0"", ""Thursday"": ""11:0-1:0"", ""Friday"": ""10:0-1:0"", ""Saturday"": ""10:0-1:0"", ""Sunday"": ""10:0-1:0""}"
196CWwMAtAcA21jYiMyRzg__seafood,196CWwMAtAcA21jYiMyRzg,Cafe Pontalba,Seafood,196CWwMAtAcA21jYiMyRzg,Seafood,29.9572253,-90.0638432,1287.538945,83.531544,New Orleans,LA,3.0,560,1,2,true,false,true,true,full_bar,no,casual|touristy,"{""Monday"": ""10:30-21:0"", ""Tuesday"": ""10:30-21:0"", ""Wednesday"": ""10:30-21:0"", ""Thursday"": ""10:30-21:0"", ""Friday"": ""10:30-21:0"", ""Saturday"": ""9:0-21:0"", ""Sunday"": ""9:0-21:0""}"
g5ogvPhw3PSobtaZFkdEXg__desserts,g5ogvPhw3PSobtaZFkdEXg,Bittersweet Confections,Desserts,g5ogvPhw3PSobtaZFkdEXg,Desserts,29.9463033,-90.0690601,784.946488,-1130.937208,New Orleans,LA,4.5,351,1,2,true,true,,true,none,free,classy,"{""Tuesday"": ""7:30-14:0"", ""Wednesday"": ""7:30-14:0"", ""Thursday"": ""7:30-14:0"", ""Friday"": ""7:30-14:0"", ""Saturday"": ""7:30-14:0""}"
pTeatktHioSoawLSCzfgKg__coffee_and_tea,pTeatktHioSoawLSCzfgKg,Catahoula Coffee Shop,Coffee & Tea,pTeatktHioSoawLSCzfgKg,Coffee & Tea,29.9518970,-90.0730787,397.792970,-508.945422,New Orleans,LA,4.5,6,0,1,false,,true,,,free,,"{""Monday"": ""16:0-22:0"", ""Tuesday"": ""16:0-22:0"", ""Wednesday"": ""16:0-22:0"", ""Thursday"": ""16:0-22:0"", ""Friday"": ""16:0-0:0"", ""Saturday"": ""16:0-0:0"", ""Sunday"": ""16:0-22:0""}"
7GmQ9LYOoHuvsiaIJuLykQ__american_(traditional),7GmQ9LYOoHuvsiaIJuLykQ,Saint Cecilia,American (Traditional),7GmQ9LYOoHuvsiaIJuLykQ,American (Traditional),29.9610996,-90.0583835,1813.528132,514.338424,New Orleans,LA,4.5,205,0,2,true,,true,true,full_bar,no,casual|classy|trendy,"{""Monday"": ""10:0-18:0"", ""Thursday"": ""10:0-18:0"", ""Friday"": ""10:0-20:0"", ""Saturday"": ""10:0-20:0"", ""Sunday"": ""10:0-18:0""}"
ZzUmS_q7dozC_szqb_YOcA__fitness_and_instruction,ZzUmS_q7dozC_szqb_YOcA,Love Swimming,Fitness & Instruction,ZzUmS_q7dozC_szqb_YOcA,Fitness & Instruction,29.9160349,-90.1118017,-3332.779778,-4496.634508,New Orleans,LA,3.5,14,1,,,,,true,,free,,"{""Monday"": ""10:0-20:0"", ""Tuesday"": ""11:0-20:0"", ""Wednesday"": ""10:0-20:0"", ""Thursday"": ""11:0-20:0"", ""Friday"": ""11:0-20:0"", ""Saturday"": ""9:0-17:0""}"
edO1Rej_-_I4vPSVYIZ5NQ__pizza,edO1Rej_-_I4vPSVYIZ5NQ,Pizzicare,Pizza,edO1Rej_-_I4vPSVYIZ5NQ,Pizza,29.9636392,-90.0942840,-1645.125045,796.729450,New Orleans,LA,3.0,39,0,2,true,true,false,true,none,free,,"{""Monday"": ""11:0-21:0"", ""Tuesday"": ""11:0-21:0"", ""Wednesday"": ""11:0-21:0"", ""Thursday"": ""11:0-21:0"", ""Friday"": ""11:0-21:0"", ""Saturday"": ""11:0-21:0""}"
YUDcLokFMZOtyWAmVY3jwA__seafood,YUDcLokFMZOtyWAmVY3jwA,Landry's Seafood House,Seafood,YUDcLokFMZOtyWAmVY3jwA,Seafood,29.9565245,-90.0627400,1393.823042,5.609812,New Orleans,LA,3.5,279,1,2,true,true,true,true,full_bar,free,casual|touristy|trendy,"{""Monday"": ""11:30-21:0"", ""Tuesday"": ""11:30-21:0"", ""Wednesday"": ""11:30-21:0"", ""Thursday"": ""11:30-21:0"", ""Friday"": ""11:30-0:30"", ""Saturday"": ""11:30-21:30"", ""Sunday"": ""11:30-21:0""}"
hehd01egY8RSpCxnPyMbQA__venues_and_event_spaces,hehd01egY8RSpCxnPyMbQA,Loa Bar,Venues & Event Spaces,hehd01egY8RSpCxnPyMbQA,Venues & Event Spaces,29.9512699,-90.0689859,792.097005,-578.679893,New Orleans,LA,4.0,118,1,2,,,false,,full_bar,paid,classy,"{""Wednesday"": ""17:0-23:0"", ""Thursday"": ""17:0-23:0"", ""Friday"": ""17:0-23:0"", ""Saturday"": ""17:0-23:0""}"
oyrz4wG_0cI2xStw8Ct22Q__cafes,oyrz4wG_0cI2xStw8Ct22Q,Petite Rouge Cafe ,Cafes,oyrz4wG_0cI2xStw8Ct22Q,Cafes,29.9474216,-90.1133301,-3480.025791,-1006.587884,New Orleans,LA,4.5,40,1,1,true,false,true,,none,free,,"{""Monday"": ""7:30-16:0"", ""Tuesday"": ""7:30-16:0"", ""Wednesday"": ""7:30-16:0"", ""Thursday"": ""7:30-16:0"", ""Friday"": ""7:30-16:0"", ""Saturday"": ""7:30-16:0"", ""Sunday"": ""7:30-16:0""}"
GZDkhotwnmGlpYUKxAwobw__southern,GZDkhotwnmGlpYUKxAwobw,Bullard Seafood and Grill,Southern,GZDkhotwnmGlpYUKxAwobw,Southern,30.0481760,-89.9622058,11079.285087,10196.805708,New Orleans,LA,3.5,41,1,1,true,true,false,true,none,free,casual,"{""Monday"": ""10:0-21:0"", ""Tuesday"": ""10:0-21:0"", ""Wednesday"": ""10:0-21:0"", ""Thursday"": ""10:0-21:0"", ""Friday"": ""10:0-21:0"", ""Saturday"": ""10:0-21:0"", ""Sunday"": ""10:30-21:0""}"
q4aAaxdN4wmUZoC6sKEwsw__southern,q4aAaxdN4wmUZoC6sKEwsw,Carrollton Market,Southern,q4aAaxdN4wmUZoC6sKEwsw,Southern,29.9443070,-90.1343254,-5502.712412,-1352.916081,New Orleans,LA,4.5,192,0,3,false,false,false,false,full_bar,no,classy|intimate,"{""Tuesday"": ""17:0-22:0"", ""Wednesday"": ""17:0-22:0"", ""Thursday"": ""17:0-22:0"", ""Friday"": ""17:0-22:0"", ""Saturday"": ""17:0-22:0"", ""Sunday"": ""10:0-14:0""}"
V1n-wIrt5xtI0VIAxIP5dA__seafood,V1n-wIrt5xtI0VIAxIP5dA,BOIL Seafood House,Seafood,V1n-wIrt5xtI0VIAxIP5dA,Seafood,29.9229600,-90.0886304,-1100.457377,-3726.597458,New Orleans,LA,4.0,650,1,2,true,true,true,true,full_bar,no,casual|classy|touristy|trendy,"{""Monday"": ""0:0-0:0"", ""Tuesday"": ""15:0-22:0"", ""Wednesday"": ""15:0-22:0"", ""Thursday"": ""15:0-22:0"", ""Friday"": ""11:0-22:0"", ""Saturday"": ""11:0-22:0"", ""Sunday"": ""11:0-22:0""}"
WJcPpXwJC-iYThi2zpdvSw__sandwiches,WJcPpXwJC-iYThi2zpdvSw,McAlisters Select,Sandwiches,WJcPpXwJC-iYThi2zpdvSw,Sandwiches,29.9493094,-90.0653102,1146.209101,-796.679104,New Orleans,LA,1.5,6,1,1,true,true,false,true,,,,"{""Monday"": ""11:0-0:0"", ""Tuesday"": ""11:0-0:0"", ""Wednesday"": ""11:0-0:0"", ""Thursday"": ""11:0-0:0"", ""Friday"": ""11:0-2:0"", ""Saturday"": ""11:0-2:0"", ""Sunday"": ""11:0-0:0""}"
Crwv3yAmCFweHFKQJJez5w__pizza,Crwv3yAmCFweHFKQJJez5w,Favela Chic,Pizza,Crwv3yAmCFweHFKQJJez5w,Pizza,29.9633359,-90.0576356,1885.580797,763.003982,New Orleans,LA,3.5,90,1,2,true,true,false,false,full_bar,,casual|divey,"{""Monday"": ""18:0-2:0"", ""Tuesday"": ""18:0-2:0"", ""Wednesday"": ""18:0-2:0"", ""Thursday"": ""18:0-2:0"", ""Friday"": ""18:0-2:0"", ""Saturday"": ""18:0-2:0"", ""Sunday"": ""18:0-2:0""}"
bWiOMj0g9ub53j1l8TJqSg__seafood,bWiOMj0g9ub53j1l8TJqSg,Hieux Boil Seafood House,Seafood,bWiOMj0g9ub53j1l8TJqSg,Seafood,29.9691105,-90.1057680,-2751.493287,1405.111092,New Orleans,LA,4.0,67,1,,true,true,true,,full_bar,,,"{""Monday"": ""0:0-0:0"", ""Tuesday"": ""15:0-22:0"", ""Wednesday"": ""15:0-22:0"", ""Thursday"": ""15:0-22:0"", ""Friday"": ""11:0-22:0"", ""Saturday"": ""11:0-22:0"", ""Sunday"": ""11:0-22:0""}"
8DsUgNIC4q7XBFmR9I-V1w__desserts,8DsUgNIC4q7XBFmR9I-V1w,Cookies & Cocktails,Desserts,8DsUgNIC4q7XBFmR9I-V1w,Desserts,29.9517074,-90.0801852,-286.847043,-530.028009,New Orleans,LA,4.5,8,1,,,,,false,,,,
oLc7k78_YcDMnMCdbC-h1A__american_(traditional),oLc7k78_YcDMnMCdbC-h1A,Lucy's Retired Surfers Bar & Restaurant,American (Traditional),oLc7k78_YcDMnMCdbC-h1A,American (Traditional),29.9464139,-90.0675418,931.217763,-1118.639166,New Orleans,LA,3.5,514,1,2,true,true,true,true,full_bar,free,casual|classy,"{""Monday"": ""11:0-23:0"", ""Tuesday"": ""11:0-23:0"", ""Wednesday"": ""11:0-23:0"", ""Thursday"": ""11:0-23:0"", ""Friday"": ""11:0-2:0"", ""Saturday"": ""11:0-2:0"", ""Sunday"": ""11:0-23:0""}"
LAUvZGqjB6edmeD1RTX6fQ__sandwiches,LAUvZGqjB6edmeD1RTX6fQ,St Roch Kitchen,Sandwiches,LAUvZGqjB6edmeD1RTX6fQ,Sandwiches,30.0193582,-89.9632707,10976.696330,6992.403966,New Orleans,LA,3.5,9,1,,true,false,,true,,,,"{""Monday"": ""5:30-15:0"", ""Tuesday"": ""5:30-15:0"", ""Wednesday"": ""5:30-15:0"", ""Thursday"": ""5:30-15:0"", ""Friday"": ""5:30-15:0"", ""Saturday"": ""5:30-15:0""}"
5uTEok3Z0YICni8NxeDZXw__fast_food,5uTEok3Z0YICni8NxeDZXw,Raising Cane's Chicken Fingers,Fast Food,5uTEok3Z0YICni8NxeDZXw,Fast Food,29.9440020,-90.0621300,1452.590425,-1386.830580,New Orleans,LA,4.0,36,1,1,true,false,true,true,none,free,casual,"{""Monday"": ""10:0-21:0"", ""Tuesday"": ""10:0-21:0"", ""Wednesday"": ""10:0-21:0"", ""Thursday"": ""10:0-21:0"", ""Friday"": ""10:0-21:0"", ""Saturday"": ""10:0-21:0"", ""Sunday"": ""10:0-19:0""}"
Rx5lfHMWkezmQjCfr2ziAw__specialty_food,Rx5lfHMWkezmQjCfr2ziAw,Eat-well Food Mart,Specialty Food,Rx5lfHMWkezmQjCfr2ziAw,Specialty Food,29.9654875,-90.0878568,-1025.928774,1002.251316,New Orleans,LA,4.5,126,1,1,true,true,false,true,beer_and_wine,no,,"{""Monday"": ""7:0-20:0"", ""Tuesday"": ""7:0-20:0"", ""Wednesday"": ""7:0-20:0"", ""Thursday"": ""7:0-20:0"", ""Friday"": ""7:0-20:0"", ""Saturday"": ""8:0-20:0""}"
r6DogeV6TtvZXZ2sMemibg__specialty_food,r6DogeV6TtvZXZ2sMemibg,Creole Country Sausage Factory,Specialty Food,r6DogeV6TtvZXZ2sMemibg,Specialty Food,29.9783757,-90.0979882,-2001.987570,2435.355749,New Orleans,LA,4.0,17,1,2,false,,,,,,,
WaP_umj3dFLzYicrOanRBA__fast_food,WaP_umj3dFLzYicrOanRBA,Subway,Fast Food,WaP_umj3dFLzYicrOanRBA,Fast Food,29.9557975,-90.0813517,-399.227621,-75.225253,New Orleans,LA,2.5,5,0,1,true,,false,,none,,,"{""Monday"": ""6:30-21:0"", ""Tuesday"": ""6:30-21:0"", ""Wednesday"": ""6:30-21:0"", ""Thursday"": ""6:30-21:0"", ""Friday"": ""6:30-21:0"", ""Saturday"": ""8:0-20:0"", ""Sunday"": ""9:0-15:0""}"
oo88TE2jCxYfIen_oWFjdA__specialty_food,oo88TE2jCxYfIen_oWFjdA,Shank Charcuterie,Specialty Food,oo88TE2jCxYfIen_oWFjdA,Specialty Food,29.9686758,-90.0528473,2346.887114,1356.772067,New Orleans,LA,4.5,44,0,2,true,false,true,true,beer_and_wine,free,,"{""Tuesday"": ""11:0-19:0"", ""Wednesday"": ""11:0-19:0"", ""Thursday"": ""11:0-19:0"", ""Friday"": ""11:0-19:0"", ""Saturday"": ""11:0-19:0"", ""Sunday"": ""11:0-17:0""}"
UYhbbpuD199E7BabX93vAg__seafood,UYhbbpuD199E7BabX93vAg,Buggin' Out Boils,Seafood,UYhbbpuD199E7BabX93vAg,Seafood,29.9682679,-90.0326531,4292.394155,1311.418117,New Orleans,LA,5.0,5,1,,,,,,,,,"{""Monday"": ""0:0-0:0"", ""Tuesday"": ""0:0-0:0"", ""Wednesday"": ""0:0-0:0"", ""Thursday"": ""0:0-0:0"", ""Friday"": ""0:0-0:0"", ""Saturday"": ""0:0-0:0"", ""Sunday"": ""0:0-0:0""}"
4WdDY97x4GdMYtyk1KQMnw__cafes,4WdDY97x4GdMYtyk1KQMnw,Lilly's Cafe,Cafes,4WdDY97x4GdMYtyk1KQMnw,Cafes,29.9321230,-90.0735046,356.758741,-2707.716938,New Orleans,LA,4.5,777,1,2,,,,true,none,no,casual,"{""Monday"": ""0:0-0:0"", ""Tuesday"": ""11:0-21:0"", ""Wednesday"": ""11:0-21:0"", ""Thursday"": ""11:0-21:0"", ""Friday"": ""11:0-21:0"", ""Saturday"": ""11:0-21:0""}"
fYKYAmop0MfbMAyEeOgF3g__fitness_and_instruction,fYKYAmop0MfbMAyEeOgF3g,Orangetheory Fitness New Orleans - Mid City,Fitness & Instruction,fYKYAmop0MfbMAyEeOgF3g,Fitness & Instruction,29.9775386,-90.1000152,-2197.268694,2342.274348,New Orleans,LA,4.0,62,1,,,,,false,,,,
rmPlBsLaXv9mMPltIZO5hw__desserts,rmPlBsLaXv9mMPltIZO5hw,Fulton Street Cafe,Desserts,rmPlBsLaXv9mMPltIZO5hw,Desserts,29.9419651,-90.0652612,1150.930704,-1613.323839,New Orleans,LA,3.0,24,0,,true,false,,true,,free,,"{""Monday"": ""7:0-15:0"", ""Tuesday"": ""7:0-15:0"", ""Wednesday"": ""7:0-15:0"", ""Thursday"": ""7:0-15:0"", ""Friday"": ""7:0-15:0"", ""Saturday"": ""7:0-15:0"", ""Sunday"": ""7:0-15:0""}"
wq_NK_p2C_5tKdGdz2YOrA__pizza,wq_NK_p2C_5tKdGdz2YOrA,Crescent City Pizza Works,Pizza,wq_NK_p2C_5tKdGdz2YOrA,Pizza,29.9589180,-90.0610870,1553.073016,271.755237,New Orleans,LA,1.5,8,1,,true,true,,,,,,"{""Monday"": ""0:0-0:0"", ""Tuesday"": ""11:0-4:0"", ""Wednesday"": ""11:0-4:0"", ""Thursday"": ""11:0-4:0"", ""Friday"": ""11:0-4:0"", ""Saturday"": ""11:0-4:0"", ""Sunday"": ""11:0-4:0""}"
Q_Wo3rX84Dy-YdQsiDmrWw__cajun_creole,Q_Wo3rX84Dy-YdQsiDmrWw,Chickie Wah Wah,Cajun/Creole,Q_Wo3rX84Dy-YdQsiDmrWw,Cajun/Creole,29.9665929,-90.0897354,-1206.913046,1125.166358,New Orleans,LA,4.0,126,1,2,true,false,true,false,full_bar,free,casual,"{""Monday"": ""16:0-0:0"", ""Tuesday"": ""16:0-0:0"", ""Wednesday"": ""16:0-0:0"", ""Thursday"": ""16:0-0:0"", ""Friday"": ""16:0-0:0"", ""Saturday"": ""18:0-0:0"", ""Sunday"": ""18:0-0:0""}"
sD6qoFbuvGPbQyFDLimdyw__fitness_and_instruction,sD6qoFbuvGPbQyFDLimdyw,YouFit Gyms,Fitness & Instruction,sD6qoFbuvGPbQyFDLimdyw,Fitness & Instruction,29.9212251,-90.0115174,6328.606908,-3919.507056,New Orleans,LA,3.0,14,1,,,,,false,,free,,"{""Monday"": ""0:0-0:0"", ""Tuesday"": ""5:0-22:0"", ""Wednesday"": ""5:0-22:0"", ""Thursday"": ""5:0-22:0"", ""Friday"": ""5:0-16:0"", ""Saturday"": ""8:0-18:0"", ""Sunday"": ""8:0-18:0""}"
5W4qgffwg3bWynEV2Y8Z_A__specialty_food,5W4qgffwg3bWynEV2Y8Z_A,Smoothie King,Specialty Food,5W4qgffwg3bWynEV2Y8Z_A,Specialty Food,29.9526600,-90.0781900,-94.629530,-424.103575,New Orleans,LA,3.5,13,1,2,true,true,,,,no,,"{""Monday"": ""0:0-0:0"", ""Tuesday"": ""9:0-15:0"", ""Wednesday"": ""7:0-19:0"", ""Thursday"": ""7:0-19:0"", ""Friday"": ""7:0-19:0"", ""Saturday"": ""9:0-20:0"", ""Sunday"": ""11:0-18:0""}"
a1u9Bxrq_fZxl2pgqQUcJA__american_(new),a1u9Bxrq_fZxl2pgqQUcJA,The Governor,American (New),a1u9Bxrq_fZxl2pgqQUcJA,American (New),29.9544553,-90.0667755,1005.043084,-224.475048,New Orleans,LA,4.5,330,0,2,,,,true,full_bar,free,casual|classy,"{""Monday"": ""8:0-22:0"", ""Tuesday"": ""9:0-0:0"", ""Wednesday"": ""8:0-22:0"", ""Thursday"": ""9:0-22:0"", ""Friday"": ""8:0-22:0"", ""Saturday"": ""8:0-22:0"", ""Sunday"": ""8:0-22:0""}"
ompDR5sUDpoI6gnTldmneQ__specialty_food,ompDR5sUDpoI6gnTldmneQ,The Praline Connection,Specialty Food,ompDR5sUDpoI6gnTldmneQ,Specialty Food,29.9634035,-90.0579092,1859.222180,770.520769,New Orleans,LA,3.5,770,0,2,true,false,false,true,full_bar,no,casual,"{""Monday"": ""11:0-22:0"", ""Tuesday"": ""11:0-22:0"", ""Wednesday"": ""11:0-22:0"", ""Thursday"": ""11:0-22:0"", ""Friday"": ""11:0-22:0"", ""Saturday"": ""11:0-22:0"", ""Sunday"": ""11:0-21:0""}"
eoI-rJfnSV_rLjqRXXSWSw__cafes,eoI-rJfnSV_rLjqRXXSWSw,"The Stacks, Art and Design Bookstore",Cafes,eoI-rJfnSV_rLjqRXXSWSw,Cafes,29.9435888,-90.0705161,644.673783,-1432.776387,New Orleans,LA,4.5,6,0,2,,,,true,,,,"{""Monday"": ""10:0-17:0"", ""Tuesday"": ""10:0-17:0"", ""Wednesday"": ""10:0-17:0"", ""Thursday"": ""10:0-17:0"", ""Friday"": ""10:0-17:0"", ""Saturday"": ""11:0-17:0"", ""Sunday"": ""11:0-17:0""}"
DfkO7MHuy2wxgeUZ2-o3BA__fast_food,DfkO7MHuy2wxgeUZ2-o3BA,Subway,Fast Food,DfkO7MHuy2wxgeUZ2-o3BA,Fast Food,29.9519851,-90.0696791,725.306410,-499.143575,New Orleans,LA,3.0,8,0,1,true,false,false,true,,,,"{""Monday"": ""7:0-17:0"", ""Tuesday"": ""7:0-17:0"", ""Wednesday"": ""7:0-17:0"", ""Thursday"": ""7:0-17:0"", ""Friday"": ""7:0-17:0"", ""Saturday"": ""10:0-15:0"", ""Sunday"": ""10:0-15:0""}"
Y6YQk54WKsNCO3rj2Ec5Qw__art_galleries,Y6YQk54WKsNCO3rj2Ec5Qw,Secondline Arts And Antiques,Art Galleries,Y6YQk54WKsNCO3rj2Ec5Qw,Art Galleries,29.9610992,-90.0594050,1715.116850,514.293946,New Orleans,LA,4.5,34,1,2,,,,,,no,,"{""Monday"": ""0:0-0:0"", ""Thursday"": ""10:0-18:0"", ""Friday"": ""10:0-20:0"", ""Saturday"": ""10:0-20:0"", ""Sunday"": ""10:0-19:0""}"
ndRRvkUHQ1ruKBjdgP7kcQ__sandwiches,ndRRvkUHQ1ruKBjdgP7kcQ,Back To the Garden,Sandwiches,ndRRvkUHQ1ruKBjdgP7kcQ,Sandwiches,29.9443708,-90.0743717,273.226051,-1345.821779,New Orleans,LA,4.0,33,0,1,true,true,false,true,none,no,casual,"{""Monday"": ""7:30-16:0"", ""Tuesday"": ""7:30-16:0"", ""Wednesday"": ""7:30-16:0"", ""Thursday"": ""7:30-16:0"", ""Friday"": ""7:30-16:0""}"
MUPQLHG21BRnW_qmsCGC-w__desserts,MUPQLHG21BRnW_qmsCGC-w,The Fudgery,Desserts,MUPQLHG21BRnW_qmsCGC-w,Desserts,29.9565312,-90.0628928,1379.099818,6.352328,New Orleans,LA,4.5,67,1,2,true,true,,,,no,,"{""Monday"": ""10:0-22:0"", ""Tuesday"": ""10:0-22:0"", ""Wednesday"": ""10:0-22:0"", ""Thursday"": ""10:0-22:0"", ""Friday"": ""10:0-23:0"", ""Saturday"": ""10:0-23:0"", ""Sunday"": ""10:0-22:0""}"
xJ3NSwE0xhdtA-tB_y_rNQ__seafood,xJ3NSwE0xhdtA-tB_y_rNQ,Jack Dempsey's Restaurant & Bar,Seafood,xJ3NSwE0xhdtA-tB_y_rNQ,Seafood,29.9615150,-90.0327443,4283.607950,560.528860,New Orleans,LA,4.0,168,1,2,true,false,false,true,full_bar,no,casual|classy,"{""Tuesday"": ""11:0-14:0"", ""Wednesday"": ""11:0-20:0"", ""Thursday"": ""11:0-20:0"", ""Friday"": ""11:0-21:0"", ""Saturday"": ""12:0-21:0""}"
6F8BtCbhjXjvXTcdDQ968Q__cafes,6F8BtCbhjXjvXTcdDQ968Q,Cafe Hope's Green Dot Cafe,Cafes,6F8BtCbhjXjvXTcdDQ968Q,Cafes,29.9489780,-90.1035100,-2533.957629,-833.523861,New Orleans,LA,4.5,8,0,1,true,false,true,true,,free,,"{""Monday"": ""9:0-17:0"", ""Tuesday"": ""9:0-17:0"", ""Wednesday"": ""9:0-17:0"", ""Thursday"": ""9:0-17:0"", ""Friday"": ""9:0-16:30"", ""Saturday"": ""9:0-16:30""}"
Lj-IAHqWRKMw3kVqJmcQkg__fitness_and_instruction,Lj-IAHqWRKMw3kVqJmcQkg,Aikido of New Orleans,Fitness & Instruction,Lj-IAHqWRKMw3kVqJmcQkg,Fitness & Instruction,29.9296025,-90.0763739,80.333494,-2987.984138,New Orleans,LA,5.0,5,1,,,,,true,,,,"{""Monday"": ""18:30-21:0"", ""Tuesday"": ""17:0-19:0"", ""Wednesday"": ""18:0-20:0"", ""Thursday"": ""18:30-20:0"", ""Friday"": ""19:0-20:0"", ""Saturday"": ""10:30-11:30"", ""Sunday"": ""13:0-14:0""}"
3ld-M9oahBBBBaSPm-zXnw__burgers,3ld-M9oahBBBBaSPm-zXnw,Le Booze,Burgers,3ld-M9oahBBBBaSPm-zXnw,Burgers,29.9556739,-90.0678204,904.377447,-88.972723,New Orleans,LA,3.5,21,1,2,false,false,false,false,full_bar,no,classy,"{""Thursday"": ""15:0-22:0"", ""Friday"": ""15:0-22:0"", ""Saturday"": ""15:0-22:0"", ""Sunday"": ""15:0-22:0""}"
LjXS6sgzY6-kX2WKPykx_A__coffee_and_tea,LjXS6sgzY6-kX2WKPykx_A,Starbucks,Coffee & Tea,LjXS6sgzY6-kX2WKPykx_A,Coffee & Tea,29.9497110,-90.0699250,701.620341,-752.017867,New Orleans,LA,3.0,36,1,2,true,,false,,,free,,"{""Monday"": ""0:0-0:0"", ""Tuesday"": ""5:0-20:0"", ""Wednesday"": ""5:0-20:0"", ""Thursday"": ""5:0-20:0"", ""Friday"": ""5:0-21:0"", ""Saturday"": ""5:0-21:0"", ""Sunday"": ""5:0-21:0""}"
7jSm5z3n2JfDHsFAXgYK-g__art_galleries,7jSm5z3n2JfDHsFAXgYK-g,Mystic Blue Signs,Art Galleries,7jSm5z3n2JfDHsFAXgYK-g,Art Galleries,29.9292520,-90.0769853,21.431235,-3026.958013,New Orleans,LA,3.5,11,1,2,,,,true,,,,"{""Tuesday"": ""10:30-17:0"", ""Wednesday"": ""10:30-17:0"", ""Thursday"": ""10:30-17:0"", ""Friday"": ""10:30-17:0"", ""Saturday"": ""10:30-17:0""}"
IjDAMNQNE3km-XIAJKpA0g__beer,IjDAMNQNE3km-XIAJKpA0g,Oak St Brewery,Beer,IjDAMNQNE3km-XIAJKpA0g,Beer,29.9483769,-90.1306700,-5150.551277,-900.363224,New Orleans,LA,4.5,9,1,,true,false,false,,,free,,"{""Monday"": ""0:0-0:0"", ""Tuesday"": ""12:0-21:0"", ""Wednesday"": ""12:0-21:0"", ""Thursday"": ""12:0-21:0"", ""Friday"": ""12:0-17:0"", ""Saturday"": ""12:0-22:0"", ""Sunday"": ""12:0-21:0""}"
sJz2WhvVGW8jsdQhZ_BlUQ__beer,sJz2WhvVGW8jsdQhZ_BlUQ,Foundation Room,Beer,sJz2WhvVGW8jsdQhZ_BlUQ,Beer,29.9533488,-90.0662829,1052.500154,-347.512404,New Orleans,LA,4.5,60,1,2,false,false,false,false,full_bar,free,classy|trendy,"{""Monday"": ""0:0-0:0"", ""Thursday"": ""18:0-22:0"", ""Friday"": ""18:0-22:0"", ""Saturday"": ""18:0-22:0""}"
txj3fsAeIvW7m6RtnzxMzQ__beer,txj3fsAeIvW7m6RtnzxMzQ,Union Station Pub & Grill,Beer,txj3fsAeIvW7m6RtnzxMzQ,Beer,29.9448250,-90.0729890,406.434666,-1295.317029,New Orleans,LA,4.0,9,0,1,true,true,true,false,full_bar,free,divey,"{""Monday"": ""11:0-2:0"", ""Tuesday"": ""11:0-2:0"", ""Wednesday"": ""11:0-2:0"", ""Thursday"": ""11:0-2:0"", ""Friday"": ""11:0-4:0"", ""Saturday"": ""11:0-4:0"", ""Sunday"": ""11:0-2:0""}"
dNhuI4zka3WDhbfksalj5w__cajun_creole,dNhuI4zka3WDhbfksalj5w,Willie's Chicken Shack,Cajun/Creole,dNhuI4zka3WDhbfksalj5w,Cajun/Creole,29.9582842,-90.0658012,1098.907119,201.279795,New Orleans,LA,3.5,83,1,2,true,false,false,true,full_bar,no,casual|divey|touristy,"{""Monday"": ""11:0-1:0"", ""Tuesday"": ""11:0-1:0"", ""Wednesday"": ""11:0-1:0"", ""Thursday"": ""11:0-1:0"", ""Friday"": ""10:0-1:0"", ""Saturday"": ""10:0-1:0"", ""Sunday"": ""10:0-1:0""}"
V4Kkuej274hGsnd3QM2f_Q__beer,V4Kkuej274hGsnd3QM2f_Q,Atelier Vie,Beer,V4Kkuej274hGsnd3QM2f_Q,Beer,29.9560055,-90.0960102,-1811.427105,-52.100434,New Orleans,LA,4.5,6,1,2,,true,,,,,,"{""Saturday"": ""10:0-14:0"", ""Sunday"": ""10:0-14:0""}"
yIy70vHKF_L3Gy1cu2Wqwg__southern,yIy70vHKF_L3Gy1cu2Wqwg,"Laurel Oak, Southern Brasserie",Southern,yIy70vHKF_L3Gy1cu2Wqwg,Southern,29.9510212,-90.0685271,836.293988,-606.330073,New Orleans,LA,5.0,57,1,,,false,,,full_bar,,casual|classy|intimate|romantic|trendy|upscale,"{""Monday"": ""11:0-22:0"", ""Tuesday"": ""11:0-22:0"", ""Wednesday"": ""11:0-22:0"", ""Thursday"": ""11:0-22:0"", ""Friday"": ""11:0-22:0"", ""Saturday"": ""11:0-22:0"", ""Sunday"": ""11:0-22:0""}"
4DTGsmjExLNCOZlXuqXL2g__seafood,4DTGsmjExLNCOZlXuqXL2g,Boiling Pot,Seafood,4DTGsmjExLNCOZlXuqXL2g,Seafood,30.0025210,-90.0460839,2998.467440,5120.188938,New Orleans,LA,4.0,22,1,2,true,false,false,true,none,no,,"{""Monday"": ""10:30-20:0"", ""Tuesday"": ""10:30-20:0"", ""Wednesday"": ""10:30-20:0"", ""Thursday"": ""10:30-20:0"", ""Friday"": ""10:30-20:0"", ""Saturday"": ""11:0-18:0""}"
eqBiSzVMyUoMtUfts4hrdA__southern,eqBiSzVMyUoMtUfts4hrdA,LeRoux's Chicken Shack,Southern,eqBiSzVMyUoMtUfts4hrdA,Southern,30.0240155,-90.0240420,5121.987291,7510.276972,New Orleans,LA,3.5,19,1,2,true,true,true,true,none,no,,"{""Monday"": ""11:30-22:0"", ""Tuesday"": ""11:30-22:0"", ""Wednesday"": ""11:30-22:0"", ""Thursday"": ""11:30-22:0"", ""Friday"": ""11:30-1:0"", ""Saturday"": ""12:0-1:0"", ""Sunday"": ""14:0-0:0""}"
qFfxWon_Rx99KF4rHViMkQ__pizza,qFfxWon_Rx99KF4rHViMkQ,Napoli Pizza & Subs,Pizza,qFfxWon_Rx99KF4rHViMkQ,Pizza,30.0511273,-89.9670187,10615.610434,10524.975749,New Orleans,LA,4.0,29,1,1,true,true,false,true,none,free,,"{""Monday"": ""11:0-21:0"", ""Tuesday"": ""11:0-21:0"", ""Wednesday"": ""11:0-21:0"", ""Thursday"": ""11:0-21:0"", ""Friday"": ""11:0-22:0"", ""Saturday"": ""11:0-22:0"", ""Sunday"": ""12:0-21:0""}"
ZY2feSm2sc5nTXYHnKpMGQ__burgers,ZY2feSm2sc5nTXYHnKpMGQ,Vitascope Hall,Burgers,ZY2feSm2sc5nTXYHnKpMGQ,Burgers,29.9498668,-90.0768944,30.190195,-734.690994,New Orleans,LA,3.5,146,1,2,true,false,false,false,full_bar,free,casual|classy|trendy,"{""Monday"": ""16:0-23:0"", ""Tuesday"": ""16:0-23:0"", ""Wednesday"": ""16:0-23:0"", ""Thursday"": ""16:0-23:0"", ""Friday"": ""11:0-23:0"", ""Saturday"": ""11:0-23:0"", ""Sunday"": ""11:0-23:0""}"
bn4N0bxa-u-kBaKLwU893w__fast_food,bn4N0bxa-u-kBaKLwU893w,Arby's,Fast Food,bn4N0bxa-u-kBaKLwU893w,Fast Food,29.9521203,-90.0671077,973.038945,-484.115560,New Orleans,LA,2.5,38,0,1,true,false,false,true,none,no,,
itAhmbhHOyQQparfwicjDQ__coffee_and_tea,itAhmbhHOyQQparfwicjDQ,Mammoth Espresso,Coffee & Tea,itAhmbhHOyQQparfwicjDQ,Coffee & Tea,29.9460712,-90.0747132,240.325286,-1156.745720,New Orleans,LA,4.5,112,1,2,true,,true,,,free,,"{""Monday"": ""0:0-0:0"", ""Tuesday"": ""7:0-17:0"", ""Wednesday"": ""7:0-17:0"", ""Thursday"": ""7:0-17:0"", ""Friday"": ""7:0-17:0"", ""Saturday"": ""7:0-15:0"", ""Sunday"": ""7:0-15:0""}"
g8asTfC0kY9uzt1AHdm35A__fitness_and_instruction,g8asTfC0kY9uzt1AHdm35A,Reily Student Recreation Center,Fitness & Instruction,g8asTfC0kY9uzt1AHdm35A,Fitness & Instruction,29.9437289,-90.1174518,-3877.110361,-1417.198924,New Orleans,LA,4.0,20,1,,,,,true,,,,"{""Monday"": ""0:0-0:0"", ""Tuesday"": ""6:0-23:0"", ""Wednesday"": ""6:0-20:0"", ""Thursday"": ""6:0-23:0"", ""Friday"": ""8:0-20:0"", ""Saturday"": ""8:0-21:0"", ""Sunday"": ""8:0-23:0""}"
PHHd-Df4WieYCpfWrZsoNA__fast_food,PHHd-Df4WieYCpfWrZsoNA,Popeyes,Fast Food,PHHd-Df4WieYCpfWrZsoNA,Fast Food,29.9212469,-90.0978321,-1986.948900,-3917.085750,New Orleans,LA,3.0,7,0,1,false,false,false,true,none,no,,
xrjlHBW8Q-kxZNxmMO0DqQ__art_galleries,xrjlHBW8Q-kxZNxmMO0DqQ,Frank Relle Photography,Art Galleries,xrjlHBW8Q-kxZNxmMO0DqQ,Art Galleries,29.9597741,-90.0629785,1370.845959,366.949345,New Orleans,LA,5.0,7,1,3,,,,false,,no,,"{""Monday"": ""10:0-20:0"", ""Tuesday"": ""10:0-20:0"", ""Wednesday"": ""10:0-20:0"", ""Thursday"": ""10:0-20:0"", ""Friday"": ""10:0-22:0"", ""Saturday"": ""10:0-22:0"", ""Sunday"": ""10:0-20:0""}"
F_24wAKBIVdXEZY5ilNH9w__fast_food,F_24wAKBIVdXEZY5ilNH9w,Popeyes Louisiana Kitchen,Fast Food,F_24wAKBIVdXEZY5ilNH9w,Fast Food,30.0361390,-89.9746985,9875.738715,8858.350527,New Orleans,LA,2.5,24,1,1,true,true,false,true,none,no,casual,"{""Monday"": ""10:0-0:0"", ""Tuesday"": ""10:0-0:0"", ""Wednesday"": ""10:0-0:0"", ""Thursday"": ""10:0-0:0"", ""Friday"": ""10:0-1:0"", ""Saturday"": ""10:0-1:0"", ""Sunday"": ""10:0-0:0""}"
fsFZQ2ZbTutgUlnWPhTU6A__seafood,fsFZQ2ZbTutgUlnWPhTU6A,J's Seafood Dock,Seafood,fsFZQ2ZbTutgUlnWPhTU6A,Seafood,29.9602257,-90.0590971,1744.778848,417.162085,New Orleans,LA,4.0,333,1,2,true,false,true,true,none,no,casual|touristy,"{""Monday"": ""10:0-17:0"", ""Tuesday"": ""10:0-17:0"", ""Wednesday"": ""10:0-17:0"", ""Thursday"": ""10:0-17:0"", ""Friday"": ""10:0-17:0"", ""Saturday"": ""10:0-18:0"", ""Sunday"": ""10:0-18:0""}"
ahc6Wx3A9tmoHCtad_z3wg__american_(traditional),ahc6Wx3A9tmoHCtad_z3wg,Banks Street Bar,American (Traditional),ahc6Wx3A9tmoHCtad_z3wg,American (Traditional),29.9745298,-90.1064752,-2819.624915,2007.710590,New Orleans,LA,3.5,42,0,1,false,false,true,false,full_bar,no,divey,"{""Monday"": ""11:0-3:0"", ""Tuesday"": ""11:0-3:0"", ""Wednesday"": ""11:0-3:0"", ""Thursday"": ""11:0-3:0"", ""Friday"": ""11:0-3:0"", ""Saturday"": ""11:0-3:0"", ""Sunday"": ""11:0-3:0""}"
I0I2mkCOPTYVSLpc8A8VVw__american_(traditional),I0I2mkCOPTYVSLpc8A8VVw,Compère Lapin,American (Traditional),I0I2mkCOPTYVSLpc8A8VVw,American (Traditional),29.9479047,-90.0674980,935.437454,-952.869540,New Orleans,LA,4.5,804,1,3,true,false,false,false,full_bar,free,classy|trendy,"{""Tuesday"": ""11:30-14:30"", ""Wednesday"": ""17:30-21:0"", ""Thursday"": ""17:30-21:0"", ""Friday"": ""17:30-22:0"", ""Saturday"": ""17:30-22:0"", ""Sunday"": ""10:30-14:0""}"
8eDkw7CE0NKqMknPIu26fw__american_(new),8eDkw7CE0NKqMknPIu26fw,Two Chicks Cafe,American (New),8eDkw7CE0NKqMknPIu26fw,American (New),29.9419580,-90.0652612,1150.930704,-1614.113324,New Orleans,LA,4.5,888,1,2,,false,,true,full_bar,free,casual|classy|hipster,"{""Monday"": ""0:0-0:0"", ""Tuesday"": ""8:0-14:0"", ""Wednesday"": ""8:0-14:0"", ""Thursday"": ""8:0-14:0"", ""Friday"": ""8:0-14:0"", ""Saturday"": ""8:0-14:0"", ""Sunday"": ""8:0-14:0""}"
hZn7HYYoFkBkBZWTBTds2g__art_galleries,hZn7HYYoFkBkBZWTBTds2g,Dark Matter Oddities & Artisan Collective,Art Galleries,hZn7HYYoFkBkBZWTBTds2g,Art Galleries,29.9587150,-90.0626169,1405.682493,249.182635,New Orleans,LA,4.5,10,1,,,,,,,,,"{""Monday"": ""12:0-19:0"", ""Tuesday"": ""12:0-19:0"", ""Wednesday"": ""12:0-19:0"", ""Thursday"": ""12:0-19:0"", ""Friday"": ""11:0-19:0"", ""Saturday"": ""11:0-19:0"", ""Sunday"": ""11:0-19:0""}"
VCjvaX_78oEKG3I9oTJEag__coffee_and_tea,VCjvaX_78oEKG3I9oTJEag,Fair Grinds Coffee House,Coffee & Tea,VCjvaX_78oEKG3I9oTJEag,Coffee & Tea,29.9805971,-90.0841403,-667.881267,2682.364501,New Orleans,LA,4.0,161,1,1,true,,true,,,free,,"{""Monday"": ""6:30-13:0"", ""Tuesday"": ""6:30-13:0"", ""Wednesday"": ""6:30-13:0"", ""Thursday"": ""6:30-13:0"", ""Friday"": ""6:30-15:0"", ""Saturday"": ""6:30-15:0"", ""Sunday"": ""6:30-15:0""}"
cdHv4eK4iI6Cp26yuDF6Sw__fitness_and_instruction,cdHv4eK4iI6Cp26yuDF6Sw,Pro Fitness Trainers,Fitness & Instruction,cdHv4eK4iI6Cp26yuDF6Sw,Fitness & Instruction,29.9346660,-90.1057500,-2749.759167,-2424.947849,New Orleans,LA,5.0,6,1,,,,,true,,free,,"{""Monday"": ""6:0-19:0"", ""Tuesday"": ""6:0-19:0"", ""Wednesday"": ""6:0-19:0"", ""Thursday"": ""6:0-19:0"", ""Friday"": ""6:0-19:0"", ""Saturday"": ""6:0-13:0""}"
e9YiQo_CGJrnjJXBilAEWQ__beer,e9YiQo_CGJrnjJXBilAEWQ,Vieux Carre Wine & Spirits,Beer,e9YiQo_CGJrnjJXBilAEWQ,Beer,29.9553144,-90.0653159,1145.660907,-128.947354,New Orleans,LA,4.5,67,1,2,false,,,,,,,"{""Monday"": ""10:0-18:0"", ""Tuesday"": ""10:0-18:0"", ""Wednesday"": ""10:0-18:0"", ""Thursday"": ""10:0-18:0"", ""Friday"": ""10:0-19:0"", ""Saturday"": ""10:0-19:0""}"
0-Tim4ucmy8bNugnzKXG8g__art_galleries,0-Tim4ucmy8bNugnzKXG8g,Diamond Eyez Nola,Art Galleries,0-Tim4ucmy8bNugnzKXG8g,Art Galleries,29.9580940,-90.0666004,1021.912213,180.130491,New Orleans,LA,5.0,61,1,2,,,,,,no,,"{""Monday"": ""0:0-0:0"", ""Thursday"": ""11:0-17:30"", ""Friday"": ""11:0-17:30"", ""Saturday"": ""11:0-17:30"", ""Sunday"": ""11:0-17:30""}"
skJ1w8B5YusIibyxH4ohxQ__venues_and_event_spaces,skJ1w8B5YusIibyxH4ohxQ,Fulton Alley,Venues & Event Spaces,skJ1w8B5YusIibyxH4ohxQ,Venues & Event Spaces,29.9464828,-90.0651152,1164.996340,-1110.977825,New Orleans,LA,3.5,182,1,2,true,,true,true,full_bar,free,classy|trendy,"{""Monday"": ""0:0-0:0"", ""Wednesday"": ""16:0-23:0"", ""Thursday"": ""16:0-23:0"", ""Friday"": ""11:0-2:0"", ""Saturday"": ""11:0-2:0"", ""Sunday"": ""11:0-23:0""}"
vng5PxNaiq3aoNn4HNNxEw__fast_food,vng5PxNaiq3aoNn4HNNxEw,Pei Wei,Fast Food,vng5PxNaiq3aoNn4HNNxEw,Fast Food,29.9769533,-90.0992934,-2127.730502,2277.191867,New Orleans,LA,2.0,26,0,2,true,false,true,true,none,no,casual,"{""Monday"": ""10:30-21:0"", ""Tuesday"": ""10:30-21:0"", ""Wednesday"": ""10:30-21:0"", ""Thursday"": ""10:30-21:0"", ""Friday"": ""10:30-22:0"", ""Saturday"": ""10:30-22:0"", ""Sunday"": ""10:30-21:0""}"
AWnzFqIrlkLAKTc46_zmEg__southern,AWnzFqIrlkLAKTc46_zmEg,Mena's Palace,Southern,AWnzFqIrlkLAKTc46_zmEg,Southern,29.9535079,-90.0671632,967.694003,-329.822379,New Orleans,LA,4.0,337,1,2,true,true,false,true,full_bar,no,casual,"{""Monday"": ""0:0-0:0"", ""Thursday"": ""7:30-15:0"", ""Friday"": ""7:30-15:0"", ""Saturday"": ""7:30-15:0"", ""Sunday"": ""7:0-13:0""}"
6wO7ID8e5nY6lyaUAwSDng__art_galleries,6wO7ID8e5nY6lyaUAwSDng,LeMieux Galleries,Art Galleries,6wO7ID8e5nY6lyaUAwSDng,Art Galleries,29.9448080,-90.0671418,969.753752,-1297.207345,New Orleans,LA,4.0,8,1,2,,,,false,,free,,"{""Monday"": ""10:0-17:30"", ""Tuesday"": ""10:0-17:30"", ""Wednesday"": ""10:0-17:30"", ""Thursday"": ""10:0-17:30"", ""Friday"": ""10:0-17:30"", ""Saturday"": ""10:0-17:30""}"
f-WhNOSwN1aB4nRFekf01g__specialty_food,f-WhNOSwN1aB4nRFekf01g,Smoothie King,Specialty Food,f-WhNOSwN1aB4nRFekf01g,Specialty Food,29.9493300,-90.0817200,-434.709632,-794.383193,New Orleans,LA,4.5,50,1,2,false,,,true,,free,,"{""Monday"": ""0:0-0:0"", ""Tuesday"": ""7:0-21:0"", ""Wednesday"": ""7:0-19:0"", ""Thursday"": ""7:0-19:0"", ""Friday"": ""7:0-19:0"", ""Saturday"": ""9:0-20:0"", ""Sunday"": ""11:0-18:0""}"
s688oKDwUayG5rjHbPwK7w__specialty_food,s688oKDwUayG5rjHbPwK7w,Two Tony's Restaurant,Specialty Food,s688oKDwUayG5rjHbPwK7w,Specialty Food,30.0209830,-90.1148233,-3623.884723,7173.075312,New Orleans,LA,4.0,110,1,2,true,false,true,true,full_bar,no,casual,"{""Tuesday"": ""11:0-21:0"", ""Wednesday"": ""11:0-21:0"", ""Thursday"": ""11:0-21:0"", ""Friday"": ""11:0-22:0"", ""Saturday"": ""11:0-22:0""}"
JcP1z6eZBgTIcxWlyxSw0g__american_(new),JcP1z6eZBgTIcxWlyxSw0g,Iris,American (New),JcP1z6eZBgTIcxWlyxSw0g,American (New),29.9536503,-90.0650564,1170.661130,-313.987087,New Orleans,LA,4.0,67,0,3,true,false,true,false,full_bar,no,intimate,"{""Monday"": ""18:0-22:0"", ""Wednesday"": ""18:0-22:0"", ""Thursday"": ""18:0-22:0"", ""Friday"": ""18:0-22:0"", ""Saturday"": ""18:0-22:0""}"
MG_wIwRBwyNnCAEMXe9Jqw__breakfast_and_brunch,MG_wIwRBwyNnCAEMXe9Jqw,French Toast,Breakfast & Brunch,MG_wIwRBwyNnCAEMXe9Jqw,Breakfast & Brunch,29.9598910,-90.0602530,1633.420553,379.948050,New Orleans,LA,4.5,562,1,2,true,true,true,true,,no,casual|trendy,"{""Monday"": ""8:0-15:0"", ""Tuesday"": ""8:0-15:0"", ""Wednesday"": ""8:0-15:0"", ""Thursday"": ""8:0-15:0"", ""Friday"": ""8:0-15:0"", ""Saturday"": ""8:0-15:0"", ""Sunday"": ""8:0-15:0""}"
pGwrPSAlwMvEnOsFHqB72Q__coffee_and_tea,pGwrPSAlwMvEnOsFHqB72Q,Pontilly Coffee,Coffee & Tea,pGwrPSAlwMvEnOsFHqB72Q,Coffee & Tea,30.0026371,-90.0432620,3270.331115,5133.108906,New Orleans,LA,4.5,105,1,1,true,false,true,true,,free,,"{""Monday"": ""6:0-21:0"", ""Tuesday"": ""6:0-21:0"", ""Wednesday"": ""6:0-21:0"", ""Thursday"": ""6:0-21:0"", ""Friday"": ""6:0-21:0"", ""Saturday"": ""6:0-21:0"", ""Sunday"": ""6:0-21:0""}"
OINbC0rpDVJ5bfxt3LO9fw__cajun_creole,OINbC0rpDVJ5bfxt3LO9fw,Li'l Dizzy's Cafe,Cajun/Creole,OINbC0rpDVJ5bfxt3LO9fw,Cajun/Creole,29.9686422,-90.0679433,892.537264,1353.038436,New Orleans,LA,4.5,651,1,2,true,false,true,true,none,no,casual,"{""Monday"": ""11:0-15:0"", ""Tuesday"": ""11:0-15:0"", ""Wednesday"": ""11:0-15:0"", ""Thursday"": ""11:0-15:0"", ""Friday"": ""11:0-15:0"", ""Saturday"": ""11:0-15:0""}"
ew5TyXOlyCpCRptye1LdxA__fast_food,ew5TyXOlyCpCRptye1LdxA,Pizza Hut,Fast Food,ew5TyXOlyCpCRptye1LdxA,Fast Food,29.9768214,-90.0991418,-2113.124736,2262.527594,New Orleans,LA,1.5,39,1,1,true,true,false,true,none,no,,"{""Monday"": ""11:0-20:0"", ""Tuesday"": ""11:0-20:0"", ""Wednesday"": ""11:0-20:0"", ""Thursday"": ""11:0-20:0"", ""Friday"": ""11:0-20:0"", ""Saturday"": ""11:0-20:0"", ""Sunday"": ""11:0-20:0""}"
ADgeB1sfOGbzCR3LIi-4lg__southern,ADgeB1sfOGbzCR3LIi-4lg,Cafe Reconcile,Southern,ADgeB1sfOGbzCR3LIi-4lg,Southern,29.9399302,-90.0803697,-304.622818,-1839.592395,New Orleans,LA,4.5,152,1,2,true,true,true,true,none,no,casual,"{""Monday"": ""11:0-14:30"", ""Tuesday"": ""11:0-14:30"", ""Wednesday"": ""11:0-14:30"", ""Thursday"": ""11:0-14:30"", ""Friday"": ""11:0-14:30""}"
s7qstxT0rfacx6m1S4JsRQ__sandwiches,s7qstxT0rfacx6m1S4JsRQ,Green Leaf's & Bananas,Sandwiches,s7qstxT0rfacx6m1S4JsRQ,Sandwiches,29.9471842,-90.0627252,1395.248874,-1032.985596,New Orleans,LA,2.0,12,1,,,,,,,,,"{""Monday"": ""10:0-21:0"", ""Tuesday"": ""10:0-21:0"", ""Wednesday"": ""10:0-21:0"", ""Thursday"": ""10:0-21:0"", ""Friday"": ""10:0-21:0"", ""Saturday"": ""10:0-21:0"", ""Sunday"": ""12:0-18:0""}"
qTwUE0ljNLuRXWcVBMaxsQ__fitness_and_instruction,qTwUE0ljNLuRXWcVBMaxsQ,Gravity Defying Fitness,Fitness & Instruction,qTwUE0ljNLuRXWcVBMaxsQ,Fitness & Instruction,29.9285902,-90.0686184,827.498149,-3100.546918,New Orleans,LA,4.5,6,1,,,,,true,,,,
voAosWO5yGhvppHRKm-7mQ__burgers,voAosWO5yGhvppHRKm-7mQ,Magnolia Grill of New Orleans,Burgers,voAosWO5yGhvppHRKm-7mQ,Burgers,29.9602149,-90.0594200,1713.671750,415.964136,New Orleans,LA,3.5,117,0,2,true,false,true,true,full_bar,no,casual,"{""Monday"": ""7:0-19:0"", ""Tuesday"": ""7:0-19:0"", ""Wednesday"": ""7:0-19:0"", ""Thursday"": ""7:0-19:0"", ""Friday"": ""7:0-19:0"", ""Saturday"": ""7:0-19:0"", ""Sunday"": ""7:0-19:0""}"
qrHwXPEese6WmFO9zEP2fQ__cocktail_bars,qrHwXPEese6WmFO9zEP2fQ,Larry Flynt's Barely Legal Club,Cocktail Bars,qrHwXPEese6WmFO9zEP2fQ,Cocktail Bars,29.9567588,-90.0675054,934.724538,31.662819,New Orleans,LA,3.5,88,1,2,,,false,,full_bar,,casual|classy,"{""Thursday"": ""19:0-2:0"", ""Friday"": ""19:0-4:0"", ""Saturday"": ""19:0-4:0"", ""Sunday"": ""19:0-2:0""}"
uvQQlr5ye4ReQTxuyB7kCA__seafood,uvQQlr5ye4ReQTxuyB7kCA,Poseidon,Seafood,uvQQlr5ye4ReQTxuyB7kCA,Seafood,29.9343321,-90.0799834,-267.408209,-2462.072773,New Orleans,LA,4.0,198,1,2,true,true,true,true,full_bar,free,casual|classy,"{""Monday"": ""12:30-0:0"", ""Tuesday"": ""12:30-0:0"", ""Wednesday"": ""12:30-0:0"", ""Thursday"": ""12:30-0:0"", ""Friday"": ""12:30-2:0"", ""Saturday"": ""16:30-2:0"", ""Sunday"": ""12:30-0:0""}"
Y0JF1UN7pfWJ-GuzuVXM0g__pizza,Y0JF1UN7pfWJ-GuzuVXM0g,New York Pizza,Pizza,Y0JF1UN7pfWJ-GuzuVXM0g,Pizza,29.9210000,-90.1021210,-2400.141408,-3944.539816,New Orleans,LA,3.0,178,1,2,true,true,true,true,full_bar,free,casual,"{""Monday"": ""11:0-2:0"", ""Tuesday"": ""11:0-2:0"", ""Wednesday"": ""11:0-2:0"", ""Thursday"": ""11:0-2:0"", ""Friday"": ""11:0-2:0"", ""Saturday"": ""11:0-2:0"", ""Sunday"": ""11:0-1:0""}"
79QbD9v4nItZHThdE2cSkA__fitness_and_instruction,79QbD9v4nItZHThdE2cSkA,Anytime Fitness,Fitness & Instruction,79QbD9v4nItZHThdE2cSkA,Fitness & Instruction,30.0409215,-89.9551264,11761.314287,9390.140999,New Orleans,LA,3.5,6,1,,,,,false,,,,"{""Monday"": ""0:0-0:0"", ""Tuesday"": ""0:0-0:0"", ""Wednesday"": ""0:0-0:0"", ""Thursday"": ""0:0-0:0"", ""Friday"": ""0:0-0:0"", ""Saturday"": ""0:0-0:0"", ""Sunday"": ""0:0-0:0""}"
tf-r6n9Ap1egVzMAQrksQg__southern,tf-r6n9Ap1egVzMAQrksQg,Big Shirley's,Southern,tf-r6n9Ap1egVzMAQrksQg,Southern,29.9863011,-90.0762604,91.268080,3316.621238,New Orleans,LA,5.0,6,0,1,true,true,,true,,no,,"{""Monday"": ""11:0-21:0"", ""Tuesday"": ""11:0-21:0"", ""Wednesday"": ""11:0-21:0"", ""Thursday"": ""11:0-21:0"", ""Friday"": ""11:0-21:0"", ""Saturday"": ""9:0-21:0"", ""Sunday"": ""9:0-17:0""}"
O6kMCxp8r9mKyFZy7sTxlg__venues_and_event_spaces,O6kMCxp8r9mKyFZy7sTxlg,Marti's,Venues & Event Spaces,O6kMCxp8r9mKyFZy7sTxlg,Venues & Event Spaces,29.9620239,-90.0666603,1016.141449,617.116036,New Orleans,LA,4.0,38,0,3,false,false,false,false,full_bar,no,romantic,
OcatdPIYh9X2Du3Lo5YKOQ__seafood,OcatdPIYh9X2Du3Lo5YKOQ,Sassafras Restaurant,Seafood,OcatdPIYh9X2Du3Lo5YKOQ,Seafood,30.0264750,-90.0545340,2184.388855,7783.761272,New Orleans,LA,3.5,204,0,2,true,true,true,true,full_bar,no,casual|classy,"{""Monday"": ""0:0-0:0"", ""Tuesday"": ""11:0-16:0"", ""Wednesday"": ""11:0-20:30"", ""Thursday"": ""11:0-20:30"", ""Friday"": ""11:0-21:0"", ""Saturday"": ""11:0-21:0"", ""Sunday"": ""10:0-16:0""}"
t1qF12NdW8KvCqxqbvy-Hg__coffee_and_tea,t1qF12NdW8KvCqxqbvy-Hg,Cafe Envie & Espresso Bar,Coffee & Tea,t1qF12NdW8KvCqxqbvy-Hg,Coffee & Tea,29.9614949,-90.0586977,1783.260434,558.295807,New Orleans,LA,4.0,447,1,1,true,true,true,true,full_bar,free,casual|hipster,"{""Monday"": ""7:0-22:0"", ""Tuesday"": ""7:0-22:0"", ""Wednesday"": ""7:0-22:0"", ""Thursday"": ""7:0-22:0"", ""Friday"": ""7:0-23:0"", ""Saturday"": ""7:0-23:0"", ""Sunday"": ""7:0-23:0""}"
_2gi6ICYydmPJz97xwI5Gg__art_galleries,_2gi6ICYydmPJz97xwI5Gg,Joe Dunn Arts,Art Galleries,_2gi6ICYydmPJz97xwI5Gg,Art Galleries,29.9549624,-90.0673166,952.913525,-168.088023,New Orleans,LA,4.5,7,0,2,,,,,,,,"{""Monday"": ""10:0-18:0"", ""Tuesday"": ""10:0-18:0"", ""Wednesday"": ""10:0-18:0"", ""Thursday"": ""10:0-18:0"", ""Friday"": ""10:0-18:0"", ""Saturday"": ""10:0-20:0"", ""Sunday"": ""10:0-18:0""}"
BJBSwMKADtYjqFDCL3-zkw__burgers,BJBSwMKADtYjqFDCL3-zkw,IHOP,Burgers,BJBSwMKADtYjqFDCL3-zkw,Burgers,29.9544500,-90.0705200,644.298058,-225.064382,New Orleans,LA,2.0,248,1,2,true,true,false,true,none,free,casual,"{""Monday"": ""0:0-0:0"", ""Tuesday"": ""0:0-0:0"", ""Wednesday"": ""0:0-0:0"", ""Thursday"": ""0:0-0:0"", ""Friday"": ""0:0-0:0"", ""Saturday"": ""0:0-0:0"", ""Sunday"": ""0:0-0:0""}"
aiggx_mzALX3kZOGYTPdjg__venues_and_event_spaces,aiggx_mzALX3kZOGYTPdjg,Hotel Mazarin,Venues & Event Spaces,aiggx_mzALX3kZOGYTPdjg,Venues & Event Spaces,29.9551060,-90.0682530,862.700775,-152.120409,New Orleans,LA,4.0,203,1,3,,,,,,free,,
UTkd3bWcTn0eREADTWKyog__cocktail_bars,UTkd3bWcTn0eREADTWKyog,The Will & The Way,Cocktail Bars,UTkd3bWcTn0eREADTWKyog,Cocktail Bars,29.9575727,-90.0658268,1096.440816,122.164495,New Orleans,LA,4.5,18,1,,,,true,,full_bar,free,classy,"{""Monday"": ""15:0-1:0"", ""Tuesday"": ""15:0-1:0"", ""Wednesday"": ""15:0-1:0"", ""Thursday"": ""15:0-1:0"", ""Friday"": ""15:0-1:0"", ""Saturday"": ""12:0-1:0"", ""Sunday"": ""12:0-1:0""}"
f43AIP_4AV2XSng0_LXI_A__american_(traditional),f43AIP_4AV2XSng0_LXI_A,Waffle House,American (Traditional),f43AIP_4AV2XSng0_LXI_A,American (Traditional),29.9285279,-90.0314964,4403.830601,-3107.474371,New Orleans,LA,3.0,31,1,1,true,false,false,true,none,no,,"{""Monday"": ""0:0-0:0"", ""Tuesday"": ""0:0-0:0"", ""Wednesday"": ""0:0-0:0"", ""Thursday"": ""0:0-0:0"", ""Friday"": ""0:0-0:0"", ""Saturday"": ""0:0-0:0"", ""Sunday"": ""0:0-0:0""}"
j8JOZvfeHEfUWq3gEz6ABQ__beer,j8JOZvfeHEfUWq3gEz6ABQ,Bacchanal Fine Wine & Spirits,Beer,j8JOZvfeHEfUWq3gEz6ABQ,Beer,29.9598240,-90.0332590,4234.021766,372.497979,New Orleans,LA,4.5,1156,1,2,true,,true,false,full_bar,free,casual|classy,"{""Monday"": ""0:0-0:0"", ""Wednesday"": ""12:0-22:0"", ""Thursday"": ""12:0-22:0"", ""Friday"": ""12:0-23:0"", ""Saturday"": ""12:0-23:0"", ""Sunday"": ""12:0-23:0""}"
Et2yOijYQbWyR-mE0-z40w__cocktail_bars,Et2yOijYQbWyR-mE0-z40w,Tsunami Sushi,Cocktail Bars,Et2yOijYQbWyR-mE0-z40w,Cocktail Bars,29.9499660,-90.0696770,725.512654,-723.663122,New Orleans,LA,4.0,340,1,2,true,true,true,true,full_bar,free,classy|trendy,"{""Monday"": ""0:0-0:0"", ""Tuesday"": ""11:0-22:0"", ""Wednesday"": ""11:0-22:0"", ""Thursday"": ""11:0-22:0"", ""Friday"": ""18:0-23:30"", ""Saturday"": ""17:0-22:0""}"
CTOdt9ZxuKIMKwDQxIcmZg__art_galleries,CTOdt9ZxuKIMKwDQxIcmZg,Vintage 329,Art Galleries,CTOdt9ZxuKIMKwDQxIcmZg,Art Galleries,29.9554828,-90.0672408,960.216095,-110.222103,New Orleans,LA,3.0,21,1,2,,,,false,,no,,"{""Monday"": ""10:0-17:0"", ""Tuesday"": ""10:0-17:0"", ""Wednesday"": ""10:0-17:0"", ""Thursday"": ""11:0-17:0"", ""Friday"": ""10:0-17:0"", ""Saturday"": ""10:0-17:0"", ""Sunday"": ""10:0-17:0""}"
9dW3CVyvnTXdkXg2AOyBfw__desserts,9dW3CVyvnTXdkXg2AOyBfw,Birds Nest Cafe,Desserts,9dW3CVyvnTXdkXg2AOyBfw,Desserts,30.0232870,-90.0910627,-1334.785092,7429.271356,New Orleans,LA,4.5,20,1,1,true,true,true,true,none,free,,"{""Monday"": ""0:0-0:0"", ""Tuesday"": ""7:0-17:0"", ""Wednesday"": ""7:0-17:0"", ""Thursday"": ""7:0-17:0"", ""Friday"": ""7:0-17:0"", ""Saturday"": ""8:0-14:0""}"
x5-7JNoYyh8VgCp5pCsiUw__cafes,x5-7JNoYyh8VgCp5pCsiUw,Velvet Central,Cafes,x5-7JNoYyh8VgCp5pCsiUw,Cafes,29.9418293,-90.0790432,-176.826794,-1628.424131,New Orleans,LA,2.5,5,0,2,true,,,true,,,,
Iso6F11o-W4g6d7OUEaMng__seafood,Iso6F11o-W4g6d7OUEaMng,Batture,Seafood,Iso6F11o-W4g6d7OUEaMng,Seafood,29.9438690,-90.1337810,-5450.264931,-1401.619526,New Orleans,LA,4.5,34,0,2,true,false,true,true,full_bar,no,trendy,"{""Monday"": ""11:0-21:0"", ""Tuesday"": ""11:0-21:0"", ""Wednesday"": ""11:0-21:0"", ""Thursday"": ""11:0-21:0"", ""Friday"": ""11:0-22:0"", ""Saturday"": ""9:0-22:0"", ""Sunday"": ""9:0-14:30""}"
KGTXhggdNVaTcqPAJQ0EXw__pizza,KGTXhggdNVaTcqPAJQ0EXw,Rocky's Gourmet Pizza,Pizza,KGTXhggdNVaTcqPAJQ0EXw,Pizza,29.9235160,-90.0868900,-932.787289,-3664.772994,New Orleans,LA,3.0,26,0,2,true,false,true,true,full_bar,no,,
vwOJ4yZH1I85-T3dJyr2ig__american_(traditional),vwOJ4yZH1I85-T3dJyr2ig,Two Chicks Café - CBD,American (Traditional),vwOJ4yZH1I85-T3dJyr2ig,American (Traditional),29.9524418,-90.0729978,405.586874,-448.366342,New Orleans,LA,4.5,324,1,2,true,false,,true,full_bar,free,,"{""Monday"": ""0:0-0:0"", ""Wednesday"": ""8:0-14:0"", ""Thursday"": ""8:0-14:0"", ""Friday"": ""8:0-14:0"", ""Saturday"": ""8:0-14:0"", ""Sunday"": ""8:0-14:0""}"
54PNfAT0kCG3JLgGOojc4A__cocktail_bars,54PNfAT0kCG3JLgGOojc4A,El Cucuy,Cocktail Bars,54PNfAT0kCG3JLgGOojc4A,Cocktail Bars,29.9182985,-90.0895163,-1185.804959,-4244.933325,New Orleans,LA,4.0,89,1,,true,true,true,,full_bar,free,casual,"{""Monday"": ""11:30-21:30"", ""Wednesday"": ""11:30-21:30"", ""Thursday"": ""11:30-21:30"", ""Friday"": ""11:30-21:30"", ""Saturday"": ""11:30-21:30"", ""Sunday"": ""11:30-21:30""}"
rOsC1rDpIxvNoHxEvNFjeA__beer,rOsC1rDpIxvNoHxEvNFjeA,Backspace Bar & Kitchen,Beer,rOsC1rDpIxvNoHxEvNFjeA,Beer,29.9534413,-90.0675267,932.672497,-337.226859,New Orleans,LA,4.0,443,1,2,true,false,true,false,full_bar,free,casual,"{""Monday"": ""11:30-2:0"", ""Tuesday"": ""11:30-2:0"", ""Wednesday"": ""11:30-2:0"", ""Thursday"": ""11:30-2:0"", ""Friday"": ""11:30-2:0"", ""Saturday"": ""11:30-2:0"", ""Sunday"": ""11:30-2:0""}"
qnuucADQ-KjpK9G3N0wSgw__fitness_and_instruction,qnuucADQ-KjpK9G3N0wSgw,Romney Studios,Fitness & Instruction,qnuucADQ-KjpK9G3N0wSgw,Fitness & Instruction,29.9213942,-90.1176415,-3895.385948,-3900.706715,New Orleans,LA,4.0,40,1,,,,,false,,,,"{""Monday"": ""6:0-20:0"", ""Tuesday"": ""6:0-20:0"", ""Wednesday"": ""6:0-20:0"", ""Thursday"": ""6:0-20:0"", ""Friday"": ""6:0-20:0"", ""Saturday"": ""6:0-20:0"", ""Sunday"": ""6:0-20:0""}"
NHL1c_30iYXvJZcqEo6fwQ__cocktail_bars,NHL1c_30iYXvJZcqEo6fwQ,Pal's Lounge,Cocktail Bars,NHL1c_30iYXvJZcqEo6fwQ,Cocktail Bars,29.9767602,-90.0864155,-887.069599,2255.718707,New Orleans,LA,4.0,106,1,1,,,true,,full_bar,free,casual|divey,"{""Monday"": ""15:0-3:0"", ""Tuesday"": ""15:0-3:0"", ""Wednesday"": ""15:0-3:0"", ""Thursday"": ""15:0-3:0"", ""Friday"": ""15:0-3:0"", ""Saturday"": ""15:0-3:0"", ""Sunday"": ""15:0-20:0""}"
1JeiKd0RVtf-rsN6I9RmWw__sandwiches,1JeiKd0RVtf-rsN6I9RmWw,Dirty South Sammich Co.,Sandwiches,1JeiKd0RVtf-rsN6I9RmWw,Sandwiches,29.9535250,-90.0747497,236.808877,-327.919831,New Orleans,LA,5.0,6,0,,,,,,,,,
gOtY7zJ1rIu6UIHXEvh5sA__desserts,gOtY7zJ1rIu6UIHXEvh5sA,Southern Candymakers,Desserts,gOtY7zJ1rIu6UIHXEvh5sA,Desserts,29.9540270,-90.0650787,1168.512749,-272.099901,New Orleans,LA,4.5,377,1,2,true,true,,,none,,,"{""Monday"": ""0:0-0:0"", ""Tuesday"": ""9:0-18:0"", ""Wednesday"": ""9:0-19:0"", ""Thursday"": ""9:0-19:0"", ""Friday"": ""9:0-19:0"", ""Saturday"": ""9:0-18:0"", ""Sunday"": ""9:0-19:0""}"
nJsNoDkZGLoHt6ioW4xUug__seafood,nJsNoDkZGLoHt6ioW4xUug,T & T Seafood,Seafood,nJsNoDkZGLoHt6ioW4xUug,Seafood,29.9253841,-90.0734236,364.569090,-3457.045728,New Orleans,LA,4.0,18,1,1,true,false,false,true,,no,,"{""Monday"": ""10:0-20:0"", ""Tuesday"": ""9:0-20:0"", ""Wednesday"": ""10:0-20:0"", ""Thursday"": ""10:0-20:0"", ""Friday"": ""10:0-20:0"", ""Saturday"": ""10:0-20:0"", ""Sunday"": ""12:0-20:0""}"
TU0Qzv2xotpDZW_tY9uVMQ__breakfast_and_brunch,TU0Qzv2xotpDZW_tY9uVMQ,Le Croissant Express,Breakfast & Brunch,TU0Qzv2xotpDZW_tY9uVMQ,Breakfast & Brunch,29.9463932,-90.0637286,1298.581346,-1120.940904,New Orleans,LA,3.0,19,1,2,false,true,false,true,,,,
VkwNVWThOZbiDbjWQbnJew__pizza,VkwNVWThOZbiDbjWQbnJew,The Crazy Italian,Pizza,VkwNVWThOZbiDbjWQbnJew,Pizza,30.0054806,-90.1176719,-3898.314683,5449.287280,New Orleans,LA,4.0,26,1,,true,true,,,,,,"{""Monday"": ""11:30-20:0"", ""Tuesday"": ""11:30-20:0"", ""Wednesday"": ""11:30-20:0"", ""Thursday"": ""11:30-20:0"", ""Friday"": ""11:30-21:0"", ""Saturday"": ""11:30-21:0"", ""Sunday"": ""12:0-20:0""}"
sdFJSq-EgmtplIwUamRwTQ__beer,sdFJSq-EgmtplIwUamRwTQ,Bayou Burger & Sports Company,Beer,sdFJSq-EgmtplIwUamRwTQ,Beer,29.9572555,-90.0670177,981.709543,86.893416,New Orleans,LA,3.5,446,0,2,true,false,true,true,full_bar,free,casual,"{""Monday"": ""10:0-0:0"", ""Tuesday"": ""10:0-0:0"", ""Wednesday"": ""11:0-0:0"", ""Thursday"": ""11:0-0:0"", ""Friday"": ""10:0-2:0"", ""Saturday"": ""10:0-2:0"", ""Sunday"": ""10:0-0:0""}"
zAlXnJ5oO3dXI5V97TYaKQ__art_galleries,zAlXnJ5oO3dXI5V97TYaKQ,Crescent City Auction Gallery,Art Galleries,zAlXnJ5oO3dXI5V97TYaKQ,Art Galleries,29.9398384,-90.0747120,240.440894,-1849.802416,New Orleans,LA,1.0,13,1,4,,,,false,,,,
rDO6cfeiC3X1FATlNJW-wA__specialty_food,rDO6cfeiC3X1FATlNJW-wA,The Fudgery,Specialty Food,rDO6cfeiC3X1FATlNJW-wA,Specialty Food,29.9494270,-90.0627999,1388.052278,-783.597270,New Orleans,LA,3.5,41,1,2,true,,,,,,,
LK58peZTR54sYsISrTo0cA__cafes,LK58peZTR54sYsISrTo0cA,Blue Plate Cafe,Cafes,LK58peZTR54sYsISrTo0cA,Cafes,29.9391375,-90.0734325,363.707888,-1927.739048,New Orleans,LA,4.0,27,0,2,true,false,false,true,full_bar,,,"{""Monday"": ""8:0-15:0"", ""Tuesday"": ""8:0-15:0"", ""Wednesday"": ""8:0-15:0"", ""Thursday"": ""8:0-15:0"", ""Friday"": ""8:0-15:0""}"
RCy4M2ND4YK0uRbodV_v8g__coffee_and_tea,RCy4M2ND4YK0uRbodV_v8g,Starbucks,Coffee & Tea,RCy4M2ND4YK0uRbodV_v8g,Coffee & Tea,30.0041363,-90.1054807,-2723.818445,5299.804086,New Orleans,LA,3.0,73,1,2,true,,true,,,free,,"{""Monday"": ""0:0-0:0"", ""Tuesday"": ""5:0-21:0"", ""Wednesday"": ""5:0-21:0"", ""Thursday"": ""5:0-21:0"", ""Friday"": ""5:0-21:0"", ""Saturday"": ""5:0-21:0"", ""Sunday"": ""5:0-21:0""}"
MKHT4daZiljh1d2TmsCZ4Q__art_galleries,MKHT4daZiljh1d2TmsCZ4Q,Frenchmen Art & Books,Art Galleries,MKHT4daZiljh1d2TmsCZ4Q,Art Galleries,29.9636160,-90.0578720,1862.806027,794.149724,New Orleans,LA,3.5,10,1,,,,,,,,,"{""Monday"": ""12:0-0:0"", ""Tuesday"": ""16:0-0:0"", ""Wednesday"": ""16:0-0:0"", ""Thursday"": ""12:0-0:0"", ""Friday"": ""12:0-0:0"", ""Saturday"": ""12:0-0:0"", ""Sunday"": ""12:0-0:0""}"
h9uFqp85YbWTKnNYO4A94w__specialty_food,h9uFqp85YbWTKnNYO4A94w,Dis Taco,Specialty Food,h9uFqp85YbWTKnNYO4A94w,Specialty Food,29.9601669,-90.0600112,1656.715559,410.626772,New Orleans,LA,5.0,9,0,1,,,,,,,,
_NfEP6cuFSz7bd-7OtiJ-Q__burgers,_NfEP6cuFSz7bd-7OtiJ-Q,Dots Diner,Burgers,_NfEP6cuFSz7bd-7OtiJ-Q,Burgers,29.9630374,-90.1517135,-7177.881485,729.812250,New Orleans,LA,3.5,161,1,1,true,true,false,true,none,free,,"{""Monday"": ""6:0-22:0"", ""Tuesday"": ""6:0-22:0"", ""Wednesday"": ""6:0-22:0"", ""Thursday"": ""6:0-0:0"", ""Friday"": ""6:0-0:0"", ""Saturday"": ""6:0-0:0"", ""Sunday"": ""6:0-22:0""}"
t5Ca7rn3NsjfZcpfbhRZKA__coffee_and_tea,t5Ca7rn3NsjfZcpfbhRZKA,Beaucoup Juice,Coffee & Tea,t5Ca7rn3NsjfZcpfbhRZKA,Coffee & Tea,29.9349320,-90.1068930,-2859.873202,-2395.364987,New Orleans,LA,4.0,46,0,1,true,,false,true,,free,,"{""Monday"": ""11:0-17:0"", ""Tuesday"": ""11:0-17:0"", ""Wednesday"": ""11:0-17:0"", ""Thursday"": ""11:0-17:0"", ""Friday"": ""11:0-17:0"", ""Saturday"": ""11:0-17:0""}"
CgAthB_K1fmD2OUpmYBRuw__cafes,CgAthB_K1fmD2OUpmYBRuw,N'awlins Jazz Cafe,Cafes,CgAthB_K1fmD2OUpmYBRuw,Cafes,29.9207290,-90.0993200,-2130.293145,-3974.673682,New Orleans,LA,2.5,28,0,2,true,true,true,true,full_bar,free,,"{""Monday"": ""11:0-21:0"", ""Tuesday"": ""11:0-21:0"", ""Wednesday"": ""11:0-21:0"", ""Thursday"": ""11:0-21:0"", ""Friday"": ""9:0-23:0"", ""Saturday"": ""9:0-23:0"", ""Sunday"": ""9:0-21:0""}"
jLerIZFpe25jOUf722qzBA__coffee_and_tea,jLerIZFpe25jOUf722qzBA,Il Posto Italian Cafe,Coffee & Tea,jLerIZFpe25jOUf722qzBA,Coffee & Tea,29.9294040,-90.1049670,-2674.324969,-3010.056361,New Orleans,LA,4.0,120,0,2,true,false,true,true,beer_and_wine,free,casual,"{""Tuesday"": ""7:0-21:0"", ""Wednesday"": ""7:0-21:0"", ""Thursday"": ""7:0-21:0"", ""Friday"": ""7:0-21:0"", ""Saturday"": ""8:0-21:0"", ""Sunday"": ""8:0-15:0""}"
qq6vsh6ZEshfv4mTdrjA0g__specialty_food,qq6vsh6ZEshfv4mTdrjA0g,Magasin Kitchen,Specialty Food,qq6vsh6ZEshfv4mTdrjA0g,Specialty Food,29.9483140,-90.0752911,184.652834,-907.359662,New Orleans,LA,4.0,141,1,2,true,true,true,true,full_bar,no,casual|trendy,"{""Monday"": ""11:0-21:0"", ""Tuesday"": ""11:0-21:0"", ""Wednesday"": ""11:0-21:0"", ""Thursday"": ""11:0-21:0"", ""Friday"": ""11:0-21:0""}"
eGi5vLxSXjHkmubADGhFPg__southern,eGi5vLxSXjHkmubADGhFPg,Café Cour,Southern,eGi5vLxSXjHkmubADGhFPg,Southern,29.9567071,-90.0656179,1116.566236,25.914034,New Orleans,LA,4.5,10,1,,true,true,true,,,free,,"{""Tuesday"": ""9:30-16:30"", ""Wednesday"": ""9:30-16:30"", ""Thursday"": ""9:30-16:30"", ""Friday"": ""9:30-16:30"", ""Saturday"": ""9:30-16:30"", ""Sunday"": ""10:30-16:30""}"
26P-A2QGP38Fevb0VtebNA__southern,26P-A2QGP38Fevb0VtebNA,Public Service,Southern,26P-A2QGP38Fevb0VtebNA,Southern,29.9521935,-90.0727284,431.540863,-475.976080,New Orleans,LA,3.5,106,1,2,true,false,false,false,full_bar,free,classy|trendy|upscale,"{""Monday"": ""6:30-22:0"", ""Tuesday"": ""6:30-22:0"", ""Wednesday"": ""6:30-22:0"", ""Thursday"": ""6:30-22:0"", ""Friday"": ""6:30-23:0"", ""Saturday"": ""6:30-23:0"", ""Sunday"": ""6:30-22:0""}"
fnIkeoF_s5DKRieWjWKNiQ__venues_and_event_spaces,fnIkeoF_s5DKRieWjWKNiQ,Bourbon Cowboy,Venues & Event Spaces,fnIkeoF_s5DKRieWjWKNiQ,Venues & Event Spaces,29.9554934,-90.0686366,825.744761,-109.043435,New Orleans,LA,3.0,187,1,1,,,false,,full_bar,no,classy|touristy,"{""Monday"": ""16:0-3:0"", ""Tuesday"": ""16:0-3:0"", ""Wednesday"": ""16:0-3:0"", ""Thursday"": ""14:0-3:0"", ""Friday"": ""14:0-5:0"", ""Saturday"": ""12:0-5:0"", ""Sunday"": ""12:0-3:0""}"
f4vbnGoGo3eWorVekctVGQ__sandwiches,f4vbnGoGo3eWorVekctVGQ,Refuel Cafe,Sandwiches,f4vbnGoGo3eWorVekctVGQ,Sandwiches,29.9441947,-90.1341609,-5486.864486,-1365.403288,New Orleans,LA,4.5,328,0,2,true,false,true,true,none,free,casual|classy,"{""Monday"": ""7:0-11:0"", ""Tuesday"": ""7:0-14:0"", ""Wednesday"": ""7:0-14:0"", ""Thursday"": ""7:0-14:0"", ""Friday"": ""7:0-14:0"", ""Saturday"": ""8:30-14:0"", ""Sunday"": ""8:30-14:0""}"
1T9iKJeQsxgt-0M1RGpVrg__american_(new),1T9iKJeQsxgt-0M1RGpVrg,Meson 923,American (New),1T9iKJeQsxgt-0M1RGpVrg,American (New),29.9424525,-90.0658281,1096.315574,-1559.127357,New Orleans,LA,4.0,22,0,3,true,false,true,false,full_bar,no,,"{""Tuesday"": ""17:0-21:0"", ""Wednesday"": ""17:0-21:0"", ""Thursday"": ""17:0-22:0"", ""Friday"": ""17:0-23:0"", ""Saturday"": ""17:0-23:0""}"
x4XDkWR9fgP4TItqMr8A8A__specialty_food,x4XDkWR9fgP4TItqMr8A8A,Hollygrove Market & Farm,Specialty Food,x4XDkWR9fgP4TItqMr8A8A,Specialty Food,29.9645110,-90.1145666,-3599.150167,893.669320,New Orleans,LA,4.5,75,0,2,true,,,,,,,"{""Monday"": ""10:0-19:0"", ""Tuesday"": ""10:0-19:0"", ""Wednesday"": ""10:0-19:0"", ""Thursday"": ""10:0-19:0"", ""Friday"": ""10:0-19:0"", ""Saturday"": ""8:0-17:0"", ""Sunday"": ""8:0-17:0""}"
nD3U24f7vLpW5v4nZpQU4w__fitness_and_instruction,nD3U24f7vLpW5v4nZpQU4w,Live Oak Yoga,Fitness & Instruction,nD3U24f7vLpW5v4nZpQU4w,Fitness & Instruction,29.9230355,-90.1236543,-4474.658933,-3718.202230,New Orleans,LA,5.0,7,1,,,,,true,,,,"{""Monday"": ""6:0-21:0"", ""Tuesday"": ""6:0-21:0"", ""Wednesday"": ""6:0-21:0"", ""Thursday"": ""6:0-21:0"", ""Friday"": ""6:0-21:0"", ""Saturday"": ""6:0-21:0"", ""Sunday"": ""6:0-21:0""}"
Y-lDDyIlaYqPwQkunfA-4g__pizza,Y-lDDyIlaYqPwQkunfA-4g,Chuck E. Cheese,Pizza,Y-lDDyIlaYqPwQkunfA-4g,Pizza,29.9231250,-90.0192500,5583.648438,-3708.250270,New Orleans,LA,3.0,8,1,2,,,false,true,,,,"{""Monday"": ""0:0-0:0"", ""Tuesday"": ""11:0-21:0"", ""Wednesday"": ""11:0-21:0"", ""Thursday"": ""11:0-20:0"", ""Friday"": ""11:0-21:0"", ""Saturday"": ""11:0-21:0"", ""Sunday"": ""11:0-20:0""}"
wuE1RgcEpSCBeN6nWRBeGA__venues_and_event_spaces,wuE1RgcEpSCBeN6nWRBeGA,YNOT Dock,Venues & Event Spaces,wuE1RgcEpSCBeN6nWRBeGA,Venues & Event Spaces,30.0398003,-90.0134585,6141.605338,9265.466150,New Orleans,LA,4.0,11,0,1,true,false,true,false,full_bar,no,,"{""Monday"": ""1:0-2:0""}"
4qFK74PSu25lIvDGB5307A__fitness_and_instruction,4qFK74PSu25lIvDGB5307A,Planet Beach - Uptown,Fitness & Instruction,4qFK74PSu25lIvDGB5307A,Fitness & Instruction,29.9453710,-90.1346370,-5532.731947,-1234.604515,New Orleans,LA,4.0,35,1,2,,,,,,free,,"{""Monday"": ""0:0-0:0"", ""Tuesday"": ""9:0-21:0"", ""Wednesday"": ""9:0-21:0"", ""Thursday"": ""9:0-21:0"", ""Friday"": ""9:0-14:0"", ""Saturday"": ""11:0-16:0"", ""Sunday"": ""12:0-16:0""}"
9q9dj6p7Qwm022YtPMTulQ__desserts,9q9dj6p7Qwm022YtPMTulQ,Insomnia Cookies,Desserts,9q9dj6p7Qwm022YtPMTulQ,Desserts,29.9412010,-90.1282940,-4921.647503,-1698.288000,New Orleans,LA,3.0,80,1,,,,,,,,,"{""Monday"": ""0:0-0:0"", ""Tuesday"": ""11:0-1:0"", ""Wednesday"": ""11:0-1:0"", ""Thursday"": ""11:0-1:0"", ""Friday"": ""11:0-18:0"", ""Saturday"": ""12:0-1:0"", ""Sunday"": ""12:0-1:0""}"
Q8YTUFvcSrT8a8UWxZvhxw__cajun_creole,Q8YTUFvcSrT8a8UWxZvhxw,The Mardi Gras School of Cooking,Cajun/Creole,Q8YTUFvcSrT8a8UWxZvhxw,Cajun/Creole,29.9567570,-90.0635860,1312.319426,31.462668,New Orleans,LA,4.5,70,1,,true,true,,,,free,classy,"{""Monday"": ""9:0-19:0"", ""Tuesday"": ""9:0-19:0"", ""Wednesday"": ""9:0-19:0"", ""Thursday"": ""9:0-19:0"", ""Friday"": ""9:0-19:0"", ""Saturday"": ""9:0-19:0"", ""Sunday"": ""9:0-19:0""}"
UVE_f01HDCnkyQVhIApUrQ__sandwiches,UVE_f01HDCnkyQVhIApUrQ,Frencheeze Food Truck,Sandwiches,UVE_f01HDCnkyQVhIApUrQ,Sandwiches,29.9535250,-90.0747497,236.808877,-327.919831,New Orleans,LA,4.0,30,1,1,true,false,true,true,,,,"{""Monday"": ""8:0-21:0"", ""Tuesday"": ""8:0-21:0"", ""Wednesday"": ""8:0-21:0"", ""Thursday"": ""8:0-21:0"", ""Friday"": ""8:0-22:0"", ""Saturday"": ""8:0-22:0"", ""Sunday"": ""8:0-21:0""}"
WecgAHgzAPLOmM-6-Iga2A__pizza,WecgAHgzAPLOmM-6-Iga2A,Cafe Roma,Pizza,WecgAHgzAPLOmM-6-Iga2A,Pizza,29.9320758,-90.0745904,252.155834,-2712.965346,New Orleans,LA,3.0,110,0,2,true,true,true,true,full_bar,no,casual,"{""Monday"": ""11:0-0:0"", ""Tuesday"": ""11:0-0:0"", ""Wednesday"": ""11:0-0:0"", ""Thursday"": ""11:0-0:0"", ""Friday"": ""11:0-0:0"", ""Saturday"": ""11:0-0:0"", ""Sunday"": ""11:0-0:0""}"
Zi-F-YvyVOK0k5QD7lrLOg__cajun_creole,Zi-F-YvyVOK0k5QD7lrLOg,Muriel's Jackson Square,Cajun/Creole,Zi-F-YvyVOK0k5QD7lrLOg,Cajun/Creole,29.9584576,-90.0631880,1350.662735,220.561022,New Orleans,LA,4.0,1963,1,3,true,true,false,false,full_bar,free,classy,"{""Monday"": ""15:0-21:30"", ""Tuesday"": ""15:0-21:30"", ""Wednesday"": ""15:0-21:30"", ""Thursday"": ""15:0-21:30"", ""Friday"": ""15:0-22:0"", ""Saturday"": ""15:0-22:0"", ""Sunday"": ""15:0-21:30""}"
ga7jZd-JccpMqdSTgY2lUA__southern,ga7jZd-JccpMqdSTgY2lUA,Marjie's Grill,Southern,ga7jZd-JccpMqdSTgY2lUA,Southern,29.9632507,-90.0890782,-1143.598417,753.530161,New Orleans,LA,4.5,172,1,2,true,true,true,true,full_bar,free,casual|trendy,"{""Monday"": ""17:0-22:0"", ""Tuesday"": ""17:0-22:0"", ""Wednesday"": ""17:0-22:0"", ""Thursday"": ""17:0-22:0"", ""Friday"": ""17:0-22:0"", ""Saturday"": ""17:0-22:0""}"
_pNoFnb7VMc6X33B7WXuFw__specialty_food,_pNoFnb7VMc6X33B7WXuFw,Chef Market,Specialty Food,_pNoFnb7VMc6X33B7WXuFw,Specialty Food,30.0360532,-89.9113960,15974.300159,8848.805608,New Orleans,LA,4.5,7,1,1,true,,,,,,,"{""Monday"": ""9:0-21:0"", ""Tuesday"": ""9:0-21:0"", ""Wednesday"": ""9:0-21:0"", ""Thursday"": ""9:0-21:0"", ""Friday"": ""9:0-21:30"", ""Saturday"": ""9:0-21:30"", ""Sunday"": ""9:0-21:30""}"
_fLKzOl2yx06bZizPPwDeg__venues_and_event_spaces,_fLKzOl2yx06bZizPPwDeg,Deutsches Haus,Venues & Event Spaces,_fLKzOl2yx06bZizPPwDeg,Venues & Event Spaces,29.9860060,-90.0877210,-1012.845806,3283.807570,New Orleans,LA,4.5,32,1,,,,,true,,,,"{""Monday"": ""15:0-23:0"", ""Tuesday"": ""15:0-23:0"", ""Wednesday"": ""15:0-23:0"", ""Thursday"": ""15:0-23:0"", ""Friday"": ""15:0-0:0"", ""Saturday"": ""11:0-0:0"", ""Sunday"": ""11:0-19:0""}"
_wAZ34j3cqHnfTYayOZUTw__cajun_creole,_wAZ34j3cqHnfTYayOZUTw,Gumbo Ya Ya,Cajun/Creole,_wAZ34j3cqHnfTYayOZUTw,Cajun/Creole,29.9550788,-90.0689064,799.752237,-155.144915,New Orleans,LA,3.5,6,0,,,,,,,,,
LkCFcD-5QyNIUnEfO78npw__beer,LkCFcD-5QyNIUnEfO78npw,Chartres House,Beer,LkCFcD-5QyNIUnEfO78npw,Beer,29.9567320,-90.0645880,1215.786773,28.682791,New Orleans,LA,3.5,655,1,2,true,false,true,true,full_bar,no,casual|classy,"{""Monday"": ""11:0-0:0"", ""Tuesday"": ""11:0-1:0"", ""Wednesday"": ""11:0-0:0"", ""Thursday"": ""11:0-1:0"", ""Friday"": ""11:0-1:0"", ""Saturday"": ""11:0-1:0"", ""Sunday"": ""11:0-0:0""}"
PC62l488ujL8i75jrBiOlg__desserts,PC62l488ujL8i75jrBiOlg,Blue Giant,Desserts,PC62l488ujL8i75jrBiOlg,Desserts,29.9382190,-90.0712970,569.441899,-2029.871729,New Orleans,LA,4.0,182,1,2,,,true,,full_bar,,casual|trendy,"{""Monday"": ""17:30-22:0"", ""Wednesday"": ""17:30-22:0"", ""Thursday"": ""17:30-22:0"", ""Friday"": ""17:30-22:0"", ""Saturday"": ""17:30-22:0"", ""Sunday"": ""17:30-22:0""}"
l6jCy599UFBsa7x1xP0W_Q__desserts,l6jCy599UFBsa7x1xP0W_Q,Roule Rolled Ice Cream,Desserts,l6jCy599UFBsa7x1xP0W_Q,Desserts,29.9444954,-90.1845668,-10342.967497,-1331.966927,New Orleans,LA,4.0,26,0,2,false,,,,,free,,"{""Monday"": ""12:0-21:0"", ""Tuesday"": ""15:0-21:0"", ""Wednesday"": ""15:0-21:0"", ""Thursday"": ""15:0-21:0"", ""Friday"": ""15:0-22:0"", ""Saturday"": ""12:0-22:0"", ""Sunday"": ""12:0-21:0""}"
7UnMu-eR7pBpG05wfrhXvw__venues_and_event_spaces,7UnMu-eR7pBpG05wfrhXvw,Contemporary Arts Center,Venues & Event Spaces,7UnMu-eR7pBpG05wfrhXvw,Venues & Event Spaces,29.9437297,-90.0706297,633.725362,-1417.106343,New Orleans,LA,3.5,30,1,1,,,,true,,free,,"{""Monday"": ""11:0-17:0"", ""Wednesday"": ""11:0-17:0"", ""Thursday"": ""11:0-17:0"", ""Friday"": ""11:0-17:0"", ""Saturday"": ""11:0-17:0"", ""Sunday"": ""11:0-17:0""}"
z_uEYQoeiqOJ1k8PNHb38w__fast_food,z_uEYQoeiqOJ1k8PNHb38w,Church's Chicken,Fast Food,z_uEYQoeiqOJ1k8PNHb38w,Fast Food,30.0027471,-90.0424436,3349.177656,5145.335528,New Orleans,LA,1.5,10,1,1,true,true,,,none,,,"{""Monday"": ""10:0-23:0"", ""Tuesday"": ""10:0-23:0"", ""Wednesday"": ""10:0-23:0"", ""Thursday"": ""10:0-23:0"", ""Friday"": ""10:0-0:0"", ""Saturday"": ""10:0-0:0"", ""Sunday"": ""10:0-23:0""}"
4fSx_kno0HeGHwkFwO6TPQ__fast_food,4fSx_kno0HeGHwkFwO6TPQ,Shake Shack,Fast Food,4fSx_kno0HeGHwkFwO6TPQ,Fast Food,29.9512926,-90.0657440,1104.417765,-576.151728,New Orleans,LA,3.5,63,1,2,true,,true,,beer_and_wine,no,,"{""Monday"": ""0:0-0:0"", ""Tuesday"": ""11:0-22:0"", ""Wednesday"": ""11:0-22:0"", ""Thursday"": ""11:0-22:0"", ""Friday"": ""11:0-22:0"", ""Saturday"": ""11:0-22:0"", ""Sunday"": ""11:0-22:0""}"
7Sfm7SHzDB3LfezcWLhXfg__art_galleries,7Sfm7SHzDB3LfezcWLhXfg,Jezebel's,Art Galleries,7Sfm7SHzDB3LfezcWLhXfg,Art Galleries,29.9204794,-90.1039964,-2580.817392,-4002.427974,New Orleans,LA,4.5,6,0,2,,,,,,,,"{""Wednesday"": ""11:0-17:0"", ""Thursday"": ""11:0-17:0"", ""Friday"": ""11:0-17:0"", ""Saturday"": ""11:0-17:0""}"
vLNmfOyIQCJFkG8alKw1lg__venues_and_event_spaces,vLNmfOyIQCJFkG8alKw1lg,"Bloody Mary's Tours, Haunted Museum & Voodoo Shop",Venues & Event Spaces,vLNmfOyIQCJFkG8alKw1lg,Venues & Event Spaces,29.9617357,-90.0670321,980.322247,585.069614,New Orleans,LA,4.0,21,1,,,,,true,,free,,"{""Monday"": ""0:0-0:0"", ""Tuesday"": ""12:0-18:0"", ""Wednesday"": ""12:0-18:0"", ""Thursday"": ""12:0-18:0"", ""Friday"": ""12:0-19:0"", ""Saturday"": ""12:0-19:0"", ""Sunday"": ""12:0-18:0""}"
nJxeH1phWTAXVltSb5bcbg__seafood,nJxeH1phWTAXVltSb5bcbg,China Wall,Seafood,nJxeH1phWTAXVltSb5bcbg,Seafood,29.9403410,-90.0986057,-2061.478919,-1793.911988,New Orleans,LA,3.0,60,1,1,true,true,false,true,none,no,,"{""Monday"": ""10:30-22:30"", ""Tuesday"": ""10:30-22:30"", ""Wednesday"": ""10:30-22:30"", ""Thursday"": ""10:30-22:30"", ""Friday"": ""10:30-23:0"", ""Saturday"": ""10:30-23:0"", ""Sunday"": ""11:0-22:30""}"
znmW7djuEJjlMI0hw-utEw__seafood,znmW7djuEJjlMI0hw-utEw,Red Star Chinese Restaurant,Seafood,znmW7djuEJjlMI0hw-utEw,Seafood,29.9624302,-90.1178508,-3915.549904,662.294598,New Orleans,LA,2.5,97,1,1,true,true,false,true,none,no,,"{""Monday"": ""0:0-0:0"", ""Wednesday"": ""11:0-22:30"", ""Thursday"": ""11:0-22:30"", ""Friday"": ""11:0-23:0"", ""Saturday"": ""12:0-23:0"", ""Sunday"": ""12:0-22:30""}"
n9XOrHEkCfkj7iEPwp4ufA__seafood,n9XOrHEkCfkj7iEPwp4ufA,Mia's Balcony,Seafood,n9XOrHEkCfkj7iEPwp4ufA,Seafood,29.9377390,-90.0760840,108.262452,-2083.245368,New Orleans,LA,3.5,58,0,2,true,false,true,true,full_bar,free,casual,"{""Monday"": ""11:0-2:0"", ""Tuesday"": ""11:0-2:0"", ""Wednesday"": ""11:0-2:0"", ""Thursday"": ""11:0-2:0"", ""Friday"": ""11:0-2:0"", ""Sunday"": ""11:0-0:0""}"
_IDiMjAPem5GYRu087vLyQ__fitness_and_instruction,_IDiMjAPem5GYRu087vLyQ,Free To Be Power Yoga Downtown,Fitness & Instruction,_IDiMjAPem5GYRu087vLyQ,Fitness & Instruction,29.9464355,-90.0693117,760.705646,-1116.237352,New Orleans,LA,4.5,106,1,,,,,false,,,,"{""Monday"": ""15:30-20:30"", ""Tuesday"": ""15:30-20:30"", ""Wednesday"": ""15:30-20:30"", ""Thursday"": ""15:30-20:30"", ""Friday"": ""15:30-19:15"", ""Saturday"": ""8:30-13:30"", ""Sunday"": ""17:0-19:15""}"
RTPzPAxxXHUNceAHHy4XfQ__seafood,RTPzPAxxXHUNceAHHy4XfQ,Original Oyster Factory,Seafood,RTPzPAxxXHUNceAHHy4XfQ,Seafood,29.9560478,-90.0637451,1296.991736,-47.396883,New Orleans,LA,2.0,40,1,2,true,false,true,true,full_bar,no,,"{""Monday"": ""11:0-22:0"", ""Tuesday"": ""11:0-22:0"", ""Wednesday"": ""11:0-22:0"", ""Thursday"": ""11:0-22:0"", ""Friday"": ""11:0-23:0"", ""Saturday"": ""11:0-23:0""}"
qt_E6txwQ1h62wyv8701UQ__specialty_food,qt_E6txwQ1h62wyv8701UQ,Clesi's Restaurant & Catering,Specialty Food,qt_E6txwQ1h62wyv8701UQ,Specialty Food,29.9787340,-90.1020057,-2389.033409,2475.196947,New Orleans,LA,4.0,355,1,2,true,true,true,true,full_bar,free,casual|divey,"{""Monday"": ""0:0-0:0"", ""Tuesday"": ""11:0-21:0"", ""Wednesday"": ""11:0-21:0"", ""Thursday"": ""11:0-21:0"", ""Friday"": ""11:0-22:0"", ""Saturday"": ""11:0-22:0"", ""Sunday"": ""11:0-21:0""}"
4h5-Tyev0jX1GsuzUo_rYw__cafes,4h5-Tyev0jX1GsuzUo_rYw,Daiquiris & Company,Cafes,4h5-Tyev0jX1GsuzUo_rYw,Cafes,30.0232850,-90.0607185,1588.574296,7429.048966,New Orleans,LA,3.5,31,1,1,true,false,false,false,full_bar,free,casual|divey,"{""Monday"": ""11:0-20:0"", ""Tuesday"": ""11:0-20:0"", ""Wednesday"": ""11:0-20:0"", ""Thursday"": ""11:0-20:0"", ""Friday"": ""11:15-20:0"", ""Saturday"": ""11:0-20:0"", ""Sunday"": ""11:0-20:0""}"
dM-jvXF7OmNjVLYrzTxl-Q__american_(new),dM-jvXF7OmNjVLYrzTxl-Q,Jazzy Pete's,American (New),dM-jvXF7OmNjVLYrzTxl-Q,American (New),29.9482612,-90.1307373,-5157.034957,-913.228494,New Orleans,LA,4.5,16,0,,,,true,,full_bar,no,,"{""Monday"": ""0:0-0:0"", ""Tuesday"": ""16:0-20:0"", ""Wednesday"": ""16:0-20:0"", ""Thursday"": ""16:0-20:0"", ""Friday"": ""16:0-21:0"", ""Saturday"": ""11:0-21:0""}"
OZ75-Oqne48k7DTTpeggGA__pizza,OZ75-Oqne48k7DTTpeggGA,Domino's Pizza,Pizza,OZ75-Oqne48k7DTTpeggGA,Pizza,29.9621802,-90.1143841,-3581.568122,634.495827,New Orleans,LA,2.5,11,1,1,true,true,,,,,,"{""Monday"": ""10:30-0:0"", ""Tuesday"": ""10:30-0:0"", ""Wednesday"": ""10:30-0:0"", ""Thursday"": ""10:30-0:0"", ""Friday"": ""10:30-1:0"", ""Saturday"": ""10:30-1:0"", ""Sunday"": ""10:30-0:0""}"
FFswTVJc-omih2HShm0a6A__seafood,FFswTVJc-omih2HShm0a6A,Pra_LEES,Seafood,FFswTVJc-omih2HShm0a6A,Seafood,29.9938140,-90.0783400,-109.080526,4152.018757,New Orleans,LA,4.0,43,1,2,true,,true,true,none,,,"{""Monday"": ""6:0-20:0"", ""Tuesday"": ""6:0-20:0"", ""Wednesday"": ""6:0-20:0"", ""Thursday"": ""6:0-20:0"", ""Friday"": ""6:0-20:0"", ""Saturday"": ""7:0-20:0"", ""Sunday"": ""7:0-20:0""}"
6dMQTOH8Efl6m2eJRgIjCw__american_(new),6dMQTOH8Efl6m2eJRgIjCw,Lenis Restaurant,American (New),6dMQTOH8Efl6m2eJRgIjCw,American (New),29.9470879,-90.0741840,291.308399,-1043.693682,New Orleans,LA,4.0,24,1,1,true,true,false,true,none,no,,"{""Monday"": ""6:0-15:0"", ""Tuesday"": ""6:0-15:0"", ""Wednesday"": ""6:0-15:0"", ""Thursday"": ""6:0-15:0"", ""Friday"": ""6:0-15:0""}"
Z3Dht_4zZMiRikprRRgWFw__burgers,Z3Dht_4zZMiRikprRRgWFw,IHOP,Burgers,Z3Dht_4zZMiRikprRRgWFw,Burgers,30.0465323,-89.9588600,11401.619366,10014.033365,New Orleans,LA,2.0,50,1,1,true,true,false,true,none,no,,"{""Monday"": ""0:0-0:0"", ""Tuesday"": ""6:0-18:0"", ""Wednesday"": ""6:0-18:0"", ""Thursday"": ""0:0-0:0"", ""Friday"": ""0:0-0:0"", ""Saturday"": ""6:0-22:0"", ""Sunday"": ""6:0-18:0""}"
W2Fln6pP0e_9OjiwnXsbEw__art_galleries,W2Fln6pP0e_9OjiwnXsbEw,Royal Mask,Art Galleries,W2Fln6pP0e_9OjiwnXsbEw,Art Galleries,29.9581580,-90.0647088,1204.145880,187.243251,New Orleans,LA,5.0,12,1,2,,,,,,,,"{""Monday"": ""10:0-20:0"", ""Tuesday"": ""10:0-20:0"", ""Wednesday"": ""10:0-20:0"", ""Thursday"": ""10:0-20:0"", ""Friday"": ""10:0-20:0"", ""Saturday"": ""10:0-20:0"", ""Sunday"": ""10:0-20:0""}"
dnfe-luIWnpH6qOWp5yBiw__sandwiches,dnfe-luIWnpH6qOWp5yBiw,El Libre,Sandwiches,dnfe-luIWnpH6qOWp5yBiw,Sandwiches,29.9474219,-90.1129647,-3444.823165,-1006.554525,New Orleans,LA,4.5,42,0,2,true,true,true,true,full_bar,free,casual,"{""Monday"": ""0:0-0:0"", ""Wednesday"": ""11:0-15:0"", ""Thursday"": ""11:0-20:0"", ""Friday"": ""11:0-20:0"", ""Saturday"": ""16:0-20:0"", ""Sunday"": ""16:0-20:0""}"
RW9kgSc3ijbmnayAlVHzGA__coffee_and_tea,RW9kgSc3ijbmnayAlVHzGA,Blue Dot Donuts Uptown,Coffee & Tea,RW9kgSc3ijbmnayAlVHzGA,Coffee & Tea,29.9163578,-90.1121838,-3369.591281,-4460.729617,New Orleans,LA,4.0,21,0,1,,,false,,,free,,"{""Sunday"": ""1:0-1:15""}"
vT1zrTTIji2JDhUHjFKopg__sandwiches,vT1zrTTIji2JDhUHjFKopg,Laurel Street Bakery,Sandwiches,vT1zrTTIji2JDhUHjFKopg,Sandwiches,29.9516220,-90.0998320,-2179.619211,-539.524069,New Orleans,LA,4.0,111,1,1,true,false,false,true,none,free,casual,"{""Monday"": ""8:0-13:0"", ""Tuesday"": ""8:0-13:0"", ""Wednesday"": ""8:0-13:0"", ""Thursday"": ""8:0-13:0"", ""Friday"": ""8:0-13:0"", ""Saturday"": ""8:0-13:0""}"
XJQTL0Sjv2eWCdE4_c1J4A__fast_food,XJQTL0Sjv2eWCdE4_c1J4A,Wendy's,Fast Food,XJQTL0Sjv2eWCdE4_c1J4A,Fast Food,30.0064071,-90.0346402,4100.956996,5552.309521,New Orleans,LA,2.5,14,1,1,true,true,true,true,,no,,"{""Monday"": ""10:0-2:0"", ""Tuesday"": ""10:0-2:0"", ""Wednesday"": ""10:0-2:0"", ""Thursday"": ""10:0-2:0"", ""Friday"": ""10:0-3:0"", ""Saturday"": ""10:0-3:0"", ""Sunday"": ""10:0-2:0""}"
Wmeez3dUfKkCGZT3lMZGFg__southern,Wmeez3dUfKkCGZT3lMZGFg,Le Meritage,Southern,Wmeez3dUfKkCGZT3lMZGFg,Southern,29.9582443,-90.0767365,45.405417,196.845747,New Orleans,LA,4.5,27,0,4,false,false,true,false,full_bar,,,"{""Tuesday"": ""18:0-22:0"", ""Wednesday"": ""18:0-22:0"", ""Thursday"": ""18:0-22:0"", ""Friday"": ""18:0-22:0""}"
WrYoTcyZLmezgbzwiAg9cw__specialty_food,WrYoTcyZLmezgbzwiAg9cw,Honey Baked Ham Company,Specialty Food,WrYoTcyZLmezgbzwiAg9cw,Specialty Food,29.9160530,-90.1144670,-3589.554706,-4494.621877,New Orleans,LA,3.5,16,1,3,true,true,true,false,none,free,,"{""Monday"": ""10:0-17:30"", ""Tuesday"": ""10:0-17:30"", ""Wednesday"": ""10:0-17:30"", ""Thursday"": ""10:0-17:30"", ""Friday"": ""10:0-17:30"", ""Saturday"": ""10:0-16:0""}"
YBFuCp16mq4Q4UF7Zfg2Vw__cocktail_bars,YBFuCp16mq4Q4UF7Zfg2Vw,Barracuda,Cocktail Bars,YBFuCp16mq4Q4UF7Zfg2Vw,Cocktail Bars,29.9533436,-90.0513539,2490.756268,-348.085882,New Orleans,LA,4.5,19,1,,true,false,true,true,,free,,"{""Monday"": ""0:0-0:0"", ""Tuesday"": ""11:30-20:0"", ""Wednesday"": ""11:30-20:0"", ""Thursday"": ""11:30-20:0"", ""Friday"": ""11:30-20:0"", ""Saturday"": ""12:0-20:0"", ""Sunday"": ""11:30-20:0""}"
PRpjxJNfK0I_em5CNLYpVA__fast_food,PRpjxJNfK0I_em5CNLYpVA,Applebee's Grill + Bar,Fast Food,PRpjxJNfK0I_em5CNLYpVA,Fast Food,29.9200530,-90.0138310,6105.714748,-4049.841557,New Orleans,LA,2.0,64,1,2,true,true,false,true,full_bar,no,casual,"{""Monday"": ""0:0-0:0"", ""Tuesday"": ""11:0-20:0"", ""Wednesday"": ""11:0-23:0"", ""Thursday"": ""11:0-20:0"", ""Friday"": ""11:0-20:0"", ""Saturday"": ""11:0-23:0"", ""Sunday"": ""10:30-21:0""}"
0YHf1ohzF9h7_KzMAEgRcw__pizza,0YHf1ohzF9h7_KzMAEgRcw,Pie Pizza & Pastas,Pizza,0YHf1ohzF9h7_KzMAEgRcw,Pizza,29.9440170,-90.0655120,1126.768639,-1385.162654,New Orleans,LA,3.0,108,0,2,true,true,false,true,full_bar,no,casual,"{""Monday"": ""11:0-22:0"", ""Tuesday"": ""11:0-22:0"", ""Wednesday"": ""11:0-22:0"", ""Thursday"": ""11:0-3:0"", ""Friday"": ""11:0-4:30"", ""Saturday"": ""11:0-4:30"", ""Sunday"": ""11:0-22:0""}"
T7JuvNYoTZiANOkfT8QQmw__venues_and_event_spaces,T7JuvNYoTZiANOkfT8QQmw,Audubon Tea Room,Venues & Event Spaces,T7JuvNYoTZiANOkfT8QQmw,Venues & Event Spaces,29.9242774,-90.1275122,-4846.328913,-3580.109060,New Orleans,LA,4.5,10,1,,,,,,,,,
fIBMKVl-dyb3KyM11UBJPQ__burgers,fIBMKVl-dyb3KyM11UBJPQ,Down The Hatch,Burgers,fIBMKVl-dyb3KyM11UBJPQ,Burgers,29.9317686,-90.0746949,242.088307,-2747.124475,New Orleans,LA,3.0,222,1,2,true,true,true,false,full_bar,free,,"{""Monday"": ""11:0-2:0"", ""Tuesday"": ""11:0-2:0"", ""Wednesday"": ""11:0-2:0"", ""Thursday"": ""11:0-2:0"", ""Friday"": ""11:0-2:0"", ""Saturday"": ""11:0-2:0"", ""Sunday"": ""11:0-2:0""}"
5JyEHdmTufydVTQsw4afQg__coffee_and_tea,5JyEHdmTufydVTQsw4afQg,PJ's Coffee - Gentilly,Coffee & Tea,5JyEHdmTufydVTQsw4afQg,Coffee & Tea,30.0264300,-90.0541900,2217.529805,7778.757493,New Orleans,LA,3.5,37,1,1,true,,true,,,free,,"{""Monday"": ""0:0-0:0"", ""Tuesday"": ""7:0-18:0"", ""Wednesday"": ""7:0-18:0"", ""Thursday"": ""6:0-15:0"", ""Friday"": ""7:0-18:0"", ""Saturday"": ""7:0-16:0"", ""Sunday"": ""7:0-16:0""}"
OB-YtjoOfZtdcXsaDs3b_w__art_galleries,OB-YtjoOfZtdcXsaDs3b_w,Forbidden Art,Art Galleries,OB-YtjoOfZtdcXsaDs3b_w,Art Galleries,29.9377535,-90.0763299,84.572452,-2081.633039,New Orleans,LA,3.0,57,1,2,,,,,,free,,"{""Monday"": ""11:45-2:0"", ""Tuesday"": ""11:45-2:0"", ""Wednesday"": ""11:45-2:0"", ""Thursday"": ""11:45-2:0"", ""Friday"": ""11:45-2:0"", ""Saturday"": ""11:45-2:0"", ""Sunday"": ""11:45-2:0""}"
Q82yOM1sBQzBlslDfr28Dw__pizza,Q82yOM1sBQzBlslDfr28Dw,Italian Pie,Pizza,Q82yOM1sBQzBlslDfr28Dw,Pizza,30.0402159,-89.9550939,11764.449344,9311.685419,New Orleans,LA,2.0,15,0,1,true,true,false,true,none,no,,"{""Monday"": ""11:0-21:0"", ""Tuesday"": ""11:0-21:0"", ""Wednesday"": ""11:0-21:0"", ""Thursday"": ""11:0-21:0"", ""Friday"": ""11:0-22:0"", ""Saturday"": ""11:0-22:0"", ""Sunday"": ""11:0-21:0""}"
f1Iak_fzgFy_v2R_EnspXg__seafood,f1Iak_fzgFy_v2R_EnspXg,Big Shirley's,Seafood,f1Iak_fzgFy_v2R_EnspXg,Seafood,30.0119283,-90.0606278,1597.312332,6166.239798,New Orleans,LA,4.5,7,0,1,true,false,true,true,,no,,"{""Tuesday"": ""7:30-21:0"", ""Wednesday"": ""7:30-21:0"", ""Thursday"": ""7:30-21:0"", ""Friday"": ""7:30-21:0"", ""Saturday"": ""9:0-21:0""}"
qYjQyfMw_UOJztjmapyHTQ__venues_and_event_spaces,qYjQyfMw_UOJztjmapyHTQ,"Feelings Marigny Cafe, Bar & Courtyard Lounge",Venues & Event Spaces,qYjQyfMw_UOJztjmapyHTQ,Venues & Event Spaces,29.9632302,-90.0518851,2439.583808,751.250662,New Orleans,LA,4.0,109,0,2,true,false,true,false,full_bar,no,casual,"{""Monday"": ""0:0-0:0"", ""Wednesday"": ""15:0-22:0"", ""Thursday"": ""15:0-22:0"", ""Friday"": ""15:0-0:0"", ""Saturday"": ""15:0-0:0"", ""Sunday"": ""11:0-16:0""}"
kb1Tf4xwb7CQW5OXf9zwqw__american_(new),kb1Tf4xwb7CQW5OXf9zwqw,Toups Meatery,American (New),kb1Tf4xwb7CQW5OXf9zwqw,American (New),29.9804590,-90.0944480,-1660.924800,2667.008460,New Orleans,LA,4.0,601,1,2,true,true,true,false,full_bar,no,casual,"{""Monday"": ""17:0-22:0"", ""Tuesday"": ""17:0-22:0"", ""Wednesday"": ""17:0-22:0"", ""Thursday"": ""17:0-22:0"", ""Friday"": ""17:0-23:0"", ""Saturday"": ""17:0-23:0"", ""Sunday"": ""17:0-22:0""}"
1fJu9Q5TFr_GECcp_5Lklw__desserts,1fJu9Q5TFr_GECcp_5Lklw,LadyB's,Desserts,1fJu9Q5TFr_GECcp_5Lklw,Desserts,29.9422270,-90.0816851,-431.347367,-1584.201847,New Orleans,LA,5.0,26,1,,,true,,,,,,"{""Monday"": ""9:0-16:0"", ""Tuesday"": ""9:0-16:0"", ""Wednesday"": ""9:30-16:0"", ""Thursday"": ""9:30-13:30"", ""Friday"": ""9:0-13:0"", ""Saturday"": ""9:30-15:30""}"
DcBLYSvOuWcNReolRVr12A__seafood,DcBLYSvOuWcNReolRVr12A,Drago's Seafood Restaurant,Seafood,DcBLYSvOuWcNReolRVr12A,Seafood,29.9475628,-90.0633109,1338.826251,-990.885226,New Orleans,LA,3.5,3160,1,2,true,true,false,true,full_bar,free,casual|classy,"{""Monday"": ""11:0-22:0"", ""Tuesday"": ""11:0-22:0"", ""Wednesday"": ""11:0-22:0"", ""Thursday"": ""11:0-22:0"", ""Friday"": ""11:0-22:0"", ""Saturday"": ""11:0-22:0"", ""Sunday"": ""11:0-22:0""}"
7R_bnIw6n2wSf8SUAL1gLQ__coffee_and_tea,7R_bnIw6n2wSf8SUAL1gLQ,PJ's Coffee,Coffee & Tea,7R_bnIw6n2wSf8SUAL1gLQ,Coffee & Tea,29.9766960,-90.0928280,-1504.854045,2248.581373,New Orleans,LA,2.5,16,0,1,true,,false,,,free,,"{""Monday"": ""6:0-19:0"", ""Tuesday"": ""6:0-19:0"", ""Wednesday"": ""6:0-19:0"", ""Thursday"": ""6:0-19:0"", ""Friday"": ""6:0-19:0"", ""Saturday"": ""7:0-19:0"", ""Sunday"": ""7:0-18:0""}"
x1jISqtNYQufDbn9HFSWHg__fast_food,x1jISqtNYQufDbn9HFSWHg,Subway,Fast Food,x1jISqtNYQufDbn9HFSWHg,Fast Food,29.9461425,-90.0784600,-120.641323,-1148.817511,New Orleans,LA,2.0,14,1,1,false,true,false,true,none,no,,"{""Monday"": ""6:0-18:0"", ""Tuesday"": ""6:0-18:0"", ""Wednesday"": ""6:0-18:0"", ""Thursday"": ""6:0-18:0"", ""Friday"": ""6:0-18:0"", ""Saturday"": ""6:0-18:0"", ""Sunday"": ""5:30-18:0""}"
zbaBwAo-UGWZPTvbJVV9Iw__burgers,zbaBwAo-UGWZPTvbJVV9Iw,New Orleans Hamburger & Seafood Co,Burgers,zbaBwAo-UGWZPTvbJVV9Iw,Burgers,29.9594748,-90.1829733,-10189.445724,333.668146,New Orleans,LA,3.0,108,1,2,true,true,true,true,beer_and_wine,free,casual,"{""Monday"": ""11:0-22:0"", ""Tuesday"": ""11:0-22:0"", ""Wednesday"": ""11:0-22:0"", ""Thursday"": ""11:0-22:0"", ""Friday"": ""11:0-23:0"", ""Saturday"": ""11:0-23:0"", ""Sunday"": ""11:0-22:0""}"
YQMKMuXNj_lF6K4wWoy4wg__art_galleries,YQMKMuXNj_lF6K4wWoy4wg,Gallery B Fos,Art Galleries,YQMKMuXNj_lF6K4wWoy4wg,Art Galleries,29.9295481,-90.0764546,72.558858,-2994.033150,New Orleans,LA,4.5,11,1,4,,,,false,,,,"{""Monday"": ""10:0-17:0"", ""Thursday"": ""10:0-17:0"", ""Friday"": ""10:0-17:0"", ""Saturday"": ""10:0-17:0"", ""Sunday"": ""12:0-17:0""}"
2W_TSSGDzuEATKQXquo47g__beer,2W_TSSGDzuEATKQXquo47g,Ck's Hot Shoppe,Beer,2W_TSSGDzuEATKQXquo47g,Beer,29.9406812,-90.0779927,-75.623677,-1756.083300,New Orleans,LA,5.0,67,1,2,true,false,false,true,beer_and_wine,no,casual,"{""Tuesday"": ""17:30-21:0"", ""Wednesday"": ""17:30-21:0"", ""Thursday"": ""17:30-21:0"", ""Friday"": ""17:30-21:0"", ""Saturday"": ""17:30-21:0"", ""Sunday"": ""17:30-21:0""}"
1LL54pSLD2MS1u3OvCzygw__coffee_and_tea,1LL54pSLD2MS1u3OvCzygw,PJ's Coffee,Coffee & Tea,1LL54pSLD2MS1u3OvCzygw,Coffee & Tea,30.0349899,-89.9739779,9945.161299,8730.576261,New Orleans,LA,4.5,38,1,1,true,true,true,,,free,,"{""Monday"": ""7:0-17:0"", ""Tuesday"": ""7:0-17:0"", ""Wednesday"": ""7:0-17:0"", ""Thursday"": ""6:0-19:0"", ""Friday"": ""7:0-17:0"", ""Saturday"": ""7:0-17:0"", ""Sunday"": ""7:0-17:0""}"
P-J_RozYISAoXCr5Q8E3ww__burgers,P-J_RozYISAoXCr5Q8E3ww,District Streatcar,Burgers,P-J_RozYISAoXCr5Q8E3ww,Burgers,29.9595769,-90.0770127,18.791519,345.021675,New Orleans,LA,4.5,5,1,1,true,false,false,true,none,no,casual,
3cT6KPlkOQGZv2Lk7p9_1A__specialty_food,3cT6KPlkOQGZv2Lk7p9_1A,Laura's Candies,Specialty Food,3cT6KPlkOQGZv2Lk7p9_1A,Specialty Food,29.9549186,-90.0663285,1048.107052,-172.958367,New Orleans,LA,4.5,229,1,2,true,,,,,,,"{""Monday"": ""10:0-21:0"", ""Tuesday"": ""10:0-21:0"", ""Wednesday"": ""10:0-21:0"", ""Thursday"": ""10:0-21:0"", ""Friday"": ""10:0-21:0"", ""Saturday"": ""10:0-21:0"", ""Sunday"": ""10:0-21:0""}"
3ePXM2FPZmVef4MsI5loeA__sandwiches,3ePXM2FPZmVef4MsI5loeA,City Greens,Sandwiches,3ePXM2FPZmVef4MsI5loeA,Sandwiches,29.9351825,-90.1085807,-3022.468727,-2367.515590,New Orleans,LA,3.5,28,1,,true,true,,,none,free,,"{""Monday"": ""11:0-20:0"", ""Tuesday"": ""11:0-20:0"", ""Wednesday"": ""11:0-20:0"", ""Thursday"": ""11:0-20:0"", ""Friday"": ""11:0-20:0"", ""Saturday"": ""11:0-20:0"", ""Sunday"": ""11:0-20:0""}"
ZTctPm8-lBy0iJ9dFhYhyQ__seafood,ZTctPm8-lBy0iJ9dFhYhyQ,Herbsaint,Seafood,ZTctPm8-lBy0iJ9dFhYhyQ,Seafood,29.9472977,-90.0715090,549.022083,-1020.364554,New Orleans,LA,4.0,879,1,3,true,true,true,false,full_bar,no,classy,"{""Monday"": ""11:30-21:0"", ""Tuesday"": ""11:30-21:0"", ""Wednesday"": ""11:30-21:0"", ""Thursday"": ""11:30-21:0"", ""Friday"": ""11:30-22:0"", ""Saturday"": ""17:30-22:0""}"
N1GYsCd5QAchGOCeQ37J9g__venues_and_event_spaces,N1GYsCd5QAchGOCeQ37J9g,New Orleans City Park,Venues & Event Spaces,N1GYsCd5QAchGOCeQ37J9g,Venues & Event Spaces,29.9873370,-90.0971320,-1919.501286,3431.808222,New Orleans,LA,4.5,295,1,,,,,true,,free,,
5W4JaUSSvL9zXi0KJXWvzA__fitness_and_instruction,5W4JaUSSvL9zXi0KJXWvzA,Prime Fitness RX,Fitness & Instruction,5W4JaUSSvL9zXi0KJXWvzA,Fitness & Instruction,29.9520506,-90.0703336,662.255828,-491.862988,New Orleans,LA,3.5,14,1,,,,,,,,,"{""Monday"": ""0:0-0:0"", ""Tuesday"": ""0:0-0:0"", ""Wednesday"": ""0:0-0:0"", ""Thursday"": ""0:0-0:0"", ""Friday"": ""0:0-0:0"", ""Saturday"": ""0:0-0:0"", ""Sunday"": ""0:0-0:0""}"
Hy7oJvCAerQg1eTSzY_sCQ__american_(traditional),Hy7oJvCAerQg1eTSzY_sCQ,Bistreaux At the Bank,American (Traditional),Hy7oJvCAerQg1eTSzY_sCQ,American (Traditional),29.9491065,-90.0697532,718.171548,-819.235293,New Orleans,LA,3.0,5,0,2,true,false,false,false,full_bar,free,,"{""Monday"": ""17:0-21:0"", ""Tuesday"": ""17:0-21:0"", ""Wednesday"": ""17:0-21:0"", ""Thursday"": ""17:0-21:0"", ""Friday"": ""17:0-21:0"", ""Saturday"": ""17:0-21:0""}"
pUlpCJBYR7chLMMUKA5Ydg__venues_and_event_spaces,pUlpCJBYR7chLMMUKA5Ydg,The Maison,Venues & Event Spaces,pUlpCJBYR7chLMMUKA5Ydg,Venues & Event Spaces,29.9627937,-90.0580004,1850.435975,702.714009,New Orleans,LA,4.0,565,1,2,true,false,false,false,full_bar,no,casual|classy,"{""Monday"": ""0:0-0:0"", ""Tuesday"": ""13:0-3:0"", ""Wednesday"": ""13:0-2:0"", ""Friday"": ""19:0-2:0"", ""Saturday"": ""19:0-2:0"", ""Sunday"": ""19:0-2:0""}"
TVDe34aKHkjaEOtCqffwbw__burgers,TVDe34aKHkjaEOtCqffwbw,BB King's Blues Club,Burgers,TVDe34aKHkjaEOtCqffwbw,Burgers,29.9601224,-90.0595561,1700.560583,405.682950,New Orleans,LA,4.0,572,1,2,true,false,true,true,full_bar,no,casual|touristy,"{""Monday"": ""11:0-23:0"", ""Tuesday"": ""11:0-23:0"", ""Wednesday"": ""11:0-23:0"", ""Thursday"": ""11:0-23:0"", ""Friday"": ""11:0-0:0"", ""Saturday"": ""11:0-0:0"", ""Sunday"": ""11:0-23:0""}"
7kV8IVOAm2UNAP4vhMEuJQ__desserts,7kV8IVOAm2UNAP4vhMEuJQ,Gelato Pazzo Caffe,Desserts,7kV8IVOAm2UNAP4vhMEuJQ,Desserts,29.9477866,-90.1300849,-5094.182759,-966.001679,New Orleans,LA,3.5,11,0,1,true,,true,true,none,,,
YXG8iURXM5MCcZqKbcC0Qg__art_galleries,YXG8iURXM5MCcZqKbcC0Qg,Gallery Burguieres,Art Galleries,YXG8iURXM5MCcZqKbcC0Qg,Art Galleries,29.9585950,-90.0640114,1271.336401,235.839226,New Orleans,LA,4.0,13,1,2,,,,true,,,,"{""Monday"": ""10:0-19:0"", ""Tuesday"": ""10:0-19:0"", ""Wednesday"": ""10:0-19:0"", ""Thursday"": ""10:0-19:0"", ""Friday"": ""10:0-19:0"", ""Saturday"": ""10:0-19:0"", ""Sunday"": ""10:0-19:0""}"
BrospeMqVM_tF9HH0RHuog__american_(traditional),BrospeMqVM_tF9HH0RHuog,Gene's PO-Boys,American (Traditional),BrospeMqVM_tF9HH0RHuog,American (Traditional),29.9683991,-90.0573491,1913.182199,1326.006912,New Orleans,LA,4.0,292,0,2,true,false,false,true,beer_and_wine,no,divey,"{""Monday"": ""0:0-0:0"", ""Tuesday"": ""0:0-0:0"", ""Wednesday"": ""0:0-0:0"", ""Thursday"": ""0:0-0:0"", ""Friday"": ""0:0-0:0"", ""Saturday"": ""0:0-0:0"", ""Sunday"": ""0:0-0:0""}"
dTwIKYxYGB95_rlIKJeAyQ__art_galleries,dTwIKYxYGB95_rlIKJeAyQ,Poets Custom Framing,Art Galleries,dTwIKYxYGB95_rlIKJeAyQ,Art Galleries,29.9201970,-90.1039507,-2576.414655,-4033.829465,New Orleans,LA,5.0,7,1,2,,,,true,,,,"{""Monday"": ""10:30-17:30"", ""Tuesday"": ""10:30-17:30"", ""Wednesday"": ""10:30-17:30"", ""Thursday"": ""10:30-17:30"", ""Friday"": ""10:30-17:30"", ""Saturday"": ""10:30-16:0""}"
zbgsdPMmrNM_QiZXslbJXA__seafood,zbgsdPMmrNM_QiZXslbJXA,Mr Ed's Oyster Bar & Fish House - Iberville,Seafood,zbgsdPMmrNM_QiZXslbJXA,Seafood,29.9551993,-90.0694577,746.640010,-141.745908,New Orleans,LA,4.5,158,0,2,true,false,false,true,full_bar,no,casual,"{""Monday"": ""0:0-0:0"", ""Tuesday"": ""11:0-0:0"", ""Wednesday"": ""11:0-0:0"", ""Thursday"": ""11:0-0:0"", ""Friday"": ""11:0-0:0"", ""Saturday"": ""11:0-0:0"", ""Sunday"": ""11:0-0:0""}"
UETVEQioIN2Kr-G5XzAMqg__specialty_food,UETVEQioIN2Kr-G5XzAMqg,Broadview Seafood,Specialty Food,UETVEQioIN2Kr-G5XzAMqg,Specialty Food,29.9773961,-90.0767389,45.169404,2326.429049,New Orleans,LA,4.5,66,1,2,true,true,,,,,,"{""Monday"": ""11:0-19:0"", ""Tuesday"": ""11:0-19:0"", ""Wednesday"": ""11:0-19:0"", ""Thursday"": ""11:0-19:0"", ""Friday"": ""11:0-19:0"", ""Saturday"": ""11:0-19:0"", ""Sunday"": ""11:0-19:0""}"
rNfFdGIFT27ItMzG3qQCWQ__sandwiches,rNfFdGIFT27ItMzG3qQCWQ,Em Trai Sandwich,Sandwiches,rNfFdGIFT27ItMzG3qQCWQ,Sandwiches,29.9685778,-90.0525283,2377.617937,1345.877473,New Orleans,LA,4.5,49,0,2,true,,false,,full_bar,,casual,"{""Monday"": ""12:0-21:0"", ""Tuesday"": ""12:0-21:0"", ""Wednesday"": ""12:0-21:0"", ""Thursday"": ""12:0-21:0"", ""Friday"": ""12:0-21:0""}"
xdIUHgxMScxlGiiEdwsgnA__beer,xdIUHgxMScxlGiiEdwsgnA,HARO coffee & chocolate,Beer,xdIUHgxMScxlGiiEdwsgnA,Beer,29.9475958,-90.0725428,449.421562,-987.217701,New Orleans,LA,4.0,43,0,1,true,false,false,true,,free,casual,
9OCsSHr6OCSyR91BFIbszQ__specialty_food,9OCsSHr6OCSyR91BFIbszQ,The Original French Market Restaurant and Bar,Specialty Food,9OCsSHr6OCSyR91BFIbszQ,Specialty Food,29.9592917,-90.0607549,1585.067521,313.308838,New Orleans,LA,3.5,997,1,2,true,false,true,true,full_bar,free,casual,"{""Monday"": ""12:0-21:0"", ""Tuesday"": ""12:0-21:0"", ""Wednesday"": ""12:0-21:0"", ""Thursday"": ""12:0-21:0"", ""Friday"": ""11:0-22:0"", ""Saturday"": ""11:0-22:0"", ""Sunday"": ""11:0-22:0""}"
oLNTzsLmr5LMbBCA2SQWqg__american_(traditional),oLNTzsLmr5LMbBCA2SQWqg,Jackson Brewery Bistro Bar,American (Traditional),oLNTzsLmr5LMbBCA2SQWqg,American (Traditional),29.9563144,-90.0627314,1394.651566,-17.752274,New Orleans,LA,3.0,167,0,2,true,false,true,false,full_bar,free,casual,
phjKQDkg4l062nUifkqbLQ__fast_food,phjKQDkg4l062nUifkqbLQ,Wendy's,Fast Food,phjKQDkg4l062nUifkqbLQ,Fast Food,29.9618757,-90.1149742,-3638.418340,600.636926,New Orleans,LA,1.5,17,1,1,true,true,false,true,none,free,,"{""Monday"": ""6:0-2:0"", ""Tuesday"": ""6:0-2:0"", ""Wednesday"": ""6:0-2:0"", ""Thursday"": ""6:0-2:0"", ""Friday"": ""6:0-2:0"", ""Saturday"": ""6:30-2:0"", ""Sunday"": ""7:0-2:0""}"
5GtSeo2OyXeSveJn5Ojxig__desserts,5GtSeo2OyXeSveJn5Ojxig,Mona's Cafe,Desserts,5GtSeo2OyXeSveJn5Ojxig,Desserts,29.9626308,-90.0578342,1866.447678,684.600331,New Orleans,LA,4.0,241,0,2,true,true,false,true,beer_and_wine,no,casual,"{""Monday"": ""11:0-21:30"", ""Tuesday"": ""11:0-21:30"", ""Wednesday"": ""11:0-21:30"", ""Thursday"": ""11:0-21:30"", ""Friday"": ""11:0-22:30"", ""Saturday"": ""11:0-22:30"", ""Sunday"": ""12:0-20:30""}"
Jk7abQBp7BTOt7c5F88Jwg__cafes,Jk7abQBp7BTOt7c5F88Jwg,Popcorn Bistro,Cafes,Jk7abQBp7BTOt7c5F88Jwg,Cafes,29.9462114,-90.0620117,1463.990662,-1141.161607,New Orleans,LA,4.0,20,1,1,true,,,true,,,,"{""Monday"": ""10:0-21:0"", ""Tuesday"": ""10:0-21:0"", ""Wednesday"": ""10:0-21:0"", ""Thursday"": ""10:0-21:0"", ""Friday"": ""10:0-21:0"", ""Saturday"": ""10:0-21:0"", ""Sunday"": ""10:0-19:0""}"
QOyQSgog61fY8kI4IxIBuA__coffee_and_tea,QOyQSgog61fY8kI4IxIBuA,Z'otz,Coffee & Tea,QOyQSgog61fY8kI4IxIBuA,Coffee & Tea,29.9481733,-90.1309807,-5180.484107,-923.002542,New Orleans,LA,4.0,175,1,1,true,,true,,,free,,"{""Monday"": ""7:0-1:0"", ""Tuesday"": ""7:0-1:0"", ""Wednesday"": ""7:0-1:0"", ""Thursday"": ""7:0-1:0"", ""Friday"": ""7:0-1:0"", ""Saturday"": ""7:0-1:0"", ""Sunday"": ""7:0-1:0""}"
0QKdimej8VlFkE-rUosx4A__sandwiches,0QKdimej8VlFkE-rUosx4A,Royal Street Deli,Sandwiches,0QKdimej8VlFkE-rUosx4A,Sandwiches,29.9589985,-90.0640184,1270.662022,280.706441,New Orleans,LA,4.0,69,0,2,true,true,false,true,full_bar,,casual|hipster,"{""Monday"": ""11:0-22:0"", ""Tuesday"": ""11:0-22:0"", ""Wednesday"": ""11:0-22:0"", ""Thursday"": ""11:0-22:0"", ""Friday"": ""11:0-0:0"", ""Saturday"": ""11:0-0:0""}"
jQin_jOY3ip4BXAxJnQSug__art_galleries,jQin_jOY3ip4BXAxJnQSug,HAUNT NOLA,Art Galleries,jQin_jOY3ip4BXAxJnQSug,Art Galleries,29.9592715,-90.0625585,1411.308747,311.062698,New Orleans,LA,4.5,9,1,,,,,,,,,
agK5cXwnBQozM2M-5kLvzw__beer,agK5cXwnBQozM2M-5kLvzw,Red Gravy,Beer,agK5cXwnBQozM2M-5kLvzw,Beer,29.9520107,-90.0686301,826.370971,-496.302541,New Orleans,LA,3.5,598,0,2,true,false,true,true,full_bar,no,casual,"{""Monday"": ""8:0-14:0"", ""Wednesday"": ""8:0-14:0"", ""Thursday"": ""8:0-14:0"", ""Friday"": ""8:0-14:0"", ""Saturday"": ""8:0-14:0"", ""Sunday"": ""8:0-14:0""}"
I0_cJq9-T8STDafrdqMR9A__pizza,I0_cJq9-T8STDafrdqMR9A,Papa John's Pizza,Pizza,I0_cJq9-T8STDafrdqMR9A,Pizza,29.9467961,-90.1130906,-3456.952368,-1076.140406,New Orleans,LA,2.5,20,1,1,true,true,false,true,none,no,casual,
2oJV-vS0Cu8cYt7_TbzOww__specialty_food,2oJV-vS0Cu8cYt7_TbzOww,Cleaver & Co,Specialty Food,2oJV-vS0Cu8cYt7_TbzOww,Specialty Food,29.9290257,-90.0974410,-1949.269075,-3052.124162,New Orleans,LA,4.0,25,0,2,true,false,,,,,,"{""Monday"": ""11:0-19:0"", ""Tuesday"": ""11:0-19:0"", ""Wednesday"": ""11:0-19:0"", ""Thursday"": ""11:0-19:0"", ""Friday"": ""11:0-19:0"", ""Saturday"": ""11:0-19:0""}"
98UZXU82kKK0YZgPJhTpAQ__sandwiches,98UZXU82kKK0YZgPJhTpAQ,McAlister's Deli,Sandwiches,98UZXU82kKK0YZgPJhTpAQ,Sandwiches,29.9496700,-90.0644080,1233.127968,-756.576865,New Orleans,LA,3.0,18,1,1,true,false,true,false,none,,,"{""Monday"": ""0:0-0:0"", ""Tuesday"": ""10:30-20:0"", ""Wednesday"": ""11:0-23:0"", ""Thursday"": ""11:0-23:0"", ""Friday"": ""11:0-2:0"", ""Saturday"": ""11:0-2:0"", ""Sunday"": ""11:0-23:0""}"
wjZwXKDiFBQXlO8-TjQTXA__southern,wjZwXKDiFBQXlO8-TjQTXA,Tujague's Restaurant,Southern,wjZwXKDiFBQXlO8-TjQTXA,Southern,29.9550334,-90.0645679,1217.723207,-160.193417,New Orleans,LA,3.5,591,1,2,false,false,true,false,full_bar,no,classy,"{""Monday"": ""17:0-22:30"", ""Tuesday"": ""11:0-21:0"", ""Wednesday"": ""17:0-21:0"", ""Thursday"": ""11:0-21:0"", ""Friday"": ""17:0-22:0"", ""Saturday"": ""17:0-22:0"", ""Sunday"": ""17:0-21:0""}"
XkQadWW9bUR855KvPZBNUw__american_(new),XkQadWW9bUR855KvPZBNUw,Gordon Biersch Brewery Restaurant,American (New),XkQadWW9bUR855KvPZBNUw,American (New),29.9480390,-90.0649750,1178.503204,-937.936041,New Orleans,LA,3.0,611,1,2,true,true,true,true,full_bar,free,casual|classy,"{""Monday"": ""0:0-0:0"", ""Tuesday"": ""11:0-23:0"", ""Wednesday"": ""11:0-23:0"", ""Thursday"": ""16:0-23:0"", ""Friday"": ""11:0-0:0"", ""Saturday"": ""11:0-0:0"", ""Sunday"": ""10:30-23:0""}"
KEIZyGFin1q2zcR9SIS_Ag__coffee_and_tea,KEIZyGFin1q2zcR9SIS_Ag,PJ's Coffee,Coffee & Tea,KEIZyGFin1q2zcR9SIS_Ag,Coffee & Tea,29.9211280,-90.0114277,6337.248604,-3930.306845,New Orleans,LA,3.5,21,1,1,true,true,true,,,free,,"{""Monday"": ""5:0-20:0"", ""Tuesday"": ""5:0-20:0"", ""Wednesday"": ""5:0-20:0"", ""Thursday"": ""5:0-12:0"", ""Friday"": ""5:0-20:0"", ""Saturday"": ""5:0-20:0"", ""Sunday"": ""5:0-20:0""}"
F_3AV0KEJVuDKa3AFWbXnQ__cocktail_bars,F_3AV0KEJVuDKa3AFWbXnQ,Tchoupitoulas Beer Garden,Cocktail Bars,F_3AV0KEJVuDKa3AFWbXnQ,Cocktail Bars,29.9441210,-90.0669540,987.846399,-1373.598365,New Orleans,LA,3.0,23,0,2,true,false,false,,full_bar,free,touristy,"{""Tuesday"": ""11:0-0:0"", ""Wednesday"": ""11:0-0:0"", ""Thursday"": ""11:0-0:0"", ""Friday"": ""11:0-1:0"", ""Saturday"": ""11:0-1:0"", ""Sunday"": ""11:0-21:0""}"
qJ3kamnPgHo_4YbeRo8gfg__fitness_and_instruction,qJ3kamnPgHo_4YbeRo8gfg,SMX Training,Fitness & Instruction,qJ3kamnPgHo_4YbeRo8gfg,Fitness & Instruction,29.9206727,-90.1160703,-3744.016583,-3980.933965,New Orleans,LA,5.0,8,1,,,,,true,,,,"{""Monday"": ""5:30-21:0"", ""Tuesday"": ""5:30-21:0"", ""Wednesday"": ""5:30-21:0"", ""Thursday"": ""5:30-21:0"", ""Friday"": ""5:30-21:0"", ""Saturday"": ""6:0-16:0"", ""Sunday"": ""8:0-16:0""}"
q2rNovrR1ygAr5TLHSX70g__fast_food,q2rNovrR1ygAr5TLHSX70g,Subway,Fast Food,q2rNovrR1ygAr5TLHSX70g,Fast Food,29.9527819,-90.0783013,-105.349394,-410.551920,New Orleans,LA,2.5,12,1,1,true,false,false,true,none,no,,"{""Monday"": ""9:0-15:0"", ""Tuesday"": ""9:0-15:0"", ""Wednesday"": ""9:0-15:0"", ""Thursday"": ""9:0-15:0"", ""Friday"": ""9:0-15:0""}"
mhrW9O0O5hXGXGnEYBVoag__seafood,mhrW9O0O5hXGXGnEYBVoag,Jacques-Imo's Cafe,Seafood,mhrW9O0O5hXGXGnEYBVoag,Seafood,29.9490417,-90.1322295,-5300.793464,-826.440734,New Orleans,LA,4.5,2406,1,2,true,false,,true,full_bar,no,casual|classy,"{""Monday"": ""0:0-0:0"", ""Wednesday"": ""17:0-21:0"", ""Thursday"": ""17:0-22:0"", ""Friday"": ""17:0-22:0"", ""Saturday"": ""16:0-22:0""}"
WENbCl6Z11qLfmolyOfaeg__american_(new),WENbCl6Z11qLfmolyOfaeg,Warehouse Grille,American (New),WENbCl6Z11qLfmolyOfaeg,American (New),29.9439830,-90.0697446,719.002953,-1388.945955,New Orleans,LA,3.5,271,0,2,true,false,true,true,full_bar,free,casual,"{""Monday"": ""11:0-0:0"", ""Tuesday"": ""11:0-0:0"", ""Wednesday"": ""11:0-0:0"", ""Thursday"": ""11:0-0:0"", ""Friday"": ""11:0-0:0"", ""Saturday"": ""9:0-0:0"", ""Sunday"": ""9:0-0:0""}"
sojdFExw0HlPCcgM_G1n9w__pizza,sojdFExw0HlPCcgM_G1n9w,Garage Pizza,Pizza,sojdFExw0HlPCcgM_G1n9w,Pizza,29.9659603,-90.0377910,3797.409011,1054.824350,New Orleans,LA,4.0,85,1,2,true,true,,false,none,free,,"{""Monday"": ""10:0-22:0"", ""Tuesday"": ""10:0-22:0"", ""Wednesday"": ""10:0-22:0"", ""Thursday"": ""10:0-22:0"", ""Friday"": ""10:0-22:0"", ""Saturday"": ""10:0-22:0"", ""Sunday"": ""10:0-22:0""}"
yTjAklAfdPSXsQk8bL8YbQ__pizza,yTjAklAfdPSXsQk8bL8YbQ,Papas Pizza,Pizza,yTjAklAfdPSXsQk8bL8YbQ,Pizza,29.9531433,-90.0677983,906.506560,-370.362993,New Orleans,LA,3.5,15,0,1,true,true,false,false,none,,,
BqI7wAq0WkpWPLjUcKjjnw__fast_food,BqI7wAq0WkpWPLjUcKjjnw,Jimmy John's,Fast Food,BqI7wAq0WkpWPLjUcKjjnw,Fast Food,29.9499570,-90.0733993,366.906375,-724.663877,New Orleans,LA,3.0,51,1,1,true,true,false,true,none,no,casual,"{""Monday"": ""10:30-20:0"", ""Tuesday"": ""10:30-20:0"", ""Wednesday"": ""10:30-20:0"", ""Thursday"": ""10:30-20:0"", ""Friday"": ""10:30-20:0"", ""Saturday"": ""10:30-20:0"", ""Sunday"": ""10:30-20:0""}"
Ni4_uzV4Tla2yqLEJH0A5w__pizza,Ni4_uzV4Tla2yqLEJH0A5w,Naked Pizza,Pizza,Ni4_uzV4Tla2yqLEJH0A5w,Pizza,29.9470131,-90.1138034,-3525.623500,-1052.011074,New Orleans,LA,3.5,89,0,2,true,true,false,true,none,no,trendy,"{""Monday"": ""10:30-23:0"", ""Tuesday"": ""10:30-23:0"", ""Wednesday"": ""10:30-23:0"", ""Thursday"": ""10:30-23:0"", ""Friday"": ""10:30-0:0"", ""Saturday"": ""10:30-0:0"", ""Sunday"": ""10:30-23:0""}"
Hb1mbcX7WcHaISJSmx1lPg__cajun_creole,Hb1mbcX7WcHaISJSmx1lPg,Jackson,Cajun/Creole,Hb1mbcX7WcHaISJSmx1lPg,Cajun/Creole,29.9312630,-90.0739399,314.824986,-2803.344707,New Orleans,LA,3.5,41,0,2,true,false,true,false,full_bar,,classy,"{""Monday"": ""11:0-22:0"", ""Wednesday"": ""11:0-22:0"", ""Thursday"": ""11:0-22:0"", ""Friday"": ""11:0-22:0"", ""Saturday"": ""11:0-22:0"", ""Sunday"": ""10:0-15:0""}"
oo3Jpr_Nqw73fybrQjpcHg__coffee_and_tea,oo3Jpr_Nqw73fybrQjpcHg,PJ's Coffee,Coffee & Tea,oo3Jpr_Nqw73fybrQjpcHg,Coffee & Tea,29.9450338,-90.0716839,532.167964,-1272.099496,New Orleans,LA,4.0,5,1,,,,,,,free,,"{""Monday"": ""0:0-0:0"", ""Tuesday"": ""7:0-13:0"", ""Wednesday"": ""7:0-13:0"", ""Thursday"": ""7:0-13:0"", ""Friday"": ""7:0-13:0"", ""Saturday"": ""6:45-13:0"", ""Sunday"": ""7:0-13:0""}"
GBchqTKrmBzZl_0LHHk_2A__cajun_creole,GBchqTKrmBzZl_0LHHk_2A,La Cote Brasserie,Cajun/Creole,GBchqTKrmBzZl_0LHHk_2A,Cajun/Creole,29.9459890,-90.0669960,983.800120,-1165.885956,New Orleans,LA,3.5,29,0,3,true,false,false,false,full_bar,,,
Y-nPMfGB29SbkAMZvT7ERA__burgers,Y-nPMfGB29SbkAMZvT7ERA,MVB,Burgers,Y-nPMfGB29SbkAMZvT7ERA,Burgers,29.9232086,-90.0882878,-1067.451303,-3698.954361,New Orleans,LA,4.0,19,0,2,true,false,false,true,none,,,
-SL4pxguo0YQlEcOFZLEGQ__fitness_and_instruction,-SL4pxguo0YQlEcOFZLEGQ,GymMatrix,Fitness & Instruction,-SL4pxguo0YQlEcOFZLEGQ,Fitness & Instruction,29.9160711,-90.1129317,-3441.646682,-4492.609736,New Orleans,LA,4.5,21,0,,,,,false,,,,"{""Monday"": ""0:0-0:0"", ""Tuesday"": ""0:0-0:0"", ""Wednesday"": ""0:0-0:0"", ""Thursday"": ""0:0-0:0"", ""Friday"": ""0:0-0:0"", ""Saturday"": ""0:0-0:0"", ""Sunday"": ""0:0-0:0""}"
LGuxQ2tn_NNnFQRiOgqbpw__southern,LGuxQ2tn_NNnFQRiOgqbpw,Seersucker Restaurant & Catering,Southern,LGuxQ2tn_NNnFQRiOgqbpw,Southern,29.9296080,-90.0483260,2782.467403,-2987.372565,New Orleans,LA,4.5,45,0,2,true,false,false,true,none,paid,casual,"{""Monday"": ""11:0-15:0"", ""Tuesday"": ""11:0-15:0"", ""Wednesday"": ""11:0-15:0"", ""Thursday"": ""11:0-15:0"", ""Friday"": ""11:0-15:0""}"
UxPNpzKEC4FpdidHz8MCcA__fast_food,UxPNpzKEC4FpdidHz8MCcA,McDonald's,Fast Food,UxPNpzKEC4FpdidHz8MCcA,Fast Food,29.9632887,-90.1118321,-3335.708513,757.752683,New Orleans,LA,2.5,23,1,1,true,true,false,true,none,free,,"{""Monday"": ""0:0-0:0"", ""Tuesday"": ""0:0-0:0"", ""Wednesday"": ""0:0-0:0"", ""Thursday"": ""0:0-0:0"", ""Friday"": ""0:0-0:0"", ""Saturday"": ""0:0-0:0"", ""Sunday"": ""0:0-0:0""}"
TiXkzPmmUAOwEexLmck2Tw__pizza,TiXkzPmmUAOwEexLmck2Tw,Desperados Pizza,Pizza,TiXkzPmmUAOwEexLmck2Tw,Pizza,29.9655848,-90.0578371,1866.168292,1013.070598,New Orleans,LA,3.0,20,0,2,true,true,true,true,full_bar,no,,"{""Monday"": ""17:0-2:0"", ""Tuesday"": ""17:0-2:0"", ""Wednesday"": ""17:0-2:0"", ""Thursday"": ""17:0-2:0"", ""Friday"": ""17:0-4:0"", ""Saturday"": ""17:0-4:0""}"
MuJBELBk9VXJjH0tryDh1w__breakfast_and_brunch,MuJBELBk9VXJjH0tryDh1w,El Pavo Real,Breakfast & Brunch,MuJBELBk9VXJjH0tryDh1w,Breakfast & Brunch,29.9491260,-90.1044203,-2621.659557,-817.064198,New Orleans,LA,4.0,186,1,2,true,false,true,true,full_bar,no,casual|classy,"{""Monday"": ""0:0-0:0"", ""Tuesday"": ""11:0-20:0"", ""Wednesday"": ""11:0-20:0"", ""Thursday"": ""11:0-20:0"", ""Friday"": ""11:0-20:0"", ""Saturday"": ""11:0-20:0""}"
nZylsS7ath_-bS3We12VIQ__art_galleries,nZylsS7ath_-bS3We12VIQ,Martin Lawrence Galleries,Art Galleries,nZylsS7ath_-bS3We12VIQ,Art Galleries,29.9562796,-90.0665185,1029.802457,-21.621863,New Orleans,LA,4.0,8,1,4,,,,false,,,,"{""Monday"": ""10:0-19:0"", ""Tuesday"": ""10:0-19:0"", ""Wednesday"": ""10:0-19:0"", ""Thursday"": ""10:0-19:0"", ""Friday"": ""10:0-20:0"", ""Saturday"": ""9:0-21:0"", ""Sunday"": ""10:0-19:0""}"
u08-CrCg_f9sdGD5BtL-QA__cocktail_bars,u08-CrCg_f9sdGD5BtL-QA,St. Pat's Irish Coffeehouse,Cocktail Bars,u08-CrCg_f9sdGD5BtL-QA,Cocktail Bars,29.9574355,-90.0691840,773.008261,106.908530,New Orleans,LA,5.0,47,1,,true,false,true,,full_bar,free,,"{""Monday"": ""8:0-17:0"", ""Tuesday"": ""8:0-20:0"", ""Wednesday"": ""8:0-20:0"", ""Thursday"": ""8:0-20:0"", ""Friday"": ""8:0-23:0"", ""Saturday"": ""8:0-23:0"", ""Sunday"": ""9:0-21:0""}"
NRfPp3teG31PgEJuIipbSw__specialty_food,NRfPp3teG31PgEJuIipbSw,P & J Oyster Co.,Specialty Food,NRfPp3teG31PgEJuIipbSw,Specialty Food,29.9596040,-90.0688179,808.278324,348.035062,New Orleans,LA,5.0,10,1,1,true,false,false,,none,no,,"{""Monday"": ""5:0-11:0"", ""Tuesday"": ""5:0-11:0"", ""Wednesday"": ""5:0-11:0"", ""Thursday"": ""5:0-11:0"", ""Friday"": ""5:0-11:0""}"
BO0obUwPGWytgFR5zkhE5Q__pizza,BO0obUwPGWytgFR5zkhE5Q,Outlaw Pizza,Pizza,BO0obUwPGWytgFR5zkhE5Q,Pizza,29.9440467,-90.0657537,1103.484867,-1381.860038,New Orleans,LA,3.0,117,1,2,true,,true,true,full_bar,free,casual,"{""Monday"": ""11:0-1:0"", ""Tuesday"": ""11:0-1:0"", ""Wednesday"": ""11:0-1:0"", ""Thursday"": ""11:0-1:0"", ""Friday"": ""11:0-4:0"", ""Saturday"": ""11:0-4:0"", ""Sunday"": ""11:0-1:0""}"
JXqEKTVHCobDn1TIwQFnuA__desserts,JXqEKTVHCobDn1TIwQFnuA,Broad Street Snowballs,Desserts,JXqEKTVHCobDn1TIwQFnuA,Desserts,29.9811056,-90.0739810,310.865413,2738.907199,New Orleans,LA,4.0,5,1,1,true,,,,,,,
BKVqNzdYC7oV68uViYtmiw__cajun_creole,BKVqNzdYC7oV68uViYtmiw,Willie's Chicken Shack,Cajun/Creole,BKVqNzdYC7oV68uViYtmiw,Cajun/Creole,29.9537782,-90.0657538,1103.473634,-299.765237,New Orleans,LA,3.0,18,1,,true,,,,,,,"{""Monday"": ""11:0-1:0"", ""Tuesday"": ""11:0-1:0"", ""Wednesday"": ""11:0-1:0"", ""Thursday"": ""11:0-1:0"", ""Friday"": ""11:0-1:0"", ""Saturday"": ""10:0-1:0"", ""Sunday"": ""10:0-1:0""}"
Cm_l5Zp_5ahUrzz3cifdgQ__burgers,Cm_l5Zp_5ahUrzz3cifdgQ,Markey's Bar,Burgers,Cm_l5Zp_5ahUrzz3cifdgQ,Burgers,29.9630317,-90.0438388,3214.764127,729.178438,New Orleans,LA,4.0,80,1,1,true,false,true,false,full_bar,free,casual|classy|divey,"{""Monday"": ""15:0-2:0"", ""Tuesday"": ""15:0-2:0"", ""Wednesday"": ""15:0-2:0"", ""Thursday"": ""15:0-2:0"", ""Friday"": ""15:0-2:0"", ""Saturday"": ""11:0-2:0"", ""Sunday"": ""11:0-2:0""}"
iYUwyARgC_RNPA1rTlL3-Q__southern,iYUwyARgC_RNPA1rTlL3-Q,Crabby Jack's,Southern,iYUwyARgC_RNPA1rTlL3-Q,Southern,29.9647020,-90.1355104,-5616.875279,914.907581,New Orleans,LA,4.5,382,1,2,true,false,true,true,none,no,casual,"{""Tuesday"": ""10:30-15:0"", ""Wednesday"": ""10:30-15:0"", ""Thursday"": ""10:30-15:0"", ""Friday"": ""10:30-15:0"", ""Saturday"": ""10:30-15:0""}"
S3gBzAnnRjdaBcveh_1J8Q__fitness_and_instruction,S3gBzAnnRjdaBcveh_1J8Q,"Higher Purpose Healing Massage, Meditation, Natural Therapy",Fitness & Instruction,S3gBzAnnRjdaBcveh_1J8Q,Fitness & Instruction,29.9240340,-90.0936790,-1586.839361,-3607.173942,New Orleans,LA,5.0,7,1,,,,,true,,free,,"{""Monday"": ""0:0-0:0"", ""Tuesday"": ""9:0-17:0"", ""Wednesday"": ""9:0-18:0"", ""Thursday"": ""9:0-17:0"", ""Friday"": ""9:0-11:0"", ""Saturday"": ""9:0-17:0""}"
fAo8CUFSTgxVeKKyurQadQ__cajun_creole,fAo8CUFSTgxVeKKyurQadQ,Buster's Soul Food,Cajun/Creole,fAo8CUFSTgxVeKKyurQadQ,Cajun/Creole,29.9344029,-90.0805347,-320.517863,-2454.203275,New Orleans,LA,2.5,8,0,1,true,false,true,false,full_bar,,,
Xwy4T_2OsaQ8kSqxdL92Ow__seafood,Xwy4T_2OsaQ8kSqxdL92Ow,The Curious Oyster Co,Seafood,Xwy4T_2OsaQ8kSqxdL92Ow,Seafood,29.9693990,-90.0521750,2411.654850,1437.190873,New Orleans,LA,4.5,9,0,,,false,true,,,,,"{""Monday"": ""12:0-20:0"", ""Tuesday"": ""12:0-20:0"", ""Wednesday"": ""12:0-20:0"", ""Thursday"": ""12:0-20:0"", ""Friday"": ""12:0-21:0"", ""Saturday"": ""12:0-21:0"", ""Sunday"": ""12:0-20:0""}"
Rqy6bGteapJSxhII3fpQtQ__specialty_food,Rqy6bGteapJSxhII3fpQtQ,Blue Frog Chocolates,Specialty Food,Rqy6bGteapJSxhII3fpQtQ,Specialty Food,29.9215730,-90.1181947,-3948.681221,-3880.825035,New Orleans,LA,4.5,30,0,2,true,,,,,,,"{""Monday"": ""10:0-18:0"", ""Tuesday"": ""10:0-18:0"", ""Wednesday"": ""10:0-18:0"", ""Thursday"": ""10:0-18:0"", ""Friday"": ""10:0-18:0"", ""Saturday"": ""10:0-17:0"", ""Sunday"": ""12:0-17:0""}"
Ok5XP4P33_6qNo5uMO3vxQ__venues_and_event_spaces,Ok5XP4P33_6qNo5uMO3vxQ,ARTmazing Studios,Venues & Event Spaces,Ok5XP4P33_6qNo5uMO3vxQ,Venues & Event Spaces,29.9539883,-90.0656920,1109.427444,-276.403150,New Orleans,LA,5.0,26,1,,,,,,,free,,"{""Monday"": ""0:0-0:0"", ""Tuesday"": ""9:0-17:0"", ""Wednesday"": ""9:0-17:0"", ""Thursday"": ""13:0-19:0"", ""Friday"": ""11:0-18:0"", ""Saturday"": ""11:0-18:0"", ""Sunday"": ""11:0-18:0""}"
yLh19zRsOYbs2ukRTEhkpA__cocktail_bars,yLh19zRsOYbs2ukRTEhkpA,The Chloe,Cocktail Bars,yLh19zRsOYbs2ukRTEhkpA,Cocktail Bars,29.9270738,-90.0993069,-2129.031091,-3269.163137,New Orleans,LA,4.5,101,1,,true,false,true,,full_bar,free,,"{""Monday"": ""11:0-22:0"", ""Tuesday"": ""11:0-22:0"", ""Wednesday"": ""11:0-22:0"", ""Thursday"": ""11:0-22:0"", ""Friday"": ""11:0-0:30"", ""Saturday"": ""11:0-20:0"", ""Sunday"": ""10:0-21:0""}"
AhVvuzwWQU__CligbY4r0Q__cajun_creole,AhVvuzwWQU__CligbY4r0Q,Juan's Flying Burrito,Cajun/Creole,AhVvuzwWQU__CligbY4r0Q,Cajun/Creole,29.9305060,-90.0750713,205.825942,-2887.519383,New Orleans,LA,4.0,794,1,2,true,true,true,true,full_bar,free,casual|hipster,"{""Monday"": ""0:0-0:0"", ""Tuesday"": ""11:0-22:0"", ""Wednesday"": ""11:0-22:0"", ""Thursday"": ""11:0-22:0"", ""Friday"": ""11:0-22:0"", ""Saturday"": ""11:0-22:0"", ""Sunday"": ""11:0-22:0""}"
MPGfBQ3-GxpoPqIknjoAwg__cocktail_bars,MPGfBQ3-GxpoPqIknjoAwg,Double Dealer,Cocktail Bars,MPGfBQ3-GxpoPqIknjoAwg,Cocktail Bars,29.9544780,-90.0728180,422.908801,-221.950920,New Orleans,LA,4.5,19,1,,,,,,,,,"{""Friday"": ""18:0-1:0"", ""Saturday"": ""18:0-1:0""}"
CANuOWl6Z4soWkK2_1NWcw__southern,CANuOWl6Z4soWkK2_1NWcw,Deanie's Sea Food Kitchen,Southern,CANuOWl6Z4soWkK2_1NWcw,Southern,29.9294180,-90.0768484,34.620177,-3008.499630,New Orleans,LA,3.0,167,1,2,true,true,true,true,full_bar,no,casual,"{""Monday"": ""0:0-0:0"", ""Wednesday"": ""12:0-20:0"", ""Thursday"": ""12:0-20:0"", ""Friday"": ""12:0-20:0"", ""Saturday"": ""12:0-20:0"", ""Sunday"": ""12:0-20:0""}"
qiLvgdXkIjq0rw5HLYwxXw__venues_and_event_spaces,qiLvgdXkIjq0rw5HLYwxXw,Eiffel Society,Venues & Event Spaces,qiLvgdXkIjq0rw5HLYwxXw,Venues & Event Spaces,29.9343054,-90.0790555,-178.014040,-2465.043750,New Orleans,LA,3.5,76,0,2,false,false,true,false,full_bar,no,classy|trendy,"{""Monday"": ""11:0-19:0"", ""Tuesday"": ""11:0-19:0"", ""Wednesday"": ""11:0-19:0"", ""Thursday"": ""11:0-19:0"", ""Friday"": ""11:0-19:0"", ""Saturday"": ""11:0-19:0"", ""Sunday"": ""9:0-22:0""}"
wJgoSPBhtB2VmBilNYvf1A__art_galleries,wJgoSPBhtB2VmBilNYvf1A,Pop City,Art Galleries,wJgoSPBhtB2VmBilNYvf1A,Art Galleries,29.9241320,-90.0857730,-825.175540,-3596.276824,New Orleans,LA,4.0,8,0,2,,,,,,,,"{""Monday"": ""11:0-18:0"", ""Tuesday"": ""11:0-18:0"", ""Wednesday"": ""11:0-18:0"", ""Thursday"": ""11:0-18:0"", ""Friday"": ""11:0-19:0"", ""Saturday"": ""11:0-19:0"", ""Sunday"": ""11:0-18:0""}"
JIMo4CQNZiLYa8Tak4EFiA__coffee_and_tea,JIMo4CQNZiLYa8Tak4EFiA,La Vie En Rose Cafe,Coffee & Tea,JIMo4CQNZiLYa8Tak4EFiA,Coffee & Tea,29.9398338,-90.0797511,-245.024377,-1850.313913,New Orleans,LA,5.0,11,1,1,true,false,false,,none,free,,"{""Monday"": ""7:0-15:0"", ""Tuesday"": ""7:0-15:0"", ""Wednesday"": ""7:0-15:0"", ""Thursday"": ""7:0-15:0"", ""Friday"": ""7:0-15:0"", ""Saturday"": ""8:0-15:0"", ""Sunday"": ""8:0-15:0""}"
7dLQkwWU2fRqTlvplg0iMw__cafes,7dLQkwWU2fRqTlvplg0iMw,Revelator Coffee New Orleans,Cafes,7dLQkwWU2fRqTlvplg0iMw,Cafes,29.9468317,-90.0675327,932.094457,-1072.181861,New Orleans,LA,4.0,223,1,1,true,true,false,false,,free,,"{""Monday"": ""7:0-15:0"", ""Tuesday"": ""7:0-15:0"", ""Wednesday"": ""7:0-15:0"", ""Thursday"": ""7:0-15:0"", ""Friday"": ""7:0-15:0"", ""Saturday"": ""7:0-15:0"", ""Sunday"": ""7:0-15:0""}"
bDsAHMac9QIzh2SNZXFE0w__desserts,bDsAHMac9QIzh2SNZXFE0w,Cream-New Orleans,Desserts,bDsAHMac9QIzh2SNZXFE0w,Desserts,29.9595769,-90.0770127,18.791519,345.021675,New Orleans,LA,4.0,12,1,2,true,true,,,,,,"{""Monday"": ""0:0-0:0"", ""Tuesday"": ""7:0-16:0"", ""Wednesday"": ""7:0-16:0"", ""Thursday"": ""7:0-16:0"", ""Friday"": ""7:0-16:0"", ""Saturday"": ""7:0-15:0""}"
UX6y4Tbwsm0Y2kpgKsrxFA__fast_food,UX6y4Tbwsm0Y2kpgKsrxFA,Chipotle Mexican Grill,Fast Food,UX6y4Tbwsm0Y2kpgKsrxFA,Fast Food,29.9262277,-90.0829710,-555.229859,-3363.248352,New Orleans,LA,2.5,36,1,,true,true,true,,,,,"{""Monday"": ""0:0-0:0"", ""Tuesday"": ""10:45-22:0"", ""Wednesday"": ""10:45-22:0"", ""Thursday"": ""10:45-22:0"", ""Friday"": ""10:45-22:0"", ""Saturday"": ""10:45-22:0"", ""Sunday"": ""10:45-22:0""}"
IQ-FUxpwpibrfOpj6d8Asg__coffee_and_tea,IQ-FUxpwpibrfOpj6d8Asg,Cafe Du Monde,Coffee & Tea,IQ-FUxpwpibrfOpj6d8Asg,Coffee & Tea,29.9472010,-90.0621030,1455.191605,-1031.117518,New Orleans,LA,4.0,795,1,2,true,false,true,true,none,free,casual|touristy,"{""Monday"": ""10:0-19:0"", ""Tuesday"": ""10:0-19:0"", ""Wednesday"": ""10:0-19:0"", ""Thursday"": ""10:0-19:0"", ""Friday"": ""10:0-19:0"", ""Saturday"": ""10:0-19:0"", ""Sunday"": ""10:0-18:0""}"
8R-ObAoppiDpucPYjyncUw__venues_and_event_spaces,8R-ObAoppiDpucPYjyncUw,Embassy Suites by Hilton New Orleans,Venues & Event Spaces,8R-ObAoppiDpucPYjyncUw,Venues & Event Spaces,29.9450563,-90.0661787,1062.538924,-1269.602366,New Orleans,LA,2.5,276,1,2,false,false,false,true,full_bar,paid,,"{""Monday"": ""0:0-0:0"", ""Tuesday"": ""0:0-0:0"", ""Wednesday"": ""0:0-0:0"", ""Thursday"": ""0:0-0:0"", ""Friday"": ""0:0-0:0"", ""Saturday"": ""0:0-0:0"", ""Sunday"": ""0:0-0:0""}"
j-BFb0q6HWGm9Xfu8Qx4ug__fitness_and_instruction,j-BFb0q6HWGm9Xfu8Qx4ug,Pole Perfect Fitness,Fitness & Instruction,j-BFb0q6HWGm9Xfu8Qx4ug,Fitness & Instruction,29.9512170,-90.0649925,1176.817255,-584.558076,New Orleans,LA,3.5,25,1,,,,,false,,,,"{""Monday"": ""6:0-23:0"", ""Tuesday"": ""6:0-23:0"", ""Wednesday"": ""6:0-23:0"", ""Thursday"": ""6:0-23:0"", ""Friday"": ""6:0-23:0"", ""Saturday"": ""6:0-23:0"", ""Sunday"": ""6:0-23:0""}"
WBddJ9h_3-El2weqkPtddQ__seafood,WBddJ9h_3-El2weqkPtddQ,Peewee's Crab Cakes,Seafood,WBddJ9h_3-El2weqkPtddQ,Seafood,30.0029856,-90.0372757,3847.056419,5171.851418,New Orleans,LA,3.5,42,1,,,,,,,,,"{""Tuesday"": ""10:0-21:0"", ""Wednesday"": ""10:0-21:0"", ""Thursday"": ""10:0-21:0"", ""Friday"": ""10:0-22:0"", ""Saturday"": ""10:0-22:0"", ""Sunday"": ""10:0-17:0""}"
69R0QwXKjNDpilMgtzeLqA__cocktail_bars,69R0QwXKjNDpilMgtzeLqA,Luna Libre,Cocktail Bars,69R0QwXKjNDpilMgtzeLqA,Cocktail Bars,29.9661659,-90.0387605,3704.007408,1077.686059,New Orleans,LA,5.0,50,1,,true,true,true,,full_bar,free,,"{""Monday"": ""0:0-0:0"", ""Wednesday"": ""16:0-20:0"", ""Thursday"": ""16:0-20:0"", ""Friday"": ""16:0-20:0"", ""Saturday"": ""16:0-20:0"", ""Sunday"": ""8:30-13:0""}"
T6OtDhpyfyI_ZCK5zE8UuA__coffee_and_tea,T6OtDhpyfyI_ZCK5zE8UuA,Starbucks,Coffee & Tea,T6OtDhpyfyI_ZCK5zE8UuA,Coffee & Tea,29.9521150,-90.0680140,885.726028,-484.704894,New Orleans,LA,2.5,40,1,1,true,,false,,,free,,"{""Monday"": ""0:0-0:0"", ""Tuesday"": ""8:0-17:0"", ""Wednesday"": ""8:0-17:0"", ""Thursday"": ""8:0-17:0"", ""Friday"": ""8:0-17:0"", ""Saturday"": ""8:0-17:0"", ""Sunday"": ""6:0-18:0""}"
5ro9PpzU7Uvi1wWxXdm0tA__art_galleries,5ro9PpzU7Uvi1wWxXdm0tA,Tattoo Temple,Art Galleries,5ro9PpzU7Uvi1wWxXdm0tA,Art Galleries,29.9757921,-90.1031678,-2500.990091,2148.072140,New Orleans,LA,4.5,13,1,2,,,,,,,,"{""Monday"": ""10:0-20:0"", ""Tuesday"": ""10:0-20:0"", ""Wednesday"": ""10:0-20:0"", ""Thursday"": ""10:0-20:0"", ""Friday"": ""10:0-20:0"", ""Saturday"": ""10:0-20:0""}"
v1asaO_w70uXFnsDrASPOg__breakfast_and_brunch,v1asaO_w70uXFnsDrASPOg,Green To Go,Breakfast & Brunch,v1asaO_w70uXFnsDrASPOg,Breakfast & Brunch,29.9478537,-90.0681766,870.064935,-958.543258,New Orleans,LA,3.5,28,1,2,true,true,true,true,none,no,casual,"{""Monday"": ""10:0-14:0"", ""Tuesday"": ""10:0-14:0"", ""Wednesday"": ""10:0-14:0"", ""Thursday"": ""10:0-14:0"", ""Friday"": ""10:0-14:0""}"
wGXanCcPkqg4lW5NjTibfw__specialty_food,wGXanCcPkqg4lW5NjTibfw,Royal Praline Company,Specialty Food,wGXanCcPkqg4lW5NjTibfw,Specialty Food,29.9579751,-90.0619413,1470.769778,166.909396,New Orleans,LA,3.5,8,1,2,false,,,,,,,"{""Monday"": ""0:0-0:0"", ""Tuesday"": ""9:0-22:0"", ""Wednesday"": ""9:0-22:0"", ""Thursday"": ""9:0-22:0"", ""Friday"": ""9:0-22:0"", ""Saturday"": ""9:0-22:0"", ""Sunday"": ""9:0-22:0""}"
5PQN0avp7evppdd36MFeKg__breakfast_and_brunch,5PQN0avp7evppdd36MFeKg,Two Sisters Restaurant,Breakfast & Brunch,5PQN0avp7evppdd36MFeKg,Breakfast & Brunch,29.9616333,-90.0772372,-2.839319,573.683260,New Orleans,LA,3.5,10,1,,,,,,,,,
49C1QPz9uxD-UyuYwgPhBA__burgers,49C1QPz9uxD-UyuYwgPhBA,Deanie's Restaurant & Bar,Burgers,49C1QPz9uxD-UyuYwgPhBA,Burgers,30.0383103,-90.0092902,6543.175294,9099.788405,New Orleans,LA,4.0,53,1,2,true,true,false,true,full_bar,no,casual,"{""Monday"": ""11:0-16:0"", ""Tuesday"": ""11:0-16:0"", ""Wednesday"": ""11:0-16:0"", ""Thursday"": ""11:0-16:0"", ""Friday"": ""11:0-22:0""}"
M_Jr18nhOCBq462yQw12JQ__desserts,M_Jr18nhOCBq462yQw12JQ,Piety Street Sno-Balls,Desserts,M_Jr18nhOCBq462yQw12JQ,Desserts,29.9621646,-90.0430315,3292.539387,632.761184,New Orleans,LA,4.5,42,0,1,,,,true,,no,,
aV8lLV-o6g53R-HUTmykpw__breakfast_and_brunch,aV8lLV-o6g53R-HUTmykpw,MKM Creations,Breakfast & Brunch,aV8lLV-o6g53R-HUTmykpw,Breakfast & Brunch,29.9355417,-90.0945378,-1669.576129,-2327.574317,New Orleans,LA,4.5,16,1,,,,,,,,,
EKyq8QEijbU1GysHHtmGog__fitness_and_instruction,EKyq8QEijbU1GysHHtmGog,Mon Ami,Fitness & Instruction,EKyq8QEijbU1GysHHtmGog,Fitness & Instruction,29.9544867,-90.0716200,538.324088,-220.983522,New Orleans,LA,3.5,5,1,2,,,,,,,,
9xErhLpjFcoA39AFeN3lUA__cajun_creole,9xErhLpjFcoA39AFeN3lUA,Liuzza's By The Track,Cajun/Creole,9xErhLpjFcoA39AFeN3lUA,Cajun/Creole,29.9803209,-90.0831179,-569.385187,2651.653543,New Orleans,LA,4.5,274,1,2,true,false,false,true,full_bar,no,casual,"{""Monday"": ""11:0-20:0"", ""Tuesday"": ""11:0-20:0"", ""Wednesday"": ""11:0-20:0"", ""Thursday"": ""11:0-20:0"", ""Friday"": ""11:0-20:0"", ""Saturday"": ""11:0-20:0""}"
D8hXDsv3TG-i2dvzgY5kLQ__american_(new),D8hXDsv3TG-i2dvzgY5kLQ,Snug Harbor Jazz Bistro,American (New),D8hXDsv3TG-i2dvzgY5kLQ,American (New),29.9641670,-90.0579120,1858.952428,855.418213,New Orleans,LA,3.5,416,1,2,true,false,true,false,full_bar,no,casual|classy,"{""Thursday"": ""18:0-0:0"", ""Friday"": ""18:0-0:0"", ""Saturday"": ""18:0-0:0"", ""Sunday"": ""18:0-0:0""}"
4aK_3Am8CE4cF1Bf_SAciQ__fitness_and_instruction,4aK_3Am8CE4cF1Bf_SAciQ,Gold's Gym,Fitness & Instruction,4aK_3Am8CE4cF1Bf_SAciQ,Fitness & Instruction,29.9191008,-90.0144551,6045.588971,-4155.721512,New Orleans,LA,2.0,7,0,,,,,false,,,,"{""Monday"": ""5:0-23:0"", ""Tuesday"": ""5:0-23:0"", ""Wednesday"": ""5:0-23:0"", ""Thursday"": ""5:0-23:0"", ""Friday"": ""5:0-23:0"", ""Saturday"": ""6:0-18:0"", ""Sunday"": ""6:0-18:0""}"
WtHNaPhVH6q1hKCvcjOc-w__breakfast_and_brunch,WtHNaPhVH6q1hKCvcjOc-w,Cafe Freret,Breakfast & Brunch,WtHNaPhVH6q1hKCvcjOc-w,Breakfast & Brunch,29.9415802,-90.1255543,-4657.704881,-1656.122825,New Orleans,LA,3.0,67,0,2,true,false,true,true,full_bar,free,casual,"{""Monday"": ""10:0-20:0"", ""Tuesday"": ""10:0-20:0"", ""Wednesday"": ""10:0-20:0"", ""Friday"": ""10:0-20:0"", ""Saturday"": ""9:0-20:0"", ""Sunday"": ""9:0-17:0""}"
hfbZ97Te3T4jeWN6GgsGrQ__desserts,hfbZ97Te3T4jeWN6GgsGrQ,Willa Jean,Desserts,hfbZ97Te3T4jeWN6GgsGrQ,Desserts,29.9483210,-90.0751220,200.941505,-906.579029,New Orleans,LA,4.0,2010,1,2,true,true,true,true,full_bar,no,casual|classy|hipster|trendy,"{""Monday"": ""8:0-14:0"", ""Tuesday"": ""8:0-14:0"", ""Wednesday"": ""8:0-14:0"", ""Thursday"": ""8:0-14:0"", ""Friday"": ""8:0-14:0"", ""Saturday"": ""8:0-14:0"", ""Sunday"": ""8:0-14:0""}"
SPfxKVRdrAM41uuIJjIQCQ__sandwiches,SPfxKVRdrAM41uuIJjIQCQ,SoLA Deli at Auction House Market,Sandwiches,SPfxKVRdrAM41uuIJjIQCQ,Sandwiches,29.9451704,-90.0696037,732.574374,-1256.910248,New Orleans,LA,4.5,12,0,,true,true,,,,free,,"{""Monday"": ""10:30-22:0"", ""Tuesday"": ""10:30-22:0"", ""Wednesday"": ""10:30-22:0"", ""Thursday"": ""10:30-22:0"", ""Friday"": ""10:30-23:0"", ""Saturday"": ""9:30-23:0"", ""Sunday"": ""9:30-22:0""}"
y2_lmJ3q-cVVR85ulsz45Q__pizza,y2_lmJ3q-cVVR85ulsz45Q,Francesca by Katie's,Pizza,y2_lmJ3q-cVVR85ulsz45Q,Pizza,30.0051920,-90.1098593,-3145.649015,5417.196379,New Orleans,LA,4.0,81,1,2,true,true,true,true,beer_and_wine,free,classy,"{""Monday"": ""11:0-19:0"", ""Tuesday"": ""11:0-19:0"", ""Wednesday"": ""11:0-19:0"", ""Thursday"": ""11:0-19:0"", ""Friday"": ""11:0-21:0"", ""Saturday"": ""11:0-19:0""}"
JHyxZ_rhJ2DziKQ9BDsLtQ__american_(new),JHyxZ_rhJ2DziKQ9BDsLtQ,Fullblast Brunch,American (New),JHyxZ_rhJ2DziKQ9BDsLtQ,American (New),29.9717810,-90.0984630,-2047.729789,1702.057554,New Orleans,LA,4.5,208,1,2,true,true,true,true,full_bar,,casual,"{""Monday"": ""0:0-0:0"", ""Thursday"": ""8:0-14:0"", ""Friday"": ""8:0-14:0"", ""Saturday"": ""8:0-14:30"", ""Sunday"": ""8:0-14:30""}"
xjuNVMzPPqEYbRN_hFtecA__cajun_creole,xjuNVMzPPqEYbRN_hFtecA,Toulouse House Grocery,Cajun/Creole,xjuNVMzPPqEYbRN_hFtecA,Cajun/Creole,29.9586562,-90.0672499,959.339401,242.644365,New Orleans,LA,4.0,18,1,1,true,true,true,true,beer_and_wine,,,
fFjVfaZ60YmozbqibL9j7w__fitness_and_instruction,fFjVfaZ60YmozbqibL9j7w,Hour Blast,Fitness & Instruction,fFjVfaZ60YmozbqibL9j7w,Fitness & Instruction,29.9459531,-90.0743870,271.747175,-1169.879749,New Orleans,LA,5.0,5,1,,,,,false,,,,
wtwDcp79klLOLaIjCFHQCA__cocktail_bars,wtwDcp79klLOLaIjCFHQCA,Saffron nola,Cocktail Bars,wtwDcp79klLOLaIjCFHQCA,Cocktail Bars,29.9208222,-90.0987917,-2079.396738,-3964.310301,New Orleans,LA,4.5,297,1,3,true,false,false,false,full_bar,free,classy,"{""Tuesday"": ""17:0-21:0"", ""Wednesday"": ""17:0-21:0"", ""Thursday"": ""17:0-21:0"", ""Friday"": ""17:0-21:45"", ""Saturday"": ""17:0-20:45""}"
rN3oijuukag6Yp9xfHdMVg__coffee_and_tea,rN3oijuukag6Yp9xfHdMVg,Coast Roast Coffee & Tea,Coffee & Tea,rN3oijuukag6Yp9xfHdMVg,Coffee & Tea,29.9693909,-90.0521636,2412.753125,1436.290193,New Orleans,LA,4.5,41,1,1,true,,true,,,free,,"{""Monday"": ""7:0-23:0"", ""Tuesday"": ""7:0-23:0"", ""Wednesday"": ""7:0-23:0"", ""Thursday"": ""7:0-23:0"", ""Friday"": ""7:0-23:0"", ""Saturday"": ""7:0-23:0"", ""Sunday"": ""7:0-23:0""}"
pJIKpN7Fyl4aCBIv8jBldA__fast_food,pJIKpN7Fyl4aCBIv8jBldA,Jaidyn's Wing Stop/Food For The Soul,Fast Food,pJIKpN7Fyl4aCBIv8jBldA,Fast Food,29.9642844,-90.0965639,-1864.770547,868.472515,New Orleans,LA,4.5,58,1,1,true,false,false,true,none,no,casual,"{""Tuesday"": ""11:0-21:0"", ""Wednesday"": ""11:0-21:0"", ""Thursday"": ""11:0-21:0"", ""Friday"": ""11:0-21:0"", ""Saturday"": ""11:0-21:0""}"
WSi08gApEgsS62TIE78J_g__cafes,WSi08gApEgsS62TIE78J_g,Buffalo Wild Wings,Cafes,WSi08gApEgsS62TIE78J_g,Cafes,29.9207723,-90.0122624,6256.830970,-3969.856055,New Orleans,LA,2.0,125,1,2,true,true,true,true,full_bar,free,casual,"{""Monday"": ""0:0-0:0"", ""Tuesday"": ""11:0-22:0"", ""Wednesday"": ""11:0-22:0"", ""Thursday"": ""11:0-22:0"", ""Friday"": ""11:0-22:0"", ""Saturday"": ""11:0-22:0"", ""Sunday"": ""11:0-22:0""}"
EC20rN7JtmAPIxcw3MTzcQ__american_(new),EC20rN7JtmAPIxcw3MTzcQ,Orleans Grapevine Wine Bar & Bistro,American (New),EC20rN7JtmAPIxcw3MTzcQ,American (New),29.9586121,-90.0649145,1184.331772,237.740662,New Orleans,LA,4.0,457,1,2,false,false,true,false,full_bar,no,classy|intimate|romantic,"{""Thursday"": ""16:0-22:0"", ""Friday"": ""16:0-22:0"", ""Saturday"": ""16:0-22:0"", ""Sunday"": ""16:0-22:0""}"
FCCnOgjjvwQJBAy3u2fcLA__american_(new),FCCnOgjjvwQJBAy3u2fcLA,Criollo Restaurant,American (New),FCCnOgjjvwQJBAy3u2fcLA,American (New),29.9540147,-90.0679238,894.414593,-273.469602,New Orleans,LA,4.0,269,1,3,false,false,false,false,full_bar,no,classy,"{""Monday"": ""6:30-21:0"", ""Tuesday"": ""6:30-21:0"", ""Wednesday"": ""6:30-21:0"", ""Thursday"": ""6:30-21:0"", ""Friday"": ""6:30-21:0"", ""Saturday"": ""6:30-21:0"", ""Sunday"": ""6:30-21:0""}"
7gtWQMLOEwCxh1I5j6uB4g__specialty_food,7gtWQMLOEwCxh1I5j6uB4g,St. James Cheese Company | Warehouse District,Specialty Food,7gtWQMLOEwCxh1I5j6uB4g,Specialty Food,29.9467369,-90.0675192,933.397204,-1082.725268,New Orleans,LA,4.5,308,1,2,true,true,true,true,beer_and_wine,no,casual|hipster,"{""Monday"": ""11:0-15:0"", ""Tuesday"": ""11:0-15:0"", ""Wednesday"": ""11:0-15:0"", ""Thursday"": ""11:0-15:0"", ""Friday"": ""11:0-19:0""}"
BSKzmE_KCDGHPXQVR7N0PQ__specialty_food,BSKzmE_KCDGHPXQVR7N0PQ,FARE,Specialty Food,BSKzmE_KCDGHPXQVR7N0PQ,Specialty Food,29.9201683,-90.1070749,-2877.399996,-4037.020764,New Orleans,LA,4.0,31,0,1,true,false,true,true,none,free,casual,"{""Tuesday"": ""10:0-18:0"", ""Wednesday"": ""10:0-18:0"", ""Thursday"": ""10:0-18:0"", ""Friday"": ""10:0-18:0"", ""Saturday"": ""10:0-18:0""}"
0aUlooXPSltR7-s7Wfsa6A__fast_food,0aUlooXPSltR7-s7Wfsa6A,Willie's Chicken Shack,Fast Food,0aUlooXPSltR7-s7Wfsa6A,Fast Food,29.9553790,-90.0688820,802.102932,-121.764152,New Orleans,LA,3.5,424,1,1,true,false,false,true,full_bar,no,casual|classy,"{""Monday"": ""11:0-1:0"", ""Tuesday"": ""11:0-1:0"", ""Wednesday"": ""11:0-1:0"", ""Thursday"": ""11:0-1:0"", ""Friday"": ""10:0-3:0"", ""Saturday"": ""10:0-3:0"", ""Sunday"": ""11:0-1:0""}"
rrd9QThX5G728RprMsxcGA__cocktail_bars,rrd9QThX5G728RprMsxcGA,Commons Club,Cocktail Bars,rrd9QThX5G728RprMsxcGA,Cocktail Bars,29.9489450,-90.0731349,392.378664,-837.193298,New Orleans,LA,4.5,10,1,,false,false,false,,full_bar,free,,"{""Monday"": ""17:0-22:0"", ""Tuesday"": ""17:0-22:0"", ""Wednesday"": ""17:0-22:0"", ""Thursday"": ""11:0-20:0"", ""Friday"": ""17:0-22:0"", ""Saturday"": ""11:0-20:0"", ""Sunday"": ""17:0-22:0""}"
c1Gg_GLbDOuQ52UKeTpqwg__specialty_food,c1Gg_GLbDOuQ52UKeTpqwg,New Orleans Ice Cream Company,Specialty Food,c1Gg_GLbDOuQ52UKeTpqwg,Specialty Food,29.9595769,-90.0770127,18.791519,345.021675,New Orleans,LA,5.0,11,1,1,true,true,,,,,,"{""Monday"": ""9:0-17:0"", ""Tuesday"": ""9:0-17:0"", ""Wednesday"": ""9:0-17:0"", ""Thursday"": ""9:0-17:0"", ""Friday"": ""9:0-17:0"", ""Saturday"": ""9:0-17:0"", ""Sunday"": ""9:0-17:0""}"
tsaifr1x7MHWsUngvZ1SQA__cajun_creole,tsaifr1x7MHWsUngvZ1SQA,Rock-n-Saké Bar & Sushi,Cajun/Creole,tsaifr1x7MHWsUngvZ1SQA,Cajun/Creole,29.9439590,-90.0653920,1138.329436,-1391.611968,New Orleans,LA,3.5,339,1,2,true,false,true,false,full_bar,free,classy|trendy,"{""Monday"": ""0:0-0:0"", ""Tuesday"": ""17:30-22:30"", ""Wednesday"": ""17:30-22:30"", ""Thursday"": ""17:30-22:30"", ""Friday"": ""17:30-0:0"", ""Saturday"": ""17:30-0:0"", ""Sunday"": ""17:30-22:30""}"
LTp1bx2_QD17Js3Q4tPrXA__american_(new),LTp1bx2_QD17Js3Q4tPrXA,The Cellar,American (New),LTp1bx2_QD17Js3Q4tPrXA,American (New),29.9166480,-90.1029490,-2479.910905,-4428.460805,New Orleans,LA,4.5,7,0,1,true,false,false,false,beer_and_wine,no,,"{""Wednesday"": ""11:0-20:0"", ""Thursday"": ""11:0-20:0"", ""Friday"": ""11:0-20:0"", ""Saturday"": ""11:0-20:0""}"
jrOgLPx0YqKQKd0DF7gRhA__cafes,jrOgLPx0YqKQKd0DF7gRhA,NOLA Grind,Cafes,jrOgLPx0YqKQKd0DF7gRhA,Cafes,29.9369500,-90.1026030,-2446.577274,-2170.978286,New Orleans,LA,4.0,8,0,1,true,true,false,true,,,,"{""Monday"": ""6:0-18:0"", ""Tuesday"": ""6:0-18:0"", ""Wednesday"": ""6:0-18:0"", ""Thursday"": ""6:0-18:0"", ""Friday"": ""6:0-18:0""}"
zgTMpOixojZBRgHidammTA__sandwiches,zgTMpOixojZBRgHidammTA,Danny & Clydes Food Store,Sandwiches,zgTMpOixojZBRgHidammTA,Sandwiches,29.9636877,-90.2043191,-12245.903532,802.122411,New Orleans,LA,3.0,17,1,1,true,false,false,true,beer_and_wine,,,"{""Monday"": ""5:0-23:0"", ""Tuesday"": ""5:0-23:0"", ""Wednesday"": ""5:0-23:0"", ""Thursday"": ""5:0-23:0"", ""Friday"": ""5:0-23:0"", ""Saturday"": ""5:0-23:0"", ""Sunday"": ""6:0-22:0""}"
xKl0C6DiWa7T3z1Qncptqg__coffee_and_tea,xKl0C6DiWa7T3z1Qncptqg,PJ's Coffee,Coffee & Tea,xKl0C6DiWa7T3z1Qncptqg,Coffee & Tea,29.9208862,-90.0126039,6223.934742,-3957.193271,New Orleans,LA,3.5,9,0,1,,,true,,,free,,"{""Monday"": ""6:0-20:0"", ""Tuesday"": ""6:0-20:0"", ""Wednesday"": ""6:0-20:0"", ""Thursday"": ""6:0-20:0"", ""Friday"": ""6:0-20:0"", ""Saturday"": ""7:0-20:0"", ""Sunday"": ""7:0-20:0""}"
1k6gLCvblOMzFLYeb6CPAQ__cajun_creole,1k6gLCvblOMzFLYeb6CPAQ,Montrel's Bistro,Cajun/Creole,1k6gLCvblOMzFLYeb6CPAQ,Cajun/Creole,29.9592236,-90.0604606,1613.420375,305.736453,New Orleans,LA,2.0,126,1,2,true,false,true,true,full_bar,no,touristy,
R6zldMXLOXDL5biSER8hHA__pizza,R6zldMXLOXDL5biSER8hHA,Pepperoni Ray's,Pizza,R6zldMXLOXDL5biSER8hHA,Pizza,29.9971228,-90.0600217,1655.703989,4519.941038,New Orleans,LA,4.0,59,0,1,true,false,false,true,none,free,divey,"{""Monday"": ""11:0-20:0"", ""Tuesday"": ""11:0-20:0"", ""Wednesday"": ""11:0-20:0"", ""Thursday"": ""11:0-20:0"", ""Friday"": ""11:0-20:0"", ""Saturday"": ""11:0-20:0""}"
rH-Kwt9z-VfSiNe1mTtGDQ__venues_and_event_spaces,rH-Kwt9z-VfSiNe1mTtGDQ,The Shard Shop,Venues & Event Spaces,rH-Kwt9z-VfSiNe1mTtGDQ,Venues & Event Spaces,29.9209595,-90.0964544,-1854.221320,-3949.043216,New Orleans,LA,5.0,6,1,2,,,,true,,,,"{""Monday"": ""0:0-0:0"", ""Tuesday"": ""11:0-16:0"", ""Wednesday"": ""11:0-16:0"", ""Thursday"": ""11:0-16:0"", ""Friday"": ""11:0-17:0"", ""Saturday"": ""11:0-17:0"", ""Sunday"": ""12:0-16:0""}"
S7V1a_hhqQlqlDqxK_6szg__cocktail_bars,S7V1a_hhqQlqlDqxK_6szg,Saveur Cuisine and Cocktails,Cocktail Bars,S7V1a_hhqQlqlDqxK_6szg,Cocktail Bars,29.9207864,-90.0987806,-2078.327364,-3968.291085,New Orleans,LA,3.5,32,0,3,false,false,false,false,full_bar,no,casual,"{""Tuesday"": ""16:30-21:30"", ""Wednesday"": ""16:30-21:30"", ""Thursday"": ""16:30-21:30"", ""Friday"": ""16:30-22:30"", ""Saturday"": ""16:30-22:30"", ""Sunday"": ""16:30-21:30""}"
Fu2o_apxNHnDWz2AcJLRmg__fitness_and_instruction,Fu2o_apxNHnDWz2AcJLRmg,Gernon Brown Recreation Center,Fitness & Instruction,Fu2o_apxNHnDWz2AcJLRmg,Fitness & Instruction,30.0046750,-90.0990990,-2109.002011,5359.708523,New Orleans,LA,4.5,7,1,,,,,true,,,,"{""Monday"": ""10:0-21:0"", ""Tuesday"": ""10:0-21:0"", ""Wednesday"": ""10:0-21:0"", ""Thursday"": ""10:0-21:0"", ""Friday"": ""10:0-21:0"", ""Saturday"": ""9:0-14:0""}"
g3oIfsFPRIdZJCEiBE4E3g__venues_and_event_spaces,g3oIfsFPRIdZJCEiBE4E3g,The Tigermen Den,Venues & Event Spaces,g3oIfsFPRIdZJCEiBE4E3g,Venues & Event Spaces,29.9635358,-90.0451844,3085.129060,785.231878,New Orleans,LA,4.0,10,1,,,,,,,free,,"{""Monday"": ""8:0-22:0"", ""Tuesday"": ""8:0-22:0"", ""Wednesday"": ""8:0-22:0"", ""Thursday"": ""8:0-22:0"", ""Friday"": ""8:0-22:0"", ""Saturday"": ""8:0-22:0"", ""Sunday"": ""8:0-22:0""}"
HDNeRsScQG_YQevwNPOcJQ__breakfast_and_brunch,HDNeRsScQG_YQevwNPOcJQ,Fat Hen Grocery,Breakfast & Brunch,HDNeRsScQG_YQevwNPOcJQ,Breakfast & Brunch,29.9393790,-90.1290970,-4999.008501,-1900.885436,New Orleans,LA,2.5,141,0,2,true,false,true,true,full_bar,,,"{""Monday"": ""8:0-21:0"", ""Tuesday"": ""8:0-21:0"", ""Wednesday"": ""8:0-21:0"", ""Thursday"": ""8:0-21:0"", ""Friday"": ""7:0-22:0"", ""Saturday"": ""7:0-22:0"", ""Sunday"": ""7:0-22:0""}"
mPJ_koPEAfK4E2B0PkKCpg__breakfast_and_brunch,mPJ_koPEAfK4E2B0PkKCpg,d'Juice Fresh Juice and Smoothie Bar,Breakfast & Brunch,mPJ_koPEAfK4E2B0PkKCpg,Breakfast & Brunch,29.9201382,-90.1070410,-2874.134071,-4040.367736,New Orleans,LA,4.0,71,0,2,true,true,true,true,none,free,,"{""Monday"": ""0:0-0:0"", ""Tuesday"": ""7:30-16:0"", ""Wednesday"": ""9:30-14:30"", ""Thursday"": ""7:0-19:30"", ""Friday"": ""7:0-19:30"", ""Saturday"": ""7:0-19:30"", ""Sunday"": ""9:30-15:0""}"
xoc0CRA7-v4oHD8qxzUFhQ__pizza,xoc0CRA7-v4oHD8qxzUFhQ,Pizza Gusto,Pizza,xoc0CRA7-v4oHD8qxzUFhQ,Pizza,29.9342504,-90.0725140,452.196153,-2471.160524,New Orleans,LA,4.0,13,0,2,true,true,false,true,none,free,,"{""Monday"": ""16:0-0:0"", ""Wednesday"": ""16:0-0:0"", ""Thursday"": ""16:0-0:0"", ""Friday"": ""16:0-0:0"", ""Saturday"": ""11:0-0:0"", ""Sunday"": ""12:0-21:0""}"
SdU54YlTaCCFvtcfouoBpQ__specialty_food,SdU54YlTaCCFvtcfouoBpQ,Guy's Po Boys,Specialty Food,SdU54YlTaCCFvtcfouoBpQ,Specialty Food,29.9204355,-90.1127645,-3425.534872,-4007.314965,New Orleans,LA,4.5,337,1,2,true,false,true,true,none,no,casual,"{""Monday"": ""11:0-16:0"", ""Tuesday"": ""11:0-16:0"", ""Wednesday"": ""11:0-16:0"", ""Thursday"": ""11:0-16:0"", ""Friday"": ""11:0-16:0"", ""Saturday"": ""11:0-16:0""}"
nRTLgg1l9fmIcTpbHoz23Q__seafood,nRTLgg1l9fmIcTpbHoz23Q,Cajun Seafood,Seafood,nRTLgg1l9fmIcTpbHoz23Q,Seafood,30.0384894,-89.9778243,9574.599229,9119.703444,New Orleans,LA,3.5,49,1,2,true,false,false,true,none,no,,"{""Monday"": ""10:30-21:0"", ""Tuesday"": ""10:30-21:0"", ""Wednesday"": ""10:30-21:0"", ""Thursday"": ""10:30-21:0"", ""Friday"": ""10:30-21:30"", ""Saturday"": ""10:30-21:30"", ""Sunday"": ""10:30-20:30""}"
b6G3brhn5Gof7qwqggRRXg__art_galleries,b6G3brhn5Gof7qwqggRRXg,Glitter Box NO,Art Galleries,b6G3brhn5Gof7qwqggRRXg,Art Galleries,29.9614594,-90.0618130,1483.130196,554.346414,New Orleans,LA,4.5,12,1,,,,,,,no,,"{""Monday"": ""0:0-0:0"", ""Thursday"": ""12:0-18:0"", ""Friday"": ""12:0-18:0"", ""Saturday"": ""12:0-18:0"", ""Sunday"": ""12:0-18:0""}"
YtDeQqdweqHJWn5d8oiIMA__fitness_and_instruction,YtDeQqdweqHJWn5d8oiIMA,Freret Street Yoga,Fitness & Instruction,YtDeQqdweqHJWn5d8oiIMA,Fitness & Instruction,29.9346264,-90.1058570,-2760.067544,-2429.351174,New Orleans,LA,5.0,13,1,,,,,false,,,,"{""Monday"": ""8:0-20:30"", ""Tuesday"": ""8:0-22:0"", ""Wednesday"": ""8:0-20:30"", ""Thursday"": ""8:0-20:0"", ""Friday"": ""8:0-18:30"", ""Saturday"": ""9:30-18:0"", ""Sunday"": ""9:30-19:0""}"
uUgRgEdYbp4IPOUK2j-60Q__coffee_and_tea,uUgRgEdYbp4IPOUK2j-60Q,Gracious Bakery + Cafe,Coffee & Tea,uUgRgEdYbp4IPOUK2j-60Q,Coffee & Tea,29.9243927,-90.1085807,-3022.468727,-3567.288267,New Orleans,LA,3.5,28,1,,true,false,true,,none,free,,"{""Monday"": ""7:0-18:0"", ""Tuesday"": ""7:0-18:0"", ""Wednesday"": ""7:0-18:0"", ""Thursday"": ""7:0-18:0"", ""Friday"": ""7:0-18:0"", ""Saturday"": ""7:0-16:0"", ""Sunday"": ""7:0-16:0""}"
XiC7tQANHZNtTF0a73kN3g__american_(traditional),XiC7tQANHZNtTF0a73kN3g,Square One,American (Traditional),XiC7tQANHZNtTF0a73kN3g,American (Traditional),29.9502653,-90.0710580,592.464667,-690.387204,New Orleans,LA,4.5,21,1,,true,,,false,,no,,"{""Monday"": ""11:0-14:0"", ""Tuesday"": ""11:0-14:0"", ""Wednesday"": ""11:0-14:0"", ""Thursday"": ""11:0-14:0"", ""Friday"": ""11:0-14:0""}"
8H6S80ibhkbLbh41fZI3LQ__pizza,8H6S80ibhkbLbh41fZI3LQ,Pompeii Pizzeria,Pizza,8H6S80ibhkbLbh41fZI3LQ,Pizza,29.9412553,-90.0703426,661.388769,-1692.250107,New Orleans,LA,3.5,7,0,1,true,true,false,true,,,,"{""Monday"": ""11:0-21:0"", ""Tuesday"": ""11:0-21:0"", ""Wednesday"": ""11:0-21:0"", ""Thursday"": ""11:0-21:0"", ""Friday"": ""11:0-23:0"", ""Saturday"": ""11:0-23:0""}"
inl4r6-fhkLBdt4NExL-Fg__burgers,inl4r6-fhkLBdt4NExL-Fg,Crack Burger and Friends,Burgers,inl4r6-fhkLBdt4NExL-Fg,Burgers,29.9767427,-90.0863327,-879.099845,2253.779309,New Orleans,LA,4.5,16,0,1,true,false,true,false,full_bar,no,,"{""Wednesday"": ""19:30-1:30"", ""Thursday"": ""19:30-1:30"", ""Friday"": ""19:0-0:0"", ""Saturday"": ""17:0-22:30""}"
W8YDBLJkvjVf0VUgXwE8VQ__breakfast_and_brunch,W8YDBLJkvjVf0VUgXwE8VQ,Cafe Conti,Breakfast & Brunch,W8YDBLJkvjVf0VUgXwE8VQ,Breakfast & Brunch,29.9565120,-90.0681940,868.384833,4.219874,New Orleans,LA,4.0,588,0,2,true,,,true,full_bar,free,casual|classy,"{""Monday"": ""7:0-15:0"", ""Tuesday"": ""7:0-15:0"", ""Wednesday"": ""7:0-15:0"", ""Thursday"": ""7:0-15:0"", ""Friday"": ""7:0-15:0"", ""Saturday"": ""7:0-15:0"", ""Sunday"": ""7:0-15:0""}"
5V41KBc07YFOcjOkRU0AoQ__art_galleries,5V41KBc07YFOcjOkRU0AoQ,Simon of New Orleans,Art Galleries,5V41KBc07YFOcjOkRU0AoQ,Art Galleries,29.9291511,-90.0767018,48.743617,-3038.177597,New Orleans,LA,4.5,15,1,2,,,,true,,,,
GleaUnoN1tfFd8TRc_aK8g__burgers,GleaUnoN1tfFd8TRc_aK8g,Hotsy's,Burgers,GleaUnoN1tfFd8TRc_aK8g,Burgers,29.9562070,-90.0635453,1316.240462,-29.694626,New Orleans,LA,2.5,9,1,2,true,,true,true,,no,,"{""Monday"": ""9:0-19:0"", ""Tuesday"": ""9:0-19:0"", ""Wednesday"": ""9:0-19:0"", ""Thursday"": ""9:0-19:0"", ""Friday"": ""9:0-20:0"", ""Saturday"": ""9:0-20:0"", ""Sunday"": ""9:0-19:0""}"
Ct7vXSigXuH_sL54evNvug__specialty_food,Ct7vXSigXuH_sL54evNvug,Smoothie King,Specialty Food,Ct7vXSigXuH_sL54evNvug,Specialty Food,29.9500363,-90.0709015,607.548192,-715.844228,New Orleans,LA,3.5,12,1,1,false,false,,,,no,,"{""Monday"": ""0:0-0:0"", ""Tuesday"": ""8:0-14:30"", ""Wednesday"": ""7:0-19:0"", ""Thursday"": ""7:0-19:0"", ""Friday"": ""9:0-20:0""}"
zlNtAPz4GvSUiljQ-D3cvQ__pizza,zlNtAPz4GvSUiljQ-D3cvQ,Big Pie Pizza,Pizza,zlNtAPz4GvSUiljQ-D3cvQ,Pizza,29.9509566,-90.0730633,399.276606,-613.513275,New Orleans,LA,3.0,200,1,2,true,true,true,true,full_bar,no,divey,"{""Monday"": ""10:0-22:0"", ""Tuesday"": ""10:0-22:0"", ""Wednesday"": ""10:0-22:0"", ""Thursday"": ""10:0-22:0"", ""Friday"": ""10:0-22:0"", ""Saturday"": ""11:0-21:0"", ""Sunday"": ""12:0-21:0""}"
6NpEFQgyQVBfwXNkSuLf0A__cafes,6NpEFQgyQVBfwXNkSuLf0A,The Bywater Hideout,Cafes,6NpEFQgyQVBfwXNkSuLf0A,Cafes,29.9633995,-90.0317805,4376.460415,770.075989,New Orleans,LA,4.5,48,0,1,true,true,true,true,none,free,casual|hipster,"{""Monday"": ""0:0-0:0"", ""Tuesday"": ""9:0-15:0"", ""Wednesday"": ""9:0-15:0"", ""Thursday"": ""8:0-16:0"", ""Friday"": ""9:0-15:0"", ""Saturday"": ""8:0-17:0"", ""Sunday"": ""8:0-16:0""}"
zLuJ2IMuodpBjprqNUZjWg__american_(new),zLuJ2IMuodpBjprqNUZjWg,Sweet Olive,American (New),zLuJ2IMuodpBjprqNUZjWg,American (New),29.9497728,-90.0678118,905.205971,-745.146011,New Orleans,LA,4.0,12,0,2,,,false,false,full_bar,,trendy,"{""Monday"": ""7:0-22:30"", ""Tuesday"": ""7:0-22:30"", ""Wednesday"": ""7:0-22:30"", ""Thursday"": ""7:0-23:0"", ""Friday"": ""7:0-23:0"", ""Saturday"": ""7:0-23:0"", ""Sunday"": ""7:0-22:30""}"
dqWk-PLqY2_TgW1SdfUyew__fitness_and_instruction,dqWk-PLqY2_TgW1SdfUyew,Church's Karate & Kickboxing Academy,Fitness & Instruction,dqWk-PLqY2_TgW1SdfUyew,Fitness & Instruction,30.0064540,-90.0744530,265.392946,5557.524571,New Orleans,LA,5.0,12,1,,,,,true,,,,"{""Monday"": ""9:0-21:0"", ""Tuesday"": ""9:0-21:0"", ""Wednesday"": ""9:0-21:0"", ""Thursday"": ""9:0-21:0"", ""Friday"": ""9:0-21:0"", ""Saturday"": ""8:0-13:0""}"
2pm5npWtl0EDINET5fnhnQ__fitness_and_instruction,2pm5npWtl0EDINET5fnhnQ,Riverside Chiropractic & Physical Rehabilitation,Fitness & Instruction,2pm5npWtl0EDINET5fnhnQ,Fitness & Instruction,29.9318631,-90.0740375,305.420789,-2736.622044,New Orleans,LA,4.5,7,1,,,,,,,no,,"{""Tuesday"": ""9:0-19:30"", ""Thursday"": ""9:0-19:30""}"
hfcJ8a-mz2pO1NU3cmeWrQ__cocktail_bars,hfcJ8a-mz2pO1NU3cmeWrQ,Kindred,Cocktail Bars,hfcJ8a-mz2pO1NU3cmeWrQ,Cocktail Bars,29.9412638,-90.1284952,-4941.031105,-1691.304949,New Orleans,LA,4.5,40,1,,true,true,false,,full_bar,no,,"{""Monday"": ""0:0-0:0"", ""Tuesday"": ""11:0-21:0"", ""Wednesday"": ""11:0-21:0"", ""Thursday"": ""11:0-15:0"", ""Friday"": ""11:0-22:0"", ""Saturday"": ""11:0-22:0"", ""Sunday"": ""11:0-21:0""}"
gVw224_IlTrx3KHEgFBtMg__american_(traditional),gVw224_IlTrx3KHEgFBtMg,Bamboula's,American (Traditional),gVw224_IlTrx3KHEgFBtMg,American (Traditional),29.9629471,-90.0578962,1860.474600,719.771335,New Orleans,LA,3.5,416,1,2,true,,false,false,full_bar,free,casual,"{""Thursday"": ""14:0-1:0"", ""Friday"": ""14:0-3:0"", ""Saturday"": ""14:0-3:0"", ""Sunday"": ""14:0-1:0""}"
iOXuUwWb3UY8Z_kUMCVe_A__pizza,iOXuUwWb3UY8Z_kUMCVe_A,Papa John's Pizza,Pizza,iOXuUwWb3UY8Z_kUMCVe_A,Pizza,30.0435856,-89.9569912,11581.659506,9686.375812,New Orleans,LA,2.0,14,1,1,true,true,false,true,,,,
kxgZLWWQNrM1JYuyo_XTlw__specialty_food,kxgZLWWQNrM1JYuyo_XTlw,Smoothie King,Specialty Food,kxgZLWWQNrM1JYuyo_XTlw,Specialty Food,29.9757440,-90.0989100,-2090.793756,2142.723657,New Orleans,LA,3.0,29,1,2,true,true,,,,no,,"{""Monday"": ""0:0-0:0"", ""Tuesday"": ""7:0-21:0"", ""Wednesday"": ""7:0-19:0"", ""Thursday"": ""7:0-19:0"", ""Friday"": ""7:0-19:0"", ""Saturday"": ""9:0-20:0"", ""Sunday"": ""11:0-18:0""}"
DeWn3Uv2DucZZvATXmfKNg__fast_food,DeWn3Uv2DucZZvATXmfKNg,Rally's,Fast Food,DeWn3Uv2DucZZvATXmfKNg,Fast Food,29.9622704,-90.1141545,-3559.448464,644.525624,New Orleans,LA,2.0,24,1,1,true,true,true,true,none,no,,"{""Monday"": ""10:0-4:0"", ""Tuesday"": ""10:0-4:0"", ""Wednesday"": ""10:0-5:0"", ""Thursday"": ""10:0-4:0"", ""Friday"": ""10:0-5:0"", ""Saturday"": ""10:0-5:0"", ""Sunday"": ""10:0-4:0""}"
WeU7pN8VmkhxiVD71-pWGA__cafes,WeU7pN8VmkhxiVD71-pWGA,Royal Cafe,Cafes,WeU7pN8VmkhxiVD71-pWGA,Cafes,29.9581077,-90.0646285,1211.885004,181.653863,New Orleans,LA,3.5,5,0,,false,,,,full_bar,,,
7dP8atw5hAN7DPDi7GES2g__fast_food,7dP8atw5hAN7DPDi7GES2g,Wendy's,Fast Food,7dP8atw5hAN7DPDi7GES2g,Fast Food,29.9400223,-90.1013483,-2325.699511,-1829.353641,New Orleans,LA,2.5,17,1,1,true,true,false,true,none,,,"{""Monday"": ""10:0-2:0"", ""Tuesday"": ""10:0-2:0"", ""Wednesday"": ""10:0-2:0"", ""Thursday"": ""10:0-2:0"", ""Friday"": ""10:0-2:0"", ""Saturday"": ""10:0-2:0"", ""Sunday"": ""10:0-2:0""}"
BHnCAV4_hgqgNZGdfXNJkA__specialty_food,BHnCAV4_hgqgNZGdfXNJkA,Cajun Seafood,Specialty Food,BHnCAV4_hgqgNZGdfXNJkA,Specialty Food,29.9711981,-90.0677061,915.389106,1637.241942,New Orleans,LA,4.0,981,1,2,true,,,true,beer_and_wine,no,casual,"{""Monday"": ""10:30-20:30"", ""Tuesday"": ""10:30-20:30"", ""Wednesday"": ""10:30-20:30"", ""Thursday"": ""10:30-20:30"", ""Friday"": ""10:30-20:30"", ""Saturday"": ""10:30-20:30"", ""Sunday"": ""11:0-20:30""}"
OCzo8T-76iJ_QVB2UX5SEQ__american_(new),OCzo8T-76iJ_QVB2UX5SEQ,Killer Poboys,American (New),OCzo8T-76iJ_QVB2UX5SEQ,American (New),29.9566317,-90.0678965,897.044626,17.534806,New Orleans,LA,4.0,1006,1,2,,,,false,full_bar,free,divey,"{""Monday"": ""12:0-20:0"", ""Wednesday"": ""12:0-20:0"", ""Thursday"": ""12:0-20:0"", ""Friday"": ""10:0-22:0"", ""Saturday"": ""10:0-22:0"", ""Sunday"": ""10:0-22:0""}"
z44hyZsiPagDa_BnuxC4mg__cocktail_bars,z44hyZsiPagDa_BnuxC4mg,TRYST NOLA,Cocktail Bars,z44hyZsiPagDa_BnuxC4mg,Cocktail Bars,29.9207864,-90.0987806,-2078.327364,-3968.291085,New Orleans,LA,3.5,5,0,2,true,false,false,true,,,,"{""Monday"": ""16:30-21:30"", ""Tuesday"": ""16:30-21:30"", ""Wednesday"": ""16:30-21:30"", ""Thursday"": ""16:30-21:30"", ""Friday"": ""16:30-23:30"", ""Saturday"": ""11:30-14:30"", ""Sunday"": ""16:30-21:30""}"
7HmugAKyAkeZlUORRMtXEQ__art_galleries,7HmugAKyAkeZlUORRMtXEQ,Ashe Cultural Arts Center,Art Galleries,7HmugAKyAkeZlUORRMtXEQ,Art Galleries,29.9392308,-90.0802231,-290.498328,-1917.364547,New Orleans,LA,4.0,9,1,2,,,,true,,,,
FiWGTyWJs4p4dLQc8P6-pg__cafes,FiWGTyWJs4p4dLQc8P6-pg,Mr Everything Cafe,Cafes,FiWGTyWJs4p4dLQc8P6-pg,Cafes,29.9626011,-90.0896220,-1195.987217,681.302396,New Orleans,LA,3.5,75,0,1,true,true,false,true,none,free,casual,"{""Monday"": ""0:0-0:0"", ""Tuesday"": ""11:0-21:0"", ""Wednesday"": ""11:0-21:0"", ""Thursday"": ""11:0-21:0"", ""Friday"": ""11:0-22:0"", ""Saturday"": ""11:0-22:0"", ""Sunday"": ""12:0-18:0""}"
w7zNskFba7Pkhz14BMYb1A__sandwiches,w7zNskFba7Pkhz14BMYb1A,Bagels & Bytes,Sandwiches,w7zNskFba7Pkhz14BMYb1A,Sandwiches,29.9889787,-90.1324702,-5323.982495,3614.357185,New Orleans,LA,3.0,9,0,1,true,false,false,true,,free,,"{""Monday"": ""6:0-22:0"", ""Tuesday"": ""6:0-22:0"", ""Wednesday"": ""6:0-22:0"", ""Thursday"": ""6:0-22:0"", ""Friday"": ""6:0-22:0"", ""Saturday"": ""6:0-22:0"", ""Sunday"": ""7:0-22:0""}"
pWdTYB8QERVf8AOoJO6ZCQ__desserts,pWdTYB8QERVf8AOoJO6ZCQ,Nola Pie Guy,Desserts,pWdTYB8QERVf8AOoJO6ZCQ,Desserts,29.9219677,-90.1073935,-2908.093912,-3836.936336,New Orleans,LA,5.0,17,0,1,,,,,,,,
48s0jy9g6XneTAS2LL8Ytg__fast_food,48s0jy9g6XneTAS2LL8Ytg,Burger King,Fast Food,48s0jy9g6XneTAS2LL8Ytg,Fast Food,29.9663431,-90.0878609,-1026.327872,1097.390105,New Orleans,LA,1.5,15,1,1,false,true,,true,,,,"{""Monday"": ""5:0-2:0"", ""Tuesday"": ""5:0-2:0"", ""Wednesday"": ""5:0-2:0"", ""Thursday"": ""5:0-2:0"", ""Friday"": ""5:30-22:0"", ""Saturday"": ""11:0-2:0"", ""Sunday"": ""6:0-1:0""}"
3NgkGlI1QrEc-5g8zvVpKQ__beer,3NgkGlI1QrEc-5g8zvVpKQ,Charcoal's Gourmet Burger Bar,Beer,3NgkGlI1QrEc-5g8zvVpKQ,Beer,29.9293679,-90.0768316,36.234131,-3014.072027,New Orleans,LA,3.0,309,0,2,true,false,false,true,full_bar,no,casual,"{""Monday"": ""7:0-22:0"", ""Tuesday"": ""7:0-22:0"", ""Wednesday"": ""7:0-22:0"", ""Thursday"": ""7:0-22:0"", ""Friday"": ""7:0-22:0"", ""Saturday"": ""7:0-22:0"", ""Sunday"": ""7:0-22:0""}"
SDhiF9UG0gsuaXgCnJR-sQ__southern,SDhiF9UG0gsuaXgCnJR-sQ,Liberty's Kitchen,Southern,SDhiF9UG0gsuaXgCnJR-sQ,Southern,29.9621511,-90.0899002,-1222.789874,631.260051,New Orleans,LA,4.5,34,0,1,true,false,true,true,none,free,casual,"{""Monday"": ""8:0-14:0"", ""Tuesday"": ""8:0-14:0"", ""Wednesday"": ""8:0-14:0"", ""Thursday"": ""8:0-14:0"", ""Friday"": ""8:0-14:0""}"
4iHAZo9zk1gc-xBzuLEDig__coffee_and_tea,4iHAZo9zk1gc-xBzuLEDig,Hivolt Bakery,Coffee & Tea,4iHAZo9zk1gc-xBzuLEDig,Coffee & Tea,29.9213814,-90.1186567,-3993.190288,-3902.130012,New Orleans,LA,4.5,11,0,1,true,false,true,,,no,,"{""Monday"": ""6:30-13:0"", ""Wednesday"": ""6:30-13:0"", ""Thursday"": ""6:30-13:0"", ""Friday"": ""6:30-13:0"", ""Saturday"": ""7:30-14:0"", ""Sunday"": ""7:30-14:0""}"
8KnMSrMuTI2AtHZ2LOI8OQ__american_(new),8KnMSrMuTI2AtHZ2LOI8OQ,Maurepas Foods,American (New),8KnMSrMuTI2AtHZ2LOI8OQ,American (New),29.9649250,-90.0429610,3299.331355,939.704084,New Orleans,LA,4.0,196,0,2,true,false,false,false,full_bar,free,hipster,"{""Monday"": ""17:0-22:0"", ""Tuesday"": ""17:0-22:0"", ""Thursday"": ""17:0-22:0"", ""Friday"": ""17:0-0:0"", ""Saturday"": ""10:0-0:0"", ""Sunday"": ""10:0-22:0""}"
TKaM2UgBZ0kHUmBaDg-25Q__fast_food,TKaM2UgBZ0kHUmBaDg-25Q,KFC,Fast Food,TKaM2UgBZ0kHUmBaDg-25Q,Fast Food,30.0446837,-89.9591587,11372.842616,9808.479130,New Orleans,LA,2.0,13,1,1,true,false,,true,,free,,"{""Monday"": ""10:0-23:0"", ""Tuesday"": ""10:0-23:0"", ""Wednesday"": ""10:0-23:0"", ""Thursday"": ""10:0-23:0"", ""Friday"": ""10:0-0:0"", ""Saturday"": ""10:0-0:0"", ""Sunday"": ""10:0-23:0""}"
m57EWrMrPAeQnjvfqmGNqA__fitness_and_instruction,m57EWrMrPAeQnjvfqmGNqA,Swan River Yoga Mid-City Mandir,Fitness & Instruction,m57EWrMrPAeQnjvfqmGNqA,Fitness & Instruction,29.9672840,-90.0906310,-1293.195126,1202.013278,New Orleans,LA,4.5,42,1,,,,,false,,,,"{""Monday"": ""8:0-20:0"", ""Tuesday"": ""8:0-20:0"", ""Wednesday"": ""8:0-20:0"", ""Thursday"": ""8:0-20:0"", ""Friday"": ""8:0-17:0"", ""Saturday"": ""8:0-17:0"", ""Sunday"": ""8:0-20:0""}"
joxy9N8aJv3_6h0aaYuTzA__southern,joxy9N8aJv3_6h0aaYuTzA,Saint Lawrence,Southern,joxy9N8aJv3_6h0aaYuTzA,Southern,29.9527845,-90.0654990,1128.021059,-410.259788,New Orleans,LA,4.0,529,0,2,true,false,false,false,full_bar,no,casual|classy,"{""Monday"": ""11:0-2:0"", ""Tuesday"": ""11:0-2:0"", ""Wednesday"": ""11:0-2:0"", ""Thursday"": ""11:0-2:0"", ""Friday"": ""11:0-2:0"", ""Saturday"": ""9:30-2:0"", ""Sunday"": ""9:30-2:0""}"
MIy19VKPc0ToLF67VUyBzA__specialty_food,MIy19VKPc0ToLF67VUyBzA,Blue Plate Mayonnaise,Specialty Food,MIy19VKPc0ToLF67VUyBzA,Specialty Food,29.9470310,-90.0683380,854.511877,-1050.020682,New Orleans,LA,4.5,7,1,,,,,,,,,
6ugJbEr9el25bXbCeQ1gGw__fitness_and_instruction,6ugJbEr9el25bXbCeQ1gGw,The Parks Health & Fitness,Fitness & Instruction,6ugJbEr9el25bXbCeQ1gGw,Fitness & Instruction,30.0216300,-90.1125100,-3401.017380,7245.021108,New Orleans,LA,3.5,18,1,,,,,false,,,,"{""Monday"": ""5:0-22:0"", ""Tuesday"": ""5:0-22:0"", ""Wednesday"": ""5:0-22:0"", ""Thursday"": ""5:0-22:0"", ""Friday"": ""5:0-20:0"", ""Saturday"": ""6:0-18:0"", ""Sunday"": ""8:0-16:0""}"
5bT-bq-u8rEjBopZg4LCeQ__american_(traditional),5bT-bq-u8rEjBopZg4LCeQ,Dry Dock Cafe,American (Traditional),5bT-bq-u8rEjBopZg4LCeQ,American (Traditional),29.9520215,-90.0546623,2172.028437,-495.101634,New Orleans,LA,3.5,166,1,2,true,false,true,true,full_bar,free,casual|divey,"{""Monday"": ""11:0-22:0"", ""Tuesday"": ""11:0-22:0"", ""Wednesday"": ""11:0-22:0"", ""Thursday"": ""11:0-22:0"", ""Friday"": ""11:0-22:0"", ""Saturday"": ""11:0-22:0"", ""Sunday"": ""11:0-23:0""}"
5CbJgHWgvjyDRw9Sl4BXhg__burgers,5CbJgHWgvjyDRw9Sl4BXhg,Yo Mama's Bar & Grill,Burgers,5CbJgHWgvjyDRw9Sl4BXhg,Burgers,29.9584960,-90.0652404,1152.934575,224.830913,New Orleans,LA,4.0,825,0,2,true,true,false,false,full_bar,no,divey,"{""Monday"": ""11:0-3:0"", ""Tuesday"": ""11:0-3:0"", ""Wednesday"": ""11:0-3:0"", ""Thursday"": ""11:0-3:0"", ""Friday"": ""11:0-3:0"", ""Saturday"": ""11:0-3:0"", ""Sunday"": ""11:0-3:0""}"
0M1l6p96IffjQi9EZsdVhw__venues_and_event_spaces,0M1l6p96IffjQi9EZsdVhw,New Orleans Marriott,Venues & Event Spaces,0M1l6p96IffjQi9EZsdVhw,Venues & Event Spaces,29.9531676,-90.0673047,954.059971,-367.660953,New Orleans,LA,3.5,594,1,3,false,false,false,true,full_bar,paid,touristy,"{""Monday"": ""0:0-0:0"", ""Tuesday"": ""0:0-0:0"", ""Wednesday"": ""0:0-0:0"", ""Thursday"": ""0:0-0:0"", ""Friday"": ""0:0-0:0"", ""Saturday"": ""0:0-0:0"", ""Sunday"": ""0:0-0:0""}"
kdqoDMuvyNedsouc1i33vQ__cocktail_bars,kdqoDMuvyNedsouc1i33vQ,Araña Taqueria y Cantina,Cocktail Bars,kdqoDMuvyNedsouc1i33vQ,Cocktail Bars,29.9234060,-90.0874850,-990.109573,-3677.004453,New Orleans,LA,3.5,312,0,2,true,true,true,true,full_bar,no,casual,"{""Monday"": ""11:0-22:0"", ""Tuesday"": ""11:0-22:0"", ""Wednesday"": ""11:0-22:0"", ""Thursday"": ""11:0-22:0"", ""Friday"": ""11:0-0:0"", ""Saturday"": ""11:0-23:0"", ""Sunday"": ""11:0-22:0""}"
EHhwVLuIIrq4somySU0m8A__cocktail_bars,EHhwVLuIIrq4somySU0m8A,Hot Tin,Cocktail Bars,EHhwVLuIIrq4somySU0m8A,Cocktail Bars,29.9351626,-90.0797143,-241.479134,-2369.731252,New Orleans,LA,4.0,226,1,3,false,false,true,,full_bar,free,classy|intimate|romantic|trendy|upscale,"{""Monday"": ""14:0-0:0"", ""Tuesday"": ""14:0-0:0"", ""Wednesday"": ""14:0-0:0"", ""Thursday"": ""17:0-0:0"", ""Friday"": ""17:0-2:0"", ""Saturday"": ""14:0-2:0"", ""Sunday"": ""14:0-0:0""}"
FxeakFEI6gObK0CxcOft-A__cafes,FxeakFEI6gObK0CxcOft-A,Manhattan Jack,Cafes,FxeakFEI6gObK0CxcOft-A,Cafes,29.9244499,-90.1086349,-3027.695045,-3560.925607,New Orleans,LA,3.5,155,0,2,true,false,true,true,none,free,casual,"{""Monday"": ""6:30-18:0"", ""Tuesday"": ""6:30-18:0"", ""Wednesday"": ""6:30-18:0"", ""Thursday"": ""6:30-18:0"", ""Friday"": ""6:30-18:0"", ""Saturday"": ""6:30-18:0"", ""Sunday"": ""6:30-18:0""}"
XeLAOIv2Ky1wyzIjoTa3Mg__beer,XeLAOIv2Ky1wyzIjoTa3Mg,Coffee Science,Beer,XeLAOIv2Ky1wyzIjoTa3Mg,Beer,29.9624028,-90.0897872,-1211.900316,659.243883,New Orleans,LA,4.5,90,1,2,true,true,true,,full_bar,free,,"{""Monday"": ""0:0-0:0"", ""Tuesday"": ""7:0-17:0"", ""Wednesday"": ""7:0-17:0"", ""Thursday"": ""7:0-17:0"", ""Friday"": ""7:0-17:0"", ""Saturday"": ""7:0-17:0"", ""Sunday"": ""7:0-17:0""}"
9740uBf31ch5X6A2ALTOjw__american_(traditional),9740uBf31ch5X6A2ALTOjw,Wakin' Bakin',American (Traditional),9740uBf31ch5X6A2ALTOjw,American (Traditional),29.9260671,-90.0938981,-1607.947449,-3381.103225,New Orleans,LA,4.5,79,1,,true,true,true,,full_bar,free,casual|trendy,"{""Thursday"": ""7:0-14:0"", ""Friday"": ""7:0-14:0"", ""Saturday"": ""7:0-14:0"", ""Sunday"": ""7:0-14:0""}"
geuZssQDB8yblCpFYwoqAw__american_(traditional),geuZssQDB8yblCpFYwoqAw,Trinity Restaurant New Orleans,American (Traditional),geuZssQDB8yblCpFYwoqAw,American (Traditional),29.9602387,-90.0597600,1680.920774,418.615550,New Orleans,LA,4.0,261,0,3,true,false,true,false,full_bar,free,classy|trendy|upscale,"{""Monday"": ""17:0-22:0"", ""Tuesday"": ""16:0-21:0"", ""Wednesday"": ""16:0-21:0"", ""Thursday"": ""16:0-21:0"", ""Friday"": ""16:0-22:0"", ""Saturday"": ""18:0-22:0"", ""Sunday"": ""16:30-21:0""}"
Msussh2dL_qcL3rOVhTfUA__southern,Msussh2dL_qcL3rOVhTfUA,Pelican Bay,Southern,Msussh2dL_qcL3rOVhTfUA,Southern,29.9747888,-90.0570232,1944.580485,2036.512373,New Orleans,LA,4.5,25,0,2,true,false,true,true,full_bar,free,casual,"{""Monday"": ""8:0-11:0"", ""Tuesday"": ""8:0-11:0"", ""Wednesday"": ""8:0-11:0"", ""Thursday"": ""17:0-22:0"", ""Friday"": ""11:0-23:0"", ""Saturday"": ""11:0-23:0"", ""Sunday"": ""11:0-20:0""}"
-iwrEpq58-1-tE5WijAV-w__art_galleries,-iwrEpq58-1-tE5WijAV-w,Rosetree Glass Studio,Art Galleries,-iwrEpq58-1-tE5WijAV-w,Art Galleries,29.9510525,-90.0488078,2736.050804,-602.849667,New Orleans,LA,5.0,33,1,2,,,,true,,,,"{""Monday"": ""0:0-0:0"", ""Tuesday"": ""10:0-17:0"", ""Wednesday"": ""10:0-17:0"", ""Thursday"": ""10:0-17:0"", ""Friday"": ""10:0-17:0"", ""Saturday"": ""10:0-17:0""}"
v00u4Ui7dnHba1CrU_g40g__beer,v00u4Ui7dnHba1CrU_g40g,Big Easy - Canal,Beer,v00u4Ui7dnHba1CrU_g40g,Beer,29.9512677,-90.0668857,994.426419,-578.920486,New Orleans,LA,3.5,24,0,2,true,false,false,true,full_bar,no,casual,
11qwVOxX-Z0bWAnfpVLnlw__seafood,11qwVOxX-Z0bWAnfpVLnlw,Mike Serio's Poboys,Seafood,11qwVOxX-Z0bWAnfpVLnlw,Seafood,29.9525565,-90.0697679,716.755351,-435.612266,New Orleans,LA,3.5,181,1,1,true,true,false,true,beer_and_wine,no,casual,"{""Monday"": ""10:0-15:0"", ""Tuesday"": ""10:0-15:0"", ""Wednesday"": ""10:0-15:0"", ""Thursday"": ""10:0-15:0"", ""Friday"": ""10:0-15:0"", ""Saturday"": ""10:0-15:0""}"
GevY5sVM5PKhnAy5BbdeVQ__seafood,GevY5sVM5PKhnAy5BbdeVQ,Parran's Poboys,Seafood,GevY5sVM5PKhnAy5BbdeVQ,Seafood,29.9248264,-90.1072494,-2894.208287,-3519.064384,New Orleans,LA,3.5,55,1,,true,true,true,,,,casual,"{""Monday"": ""11:0-20:0"", ""Tuesday"": ""11:0-20:0"", ""Wednesday"": ""11:0-20:0"", ""Thursday"": ""11:0-22:0"", ""Friday"": ""11:0-22:0"", ""Saturday"": ""11:0-22:0""}"
p08wWg9hIsvun4l-cfuWRg__pizza,p08wWg9hIsvun4l-cfuWRg,Mid City Pizza,Pizza,p08wWg9hIsvun4l-cfuWRg,Pizza,29.9745270,-90.1067328,-2844.442092,2007.399244,New Orleans,LA,4.5,52,0,2,true,true,true,true,full_bar,no,divey,"{""Monday"": ""11:0-0:0"", ""Tuesday"": ""11:0-0:0"", ""Wednesday"": ""11:0-0:0"", ""Thursday"": ""11:0-0:0"", ""Friday"": ""11:0-2:0"", ""Saturday"": ""11:0-2:0"", ""Sunday"": ""11:0-0:0""}"
IaSRkoa1ocsjeLiNuRnVhQ__specialty_food,IaSRkoa1ocsjeLiNuRnVhQ,Aunt Sally's Pralines,Specialty Food,IaSRkoa1ocsjeLiNuRnVhQ,Specialty Food,29.9461875,-90.0715006,549.829566,-1143.810052,New Orleans,LA,2.5,10,1,2,true,false,,,,,,"{""Monday"": ""9:0-16:0"", ""Tuesday"": ""9:0-16:0"", ""Wednesday"": ""9:0-16:0"", ""Thursday"": ""9:0-16:0"", ""Friday"": ""9:0-16:0""}"
98dOa885Qifvbyy7pkzBmQ__art_galleries,98dOa885Qifvbyy7pkzBmQ,Mask Gallery,Art Galleries,98dOa885Qifvbyy7pkzBmQ,Art Galleries,29.9596433,-90.0634074,1329.527816,352.400280,New Orleans,LA,4.5,7,1,3,,,,true,,,,"{""Monday"": ""11:0-17:0"", ""Tuesday"": ""11:0-17:0"", ""Wednesday"": ""11:0-17:0"", ""Thursday"": ""11:0-17:0"", ""Friday"": ""11:0-17:0"", ""Saturday"": ""11:0-17:0"", ""Sunday"": ""11:0-17:0""}"
UoZg0xZepdMXbK_2dtT2nw__cafes,UoZg0xZepdMXbK_2dtT2nw,Gracious Bakery + Cafe,Cafes,UoZg0xZepdMXbK_2dtT2nw,Cafes,29.9300081,-90.0870700,-950.128484,-2942.883413,New Orleans,LA,4.5,149,1,2,true,true,true,true,beer_and_wine,free,casual,"{""Monday"": ""7:0-18:0"", ""Tuesday"": ""7:0-18:0"", ""Wednesday"": ""7:0-18:0"", ""Thursday"": ""7:0-18:0"", ""Friday"": ""7:0-18:0"", ""Saturday"": ""7:0-15:0"", ""Sunday"": ""7:0-15:0""}"
tBk-uwlYrLLqjzO3CPIKjg__american_(traditional),tBk-uwlYrLLqjzO3CPIKjg,Igor's Buddha Belly Bar & Grill,American (Traditional),tBk-uwlYrLLqjzO3CPIKjg,American (Traditional),29.9208193,-90.1026267,-2448.860532,-3964.632767,New Orleans,LA,3.5,57,1,1,true,false,true,false,full_bar,no,divey,"{""Monday"": ""11:0-23:0"", ""Tuesday"": ""11:0-23:0"", ""Wednesday"": ""11:0-23:0"", ""Thursday"": ""11:0-23:0"", ""Friday"": ""11:0-23:0"", ""Saturday"": ""11:0-23:0"", ""Sunday"": ""11:0-23:0""}"
ZmSn5gjhuJWwQyoRRRVvYw__american_(traditional),ZmSn5gjhuJWwQyoRRRVvYw,The Lighthouse Bar & Grill,American (Traditional),ZmSn5gjhuJWwQyoRRRVvYw,American (Traditional),30.0256608,-90.0339662,4165.893008,7693.222602,New Orleans,LA,3.5,52,1,2,false,false,true,true,full_bar,free,casual|trendy,"{""Monday"": ""16:0-21:0"", ""Tuesday"": ""12:0-21:0"", ""Wednesday"": ""12:0-21:0"", ""Thursday"": ""12:0-21:0"", ""Friday"": ""12:0-21:0"", ""Saturday"": ""12:0-22:0"", ""Sunday"": ""12:0-22:0""}"
rTnNK9uhleSo0pQ2nWd7qA__southern,rTnNK9uhleSo0pQ2nWd7qA,Triangle Deli,Southern,rTnNK9uhleSo0pQ2nWd7qA,Southern,29.9410830,-90.0991860,-2117.383589,-1711.409019,New Orleans,LA,4.0,12,0,2,true,false,false,true,full_bar,no,,"{""Monday"": ""5:30-21:0"", ""Tuesday"": ""5:30-21:0"", ""Wednesday"": ""5:30-21:0"", ""Thursday"": ""5:30-21:0"", ""Friday"": ""5:30-21:0"", ""Saturday"": ""5:30-21:0"", ""Sunday"": ""5:30-21:0""}"
nK_-VSm_Bx4qjMtVmVuwXQ__cajun_creole,nK_-VSm_Bx4qjMtVmVuwXQ,Mr B's Bakery,Cajun/Creole,nK_-VSm_Bx4qjMtVmVuwXQ,Cajun/Creole,29.9320445,-90.0042543,7028.331950,-2716.440670,New Orleans,LA,5.0,18,1,1,true,,,,none,,,"{""Monday"": ""6:0-12:0"", ""Tuesday"": ""6:0-13:0"", ""Wednesday"": ""6:0-13:0"", ""Thursday"": ""6:0-13:0"", ""Friday"": ""6:0-13:0"", ""Saturday"": ""6:0-13:0""}"
kQkGj-u1nI2X9k8Z3Ac9vQ__fast_food,kQkGj-u1nI2X9k8Z3Ac9vQ,Taco Bell,Fast Food,kQkGj-u1nI2X9k8Z3Ac9vQ,Fast Food,30.0055160,-90.0363960,3931.803273,5453.223585,New Orleans,LA,2.0,22,1,1,true,true,,true,,no,,"{""Monday"": ""10:0-2:0"", ""Tuesday"": ""10:0-2:0"", ""Wednesday"": ""10:0-2:0"", ""Thursday"": ""10:0-2:0"", ""Friday"": ""10:0-2:0"", ""Saturday"": ""10:0-2:0"", ""Sunday"": ""10:0-2:0""}"
o2k6jpXlYFPrDck3j7bHgw__cafes,o2k6jpXlYFPrDck3j7bHgw,Ur Way,Cafes,o2k6jpXlYFPrDck3j7bHgw,Cafes,29.9636392,-90.0942840,-1645.125045,796.729450,New Orleans,LA,3.0,12,0,1,true,false,true,true,none,free,casual,"{""Monday"": ""6:0-22:0"", ""Tuesday"": ""6:0-22:0"", ""Wednesday"": ""6:0-22:0"", ""Thursday"": ""6:0-22:0"", ""Friday"": ""6:0-22:0""}"
1NF6_admLYtu6J20jpkW0w__fitness_and_instruction,1NF6_admLYtu6J20jpkW0w,Downtown Fitness Center,Fitness & Instruction,1NF6_admLYtu6J20jpkW0w,Fitness & Instruction,29.9513700,-90.0654950,1128.406418,-567.545229,New Orleans,LA,4.0,20,1,,,,,false,,,,"{""Monday"": ""6:0-21:0"", ""Tuesday"": ""6:0-21:0"", ""Wednesday"": ""6:0-21:0"", ""Thursday"": ""6:0-21:0"", ""Friday"": ""6:0-21:0"", ""Saturday"": ""9:0-17:0"", ""Sunday"": ""9:0-17:0""}"
DEfNnxhSzrAfrDv3si88nQ__specialty_food,DEfNnxhSzrAfrDv3si88nQ,Creole Delicacies Gourmet Shop,Specialty Food,DEfNnxhSzrAfrDv3si88nQ,Specialty Food,29.9580770,-90.0626310,1404.324099,178.240174,New Orleans,LA,4.5,14,1,2,false,,,,,,,"{""Monday"": ""9:0-22:0"", ""Tuesday"": ""9:0-22:0"", ""Wednesday"": ""9:0-22:0"", ""Thursday"": ""9:0-22:0"", ""Friday"": ""9:0-22:0"", ""Saturday"": ""9:0-22:0"", ""Sunday"": ""9:0-22:0""}"
sbp-DjxxPbWmCHuQvwzbNA__seafood,sbp-DjxxPbWmCHuQvwzbNA,Sorella5,Seafood,sbp-DjxxPbWmCHuQvwzbNA,Seafood,29.9484438,-90.0731985,386.251442,-892.924273,New Orleans,LA,5.0,49,1,,true,,true,,full_bar,,casual|classy|intimate|trendy,"{""Friday"": ""11:0-15:0""}"
dDXDmROCvIEYxvQYWXsKpQ__beer,dDXDmROCvIEYxvQYWXsKpQ,Spirit Wine,Beer,dDXDmROCvIEYxvQYWXsKpQ,Beer,29.9222163,-90.0907946,-1308.956345,-3809.293239,New Orleans,LA,4.0,10,1,2,false,,,false,,,,"{""Tuesday"": ""12:0-19:0"", ""Wednesday"": ""12:0-19:0"", ""Thursday"": ""12:0-19:0"", ""Friday"": ""12:0-19:0"", ""Saturday"": ""12:0-19:0"", ""Sunday"": ""12:0-18:0""}"
A9W54W7d1Zl7E-njDGfHAQ__fitness_and_instruction,A9W54W7d1Zl7E-njDGfHAQ,Oak Street Yoga,Fitness & Instruction,A9W54W7d1Zl7E-njDGfHAQ,Fitness & Instruction,29.9492947,-90.1322298,-5300.822366,-798.308379,New Orleans,LA,3.5,27,0,,,,,false,,,,"{""Monday"": ""6:30-21:0"", ""Tuesday"": ""6:30-21:0"", ""Wednesday"": ""6:30-21:0"", ""Thursday"": ""6:30-21:0"", ""Friday"": ""6:30-19:30"", ""Saturday"": ""8:30-17:0"", ""Sunday"": ""8:30-18:0""}"
bkxtuHXCL7GR51FiNdextA__sandwiches,bkxtuHXCL7GR51FiNdextA,City Greens,Sandwiches,bkxtuHXCL7GR51FiNdextA,Sandwiches,29.9506490,-90.0737290,335.143086,-647.716882,New Orleans,LA,4.0,122,1,2,true,true,true,true,none,free,casual,"{""Monday"": ""10:30-16:0"", ""Tuesday"": ""10:30-16:0"", ""Wednesday"": ""10:30-16:0"", ""Thursday"": ""10:30-16:0"", ""Friday"": ""10:30-15:0""}"
yHgRhWWUC1C8oQx8lChooA__coffee_and_tea,yHgRhWWUC1C8oQx8lChooA,CC's Community Coffee House,Coffee & Tea,yHgRhWWUC1C8oQx8lChooA,Coffee & Tea,29.9553146,-90.0642112,1252.087675,-128.925115,New Orleans,LA,3.5,20,0,1,,,false,,,no,,"{""Monday"": ""7:0-18:0"", ""Tuesday"": ""7:0-18:0"", ""Wednesday"": ""7:0-18:0"", ""Thursday"": ""7:0-18:0"", ""Friday"": ""7:0-18:0"", ""Saturday"": ""7:0-18:0"", ""Sunday"": ""7:0-18:0""}"
arXJI0AdoOMUYNJLr98RYA__specialty_food,arXJI0AdoOMUYNJLr98RYA,Smoothie King,Specialty Food,arXJI0AdoOMUYNJLr98RYA,Specialty Food,30.0210900,-90.1122300,-3374.042188,7184.975765,New Orleans,LA,3.0,5,1,1,true,true,,,,no,,"{""Monday"": ""0:0-0:0"", ""Tuesday"": ""7:0-20:0"", ""Wednesday"": ""7:0-19:0"", ""Thursday"": ""7:0-19:0"", ""Friday"": ""7:0-19:0"", ""Saturday"": ""9:0-20:0"", ""Sunday"": ""11:0-18:0""}"
0VlGRVZ2z62KXgZCc7b5Kw__coffee_and_tea,0VlGRVZ2z62KXgZCc7b5Kw,CC's Coffee House,Coffee & Tea,0VlGRVZ2z62KXgZCc7b5Kw,Coffee & Tea,29.9491110,-90.0700650,688.132745,-818.734915,New Orleans,LA,3.5,14,0,1,true,,false,,,free,,"{""Monday"": ""6:30-17:0"", ""Tuesday"": ""6:30-17:0"", ""Wednesday"": ""6:30-17:0"", ""Thursday"": ""6:30-17:0"", ""Friday"": ""6:30-17:0""}"
URxxeb2R60AH81IcuxJAvQ__sandwiches,URxxeb2R60AH81IcuxJAvQ,Milk Bar,Sandwiches,URxxeb2R60AH81IcuxJAvQ,Sandwiches,29.9444336,-90.1336006,-5432.880479,-1338.841986,New Orleans,LA,4.5,298,1,1,true,true,,true,none,no,casual,"{""Tuesday"": ""11:0-17:0"", ""Wednesday"": ""11:0-17:0"", ""Thursday"": ""11:0-17:0"", ""Friday"": ""11:0-17:0"", ""Saturday"": ""11:0-17:0""}"
l5RR424DtNZg6mDcvrAixw__burgers,l5RR424DtNZg6mDcvrAixw,Lakeview Burgers and Seafood,Burgers,l5RR424DtNZg6mDcvrAixw,Burgers,30.0039867,-90.1042078,-2601.183662,5283.172949,New Orleans,LA,4.0,110,1,1,true,true,true,true,none,free,casual,"{""Monday"": ""0:0-0:0"", ""Tuesday"": ""11:0-0:0"", ""Wednesday"": ""11:0-0:0"", ""Thursday"": ""11:0-1:0"", ""Friday"": ""11:0-1:0"", ""Saturday"": ""11:0-1:0""}"
mCzphzeLeqnHrb7syqrKIQ__american_(traditional),mCzphzeLeqnHrb7syqrKIQ,Waffle House,American (Traditional),mCzphzeLeqnHrb7syqrKIQ,American (Traditional),30.0469760,-89.9626502,11036.473684,10063.372290,New Orleans,LA,3.0,7,1,1,true,false,false,true,none,no,,"{""Monday"": ""0:0-0:0"", ""Tuesday"": ""0:0-0:0"", ""Wednesday"": ""0:0-0:0"", ""Thursday"": ""0:0-0:0"", ""Friday"": ""0:0-0:0"", ""Saturday"": ""0:0-0:0"", ""Sunday"": ""0:0-0:0""}"
73xAuGWkv7O9eZMlRMrN3A__art_galleries,73xAuGWkv7O9eZMlRMrN3A,CBD Social,Art Galleries,73xAuGWkv7O9eZMlRMrN3A,Art Galleries,29.9470994,-90.0714928,550.580893,-1042.420009,New Orleans,LA,4.5,21,1,2,,,true,false,full_bar,,,"{""Monday"": ""17:0-2:0"", ""Tuesday"": ""17:0-2:0"", ""Wednesday"": ""17:0-2:0"", ""Thursday"": ""17:0-2:0"", ""Friday"": ""17:0-2:0"", ""Saturday"": ""17:0-2:0"", ""Sunday"": ""17:0-2:0""}"
mXR44pGgOvbnkMWJp6nRnw__american_(new),mXR44pGgOvbnkMWJp6nRnw,Mike's On The Avenue,American (New),mXR44pGgOvbnkMWJp6nRnw,American (New),29.9474499,-90.0711522,583.391927,-1003.441063,New Orleans,LA,3.5,36,0,3,true,false,true,false,full_bar,free,,"{""Monday"": ""11:30-22:0"", ""Tuesday"": ""11:30-22:0"", ""Wednesday"": ""11:30-22:0"", ""Thursday"": ""11:30-22:0"", ""Friday"": ""11:30-22:0"", ""Saturday"": ""17:30-22:0""}"
ZmvCkhsCOWqA7ikXlbIr2g__cocktail_bars,ZmvCkhsCOWqA7ikXlbIr2g,Vals,Cocktail Bars,ZmvCkhsCOWqA7ikXlbIr2g,Cocktail Bars,29.9348117,-90.1061241,-2785.799951,-2408.746726,New Orleans,LA,4.0,116,1,,,,,,full_bar,free,casual,"{""Monday"": ""11:0-15:30"", ""Tuesday"": ""16:0-22:0"", ""Wednesday"": ""11:0-22:0"", ""Thursday"": ""11:0-22:0"", ""Friday"": ""11:0-23:0"", ""Saturday"": ""11:0-23:0"", ""Sunday"": ""11:0-22:0""}"
el6K1DsZRnKNNaZ14YGMHQ__american_(traditional),el6K1DsZRnKNNaZ14YGMHQ,Salads Galore & More,American (Traditional),el6K1DsZRnKNNaZ14YGMHQ,American (Traditional),30.0390737,-89.9773202,9623.164209,9184.674729,New Orleans,LA,4.0,46,1,1,true,,false,false,,free,casual,"{""Monday"": ""0:0-0:0"", ""Tuesday"": ""11:0-17:0"", ""Wednesday"": ""11:0-17:0"", ""Thursday"": ""11:0-17:0"", ""Friday"": ""11:0-17:0""}"
WjkMZNlIUtQ59iHvG-aRMA__fitness_and_instruction,WjkMZNlIUtQ59iHvG-aRMA,Balance Yoga & Wellness,Fitness & Instruction,WjkMZNlIUtQ59iHvG-aRMA,Fitness & Instruction,29.9718266,-90.0979152,-1994.954752,1707.128049,New Orleans,LA,4.5,37,1,,,,,true,,,,"{""Monday"": ""6:30-19:30"", ""Tuesday"": ""6:30-21:0"", ""Wednesday"": ""6:30-21:0"", ""Thursday"": ""7:0-19:30"", ""Friday"": ""7:0-19:30"", ""Saturday"": ""9:0-17:30"", ""Sunday"": ""8:0-19:30""}"
VQcCL9PiNL_wkGf-uF3fjg__american_(new),VQcCL9PiNL_wkGf-uF3fjg,Royal House,American (New),VQcCL9PiNL_wkGf-uF3fjg,American (New),29.9564732,-90.0663861,1042.562590,-0.091160,New Orleans,LA,4.0,5070,1,2,true,true,true,true,full_bar,free,casual|classy,"{""Monday"": ""11:0-22:0"", ""Tuesday"": ""11:0-22:0"", ""Wednesday"": ""11:0-22:0"", ""Thursday"": ""11:0-22:0"", ""Friday"": ""11:0-23:0"", ""Saturday"": ""11:0-23:0"", ""Sunday"": ""11:0-22:0""}"
Kjt2eEFNoe9Zz8dwkbYc9w__desserts,Kjt2eEFNoe9Zz8dwkbYc9w,Aqua S,Desserts,Kjt2eEFNoe9Zz8dwkbYc9w,Desserts,29.9480990,-90.0752190,191.596528,-931.264336,New Orleans,LA,4.5,66,1,,true,true,,,,,,"{""Monday"": ""0:0-0:0"", ""Tuesday"": ""12:0-19:0"", ""Wednesday"": ""12:0-19:0"", ""Thursday"": ""12:0-19:0"", ""Friday"": ""12:0-17:0"", ""Saturday"": ""12:0-20:0"", ""Sunday"": ""12:0-18:0""}"
yMlpyzvx5o3tTFI_1esgGQ__desserts,yMlpyzvx5o3tTFI_1esgGQ,Bakery Bar,Desserts,yMlpyzvx5o3tTFI_1esgGQ,Desserts,29.9389138,-90.0686731,822.228352,-1952.613387,New Orleans,LA,4.5,464,1,2,true,true,,false,full_bar,free,casual|classy|hipster|trendy,"{""Monday"": ""0:0-0:0"", ""Tuesday"": ""16:0-22:0"", ""Wednesday"": ""16:0-22:0"", ""Thursday"": ""16:0-22:0"", ""Friday"": ""16:0-22:0"", ""Saturday"": ""11:0-22:0"", ""Sunday"": ""11:0-17:0""}"
_C7QiQQc47AOEv4PE3Kong__cocktail_bars,_C7QiQQc47AOEv4PE3Kong,Commander's Palace,Cocktail Bars,_C7QiQQc47AOEv4PE3Kong,Cocktail Bars,29.9287354,-90.0841956,-673.209812,-3084.396744,New Orleans,LA,4.5,4876,1,3,true,,true,true,full_bar,no,classy|upscale,"{""Monday"": ""0:0-0:0"", ""Tuesday"": ""18:0-21:30"", ""Wednesday"": ""18:0-21:30"", ""Thursday"": ""18:0-21:30"", ""Friday"": ""18:0-21:30"", ""Saturday"": ""18:0-21:30"", ""Sunday"": ""18:0-21:30""}"
9--QS5ChKDYf4POHKujoiw__burgers,9--QS5ChKDYf4POHKujoiw,Ugly Dog Saloon & BBQ,Burgers,9--QS5ChKDYf4POHKujoiw,Burgers,29.9425511,-90.0678520,901.333104,-1548.163522,New Orleans,LA,3.5,336,1,2,true,true,true,true,full_bar,free,casual,"{""Monday"": ""0:0-0:0"", ""Tuesday"": ""11:0-2:0"", ""Wednesday"": ""11:0-2:0"", ""Thursday"": ""17:0-1:0"", ""Friday"": ""11:0-2:0"", ""Saturday"": ""11:0-2:0"", ""Sunday"": ""11:0-2:0""}"
CscheAOcPghd5L5_jjRVxg__specialty_food,CscheAOcPghd5L5_jjRVxg,Elmer's Fine Foods,Specialty Food,CscheAOcPghd5L5_jjRVxg,Specialty Food,29.9824285,-90.0452572,3078.115510,2886.007171,New Orleans,LA,5.0,5,1,1,,,,,,,,
aWrfoWJFBVQcgMVaD6Bvyw__desserts,aWrfoWJFBVQcgMVaD6Bvyw,Stop Jockin Snoballs,Desserts,aWrfoWJFBVQcgMVaD6Bvyw,Desserts,29.9938121,-90.0783381,-108.897480,4151.807486,New Orleans,LA,4.5,36,1,1,true,,true,,none,no,,"{""Tuesday"": ""12:0-19:0"", ""Wednesday"": ""12:0-19:0"", ""Thursday"": ""12:0-19:0"", ""Friday"": ""12:0-19:0"", ""Saturday"": ""12:0-19:0"", ""Sunday"": ""13:0-18:0""}"
9i-MwyMBEmbm0UlB6UFCCw__american_(traditional),9i-MwyMBEmbm0UlB6UFCCw,Extreme Sports Bar and Grille,American (Traditional),9i-MwyMBEmbm0UlB6UFCCw,American (Traditional),29.9479320,-90.0674980,935.437454,-949.833915,New Orleans,LA,3.0,19,0,2,,,true,,full_bar,,,
S2Sdir-fkwq1sq3nh0fOOA__southern,S2Sdir-fkwq1sq3nh0fOOA,Deanie's Restaurant,Southern,S2Sdir-fkwq1sq3nh0fOOA,Southern,29.9415236,-90.0675256,932.778471,-1662.416467,New Orleans,LA,4.0,19,0,2,true,false,false,true,none,,,"{""Monday"": ""6:30-15:0"", ""Tuesday"": ""6:30-15:0"", ""Wednesday"": ""6:30-15:0"", ""Thursday"": ""6:30-15:0"", ""Friday"": ""6:30-15:0""}"
MH2l4IMyrNyS-E4AfxbrIA__breakfast_and_brunch,MH2l4IMyrNyS-E4AfxbrIA,Chill Out Cafe,Breakfast & Brunch,MH2l4IMyrNyS-E4AfxbrIA,Breakfast & Brunch,29.9422675,-90.1303174,-5116.581803,-1579.698447,New Orleans,LA,4.0,168,1,2,true,false,true,true,none,no,casual,"{""Monday"": ""11:0-20:30"", ""Tuesday"": ""11:0-20:30"", ""Wednesday"": ""11:0-20:30"", ""Thursday"": ""11:0-20:30"", ""Friday"": ""11:0-20:30"", ""Saturday"": ""11:0-20:30""}"
kJwK5kw458Bb_JsJwq4R_w__burgers,kJwK5kw458Bb_JsJwq4R_w,Vucinovich's Restaurant,Burgers,kJwK5kw458Bb_JsJwq4R_w,Burgers,30.0299950,-89.9278100,14392.975506,8175.167954,New Orleans,LA,4.0,42,1,2,true,false,false,true,none,no,casual,"{""Monday"": ""10:0-14:0"", ""Tuesday"": ""10:0-14:0"", ""Wednesday"": ""10:0-14:0"", ""Thursday"": ""10:0-14:0"", ""Friday"": ""10:0-14:0""}"
0g9XB5iLNje1B4UNbzqCPA__beer,0g9XB5iLNje1B4UNbzqCPA,The Blue Crab Restaurant & Oyster Bar,Beer,0g9XB5iLNje1B4UNbzqCPA,Beer,30.0258450,-90.1133740,-3484.255116,7713.708372,New Orleans,LA,3.5,492,1,3,true,false,true,true,full_bar,free,casual,"{""Monday"": ""0:0-0:0"", ""Tuesday"": ""11:0-21:0"", ""Wednesday"": ""11:0-21:0"", ""Thursday"": ""11:0-21:0"", ""Friday"": ""11:0-21:0"", ""Saturday"": ""11:0-21:0"", ""Sunday"": ""11:0-21:0""}"
dqhpX2YseNDqoWQCQWSc2g__cafes,dqhpX2YseNDqoWQCQWSc2g,Cloud Nine Bistro,Cafes,dqhpX2YseNDqoWQCQWSc2g,Cafes,29.9237481,-90.0861823,-864.607491,-3638.964616,New Orleans,LA,4.0,35,0,2,true,true,true,true,full_bar,free,casual,"{""Monday"": ""0:0-0:0"", ""Tuesday"": ""7:0-15:0"", ""Wednesday"": ""7:0-15:0"", ""Thursday"": ""7:0-15:0"", ""Friday"": ""6:0-0:0"", ""Saturday"": ""6:0-0:0"", ""Sunday"": ""6:0-0:0""}"
mRpk0A4u0hnF0lNe1h4hGg__coffee_and_tea,mRpk0A4u0hnF0lNe1h4hGg,Bearcat Cafe,Coffee & Tea,mRpk0A4u0hnF0lNe1h4hGg,Coffee & Tea,29.9356420,-90.1041242,-2593.129640,-2316.421451,New Orleans,LA,4.5,886,1,2,true,true,true,true,none,free,casual|classy|hipster|trendy,"{""Monday"": ""0:0-0:0"", ""Tuesday"": ""8:0-15:0"", ""Wednesday"": ""8:0-15:0"", ""Thursday"": ""8:0-15:0"", ""Friday"": ""8:0-15:0"", ""Saturday"": ""8:0-15:0"", ""Sunday"": ""8:0-15:0""}"
miRxzEzV7OIShLQ5x_Lvvg__seafood,miRxzEzV7OIShLQ5x_Lvvg,Domilise Po-Boys & Bar,Seafood,miRxzEzV7OIShLQ5x_Lvvg,Seafood,29.9174000,-90.1123660,-3387.144424,-4344.842104,New Orleans,LA,4.0,577,1,2,true,false,true,true,beer_and_wine,no,classy|divey,"{""Monday"": ""0:0-0:0"", ""Tuesday"": ""10:0-18:30"", ""Wednesday"": ""10:0-18:30"", ""Thursday"": ""10:0-18:30"", ""Friday"": ""10:0-18:30"", ""Saturday"": ""10:30-19:0"", ""Sunday"": ""10:0-15:0""}"
yMLdnKqOErWTvaE8djPzDA__coffee_and_tea,yMLdnKqOErWTvaE8djPzDA,Starbucks,Coffee & Tea,yMLdnKqOErWTvaE8djPzDA,Coffee & Tea,29.9519960,-90.0652600,1151.046312,-497.937109,New Orleans,LA,3.0,47,0,2,true,,true,,,free,,"{""Monday"": ""0:0-0:0"", ""Tuesday"": ""6:30-19:0"", ""Wednesday"": ""6:30-19:0"", ""Thursday"": ""6:30-19:0"", ""Friday"": ""6:30-19:0"", ""Saturday"": ""6:30-19:0"", ""Sunday"": ""7:0-18:0""}"
sMwK2RWL3vpkAH2nCmSV6g__coffee_and_tea,sMwK2RWL3vpkAH2nCmSV6g,Mojo Coffee House,Coffee & Tea,sMwK2RWL3vpkAH2nCmSV6g,Coffee & Tea,29.9349027,-90.1065692,-2828.680872,-2398.627974,New Orleans,LA,4.0,184,1,1,true,,true,true,,free,,"{""Monday"": ""6:0-18:0"", ""Tuesday"": ""6:0-18:0"", ""Wednesday"": ""6:0-18:0"", ""Thursday"": ""6:0-18:0"", ""Friday"": ""6:0-18:0"", ""Saturday"": ""7:0-18:0"", ""Sunday"": ""7:0-18:0""}"
xxlbRiWWQkk-6LST3Hd12g__burgers,xxlbRiWWQkk-6LST3Hd12g,The Backyard,Burgers,xxlbRiWWQkk-6LST3Hd12g,Burgers,30.0054950,-90.1182040,-3949.577182,5450.888489,New Orleans,LA,4.0,203,1,2,,true,true,true,full_bar,free,casual,"{""Monday"": ""0:0-0:0"", ""Tuesday"": ""11:0-21:0"", ""Wednesday"": ""11:0-21:0"", ""Thursday"": ""11:0-21:0"", ""Friday"": ""11:0-22:30"", ""Saturday"": ""11:0-22:30"", ""Sunday"": ""11:0-21:0""}"
UKpPU6X97oPd-dkCK8cheQ__beer,UKpPU6X97oPd-dkCK8cheQ,Voodoo BBQ & Grill,Beer,UKpPU6X97oPd-dkCK8cheQ,Beer,29.9390986,-90.0757798,137.573744,-1932.063269,New Orleans,LA,3.5,469,0,2,true,true,true,true,full_bar,free,casual,"{""Monday"": ""11:0-22:0"", ""Tuesday"": ""11:0-22:0"", ""Wednesday"": ""11:0-22:0"", ""Thursday"": ""11:0-22:0"", ""Friday"": ""11:0-23:0"", ""Saturday"": ""11:0-23:0"", ""Sunday"": ""11:0-21:0""}"
jAYRTHKmUxNhpbycdjoGwg__art_galleries,jAYRTHKmUxNhpbycdjoGwg,The Art Garden & Floating Gallery,Art Galleries,jAYRTHKmUxNhpbycdjoGwg,Art Galleries,29.9638464,-90.0576951,1879.848568,819.769070,New Orleans,LA,4.5,7,1,2,,,,false,,,,"{""Thursday"": ""18:0-0:0"", ""Friday"": ""6:0-0:0"", ""Saturday"": ""6:0-0:0"", ""Sunday"": ""18:0-0:0""}"
C4Le-Sgkl0Y4u4pqDEUndA__art_galleries,C4Le-Sgkl0Y4u4pqDEUndA,Myth Gallery,Art Galleries,C4Le-Sgkl0Y4u4pqDEUndA,Art Galleries,29.9595049,-90.0635735,1313.523675,337.015629,New Orleans,LA,5.0,5,1,,,,,false,,,,"{""Monday"": ""11:0-19:0"", ""Tuesday"": ""11:0-19:0"", ""Wednesday"": ""11:0-19:0"", ""Thursday"": ""11:0-19:0"", ""Friday"": ""11:0-20:0"", ""Saturday"": ""11:0-20:0"", ""Sunday"": ""12:0-18:0""}"
MDNDbOBk25yK7qphGMN9YQ__fitness_and_instruction,MDNDbOBk25yK7qphGMN9YQ,Bayou Oaks at City Park - South Course,Fitness & Instruction,MDNDbOBk25yK7qphGMN9YQ,Fitness & Instruction,30.0111400,-90.0887310,-1110.149178,6078.584717,New Orleans,LA,3.0,10,1,3,,,,true,,,,"{""Monday"": ""7:0-17:30"", ""Tuesday"": ""7:0-17:30"", ""Wednesday"": ""7:0-17:30"", ""Thursday"": ""7:0-17:30"", ""Friday"": ""7:0-17:30"", ""Saturday"": ""6:0-17:30"", ""Sunday"": ""6:0-17:30""}"
u7uFQCoHFtBKCtbWUm6yZw__american_(new),u7uFQCoHFtBKCtbWUm6yZw,Emeril's ,American (New),u7uFQCoHFtBKCtbWUm6yZw,American (New),29.9447869,-90.0673771,947.084957,-1299.553562,New Orleans,LA,4.0,1608,1,3,false,false,false,true,full_bar,no,classy,"{""Monday"": ""0:0-0:0"", ""Tuesday"": ""17:0-21:0"", ""Wednesday"": ""17:0-21:0"", ""Thursday"": ""17:0-21:0"", ""Friday"": ""15:0-20:0"", ""Saturday"": ""17:0-22:0""}"
SgCU0hvmsSbY6uL3lmjJ6A__specialty_food,SgCU0hvmsSbY6uL3lmjJ6A,Pop This,Specialty Food,SgCU0hvmsSbY6uL3lmjJ6A,Specialty Food,29.9540113,-90.0703389,661.742558,-273.840938,New Orleans,LA,3.5,5,0,1,,,,,,,,"{""Monday"": ""11:0-18:0"", ""Tuesday"": ""11:0-18:0"", ""Wednesday"": ""11:0-18:0"", ""Thursday"": ""11:0-18:0"", ""Friday"": ""11:0-19:0"", ""Saturday"": ""10:0-20:0"", ""Sunday"": ""11:0-18:0""}"
2OSMOlOmMVtBLoPN338vsQ__art_galleries,2OSMOlOmMVtBLoPN338vsQ,The Collective Shop,Art Galleries,2OSMOlOmMVtBLoPN338vsQ,Art Galleries,29.9220801,-90.0911498,-1343.176303,-3824.438009,New Orleans,LA,5.0,20,1,,,,,,,no,,"{""Monday"": ""11:0-16:0"", ""Thursday"": ""11:0-18:0"", ""Friday"": ""11:0-18:0"", ""Saturday"": ""11:0-18:0"", ""Sunday"": ""11:0-16:0""}"
4XIownp1zUUtAgXQkQFsdg__specialty_food,4XIownp1zUUtAgXQkQFsdg,IT'SUGAR,Specialty Food,4XIownp1zUUtAgXQkQFsdg,Specialty Food,29.9478826,-90.0622066,1445.208250,-955.325339,New Orleans,LA,4.0,8,1,2,true,,,,,,,"{""Monday"": ""0:0-0:0"", ""Tuesday"": ""10:0-19:0"", ""Wednesday"": ""10:0-19:0"", ""Thursday"": ""10:0-19:0"", ""Friday"": ""10:0-19:0"", ""Saturday"": ""10:0-19:0"", ""Sunday"": ""10:0-18:0""}"
qK75hn5wEEdkeaLL-6V93w__fast_food,qK75hn5wEEdkeaLL-6V93w,Subway,Fast Food,qK75hn5wEEdkeaLL-6V93w,Fast Food,29.9230710,-90.0894337,-1177.847277,-3714.254804,New Orleans,LA,2.5,7,0,1,true,false,false,true,none,free,,
KJBP978HQWTUXTTgwp32UA__american_(traditional),KJBP978HQWTUXTTgwp32UA,WOW Cafe & Wingery,American (Traditional),KJBP978HQWTUXTTgwp32UA,American (Traditional),29.9225350,-90.1214605,-4263.308302,-3773.855367,New Orleans,LA,2.5,19,0,2,true,true,true,true,full_bar,no,,
9QT1KgrNutANvTzT_UChcg__coffee_and_tea,9QT1KgrNutANvTzT_UChcg,PJ's Coffee Ochsner Main Campus,Coffee & Tea,9QT1KgrNutANvTzT_UChcg,Coffee & Tea,29.9612207,-90.1455368,-6582.817684,527.809341,New Orleans,LA,2.0,15,1,2,true,false,false,,,free,,
FEXhWNCMkv22qG04E83Qjg__cafes,FEXhWNCMkv22qG04E83Qjg,Café Du Monde,Cafes,FEXhWNCMkv22qG04E83Qjg,Cafes,29.9575250,-90.0618610,1478.505878,116.860490,New Orleans,LA,4.0,1880,1,1,true,false,true,true,none,no,touristy,"{""Monday"": ""8:0-20:0"", ""Tuesday"": ""8:0-20:0"", ""Wednesday"": ""8:0-20:0"", ""Thursday"": ""8:0-20:0"", ""Friday"": ""8:0-20:0"", ""Saturday"": ""8:0-20:0"", ""Sunday"": ""8:0-20:0""}"
j00Jky-A3xhT4u7VtO6d2g__pizza,j00Jky-A3xhT4u7VtO6d2g,Wit's Inn,Pizza,j00Jky-A3xhT4u7VtO6d2g,Pizza,29.9754290,-90.0997050,-2167.384034,2107.697206,New Orleans,LA,3.5,92,1,2,true,true,true,false,full_bar,free,casual,"{""Wednesday"": ""16:0-0:0"", ""Thursday"": ""16:0-0:0"", ""Friday"": ""16:0-1:0"", ""Saturday"": ""16:0-1:0"", ""Sunday"": ""16:0-0:0""}"
JbdGiAzMBRZdXIlDVISeBQ__fast_food,JbdGiAzMBRZdXIlDVISeBQ,Subway,Fast Food,JbdGiAzMBRZdXIlDVISeBQ,Fast Food,29.9760610,-90.0996259,-2159.763543,2177.972497,New Orleans,LA,2.5,7,1,1,true,true,false,true,none,,,"{""Monday"": ""8:0-20:0"", ""Tuesday"": ""8:0-20:0"", ""Wednesday"": ""8:0-20:0"", ""Thursday"": ""8:0-20:0"", ""Friday"": ""8:0-20:0"", ""Saturday"": ""8:0-20:0"", ""Sunday"": ""8:0-20:0""}"
nj_6YtupsFwSp8xYYyWKoQ__american_(traditional),nj_6YtupsFwSp8xYYyWKoQ,Jax Brewhouse,American (Traditional),nj_6YtupsFwSp8xYYyWKoQ,American (Traditional),29.9562672,-90.0626983,1397.840419,-23.000682,New Orleans,LA,4.0,98,0,2,true,false,true,true,full_bar,free,,"{""Monday"": ""9:0-21:0"", ""Tuesday"": ""9:0-21:0"", ""Wednesday"": ""9:0-21:0"", ""Thursday"": ""9:0-21:0"", ""Friday"": ""9:0-22:0"", ""Saturday"": ""9:0-22:0"", ""Sunday"": ""9:0-21:0""}"
zzbZtgPYZS8sTIWQH6DwEw__beer,zzbZtgPYZS8sTIWQH6DwEw,F & M Patio Bar,Beer,zzbZtgPYZS8sTIWQH6DwEw,Beer,29.9168565,-90.1069741,-2867.688927,-4405.276631,New Orleans,LA,3.0,86,1,1,false,false,true,false,full_bar,no,classy|trendy,"{""Monday"": ""19:0-4:0"", ""Tuesday"": ""19:0-4:0"", ""Wednesday"": ""19:0-4:0"", ""Thursday"": ""19:0-4:0"", ""Friday"": ""19:0-5:30"", ""Saturday"": ""19:0-5:30"", ""Sunday"": ""19:0-4:0""}"
rvmgM0Ec0fqZqwenYI9HAQ__art_galleries,rvmgM0Ec0fqZqwenYI9HAQ,Jewels,Art Galleries,rvmgM0Ec0fqZqwenYI9HAQ,Art Galleries,29.9585139,-90.0613435,1528.361813,226.821305,New Orleans,LA,4.5,10,1,2,,,,true,,,,
XuPRfKZEgiufJh0uPFt-jw__specialty_food,XuPRfKZEgiufJh0uPFt-jw,O'cajun Seafood,Specialty Food,XuPRfKZEgiufJh0uPFt-jw,Specialty Food,30.0203199,-89.9590404,11384.239635,7099.344434,New Orleans,LA,3.5,7,0,2,true,,,,,,,
etBxrteuYBgLcmNb6WLbOA__venues_and_event_spaces,etBxrteuYBgLcmNb6WLbOA,The Mystère Mansion,Venues & Event Spaces,etBxrteuYBgLcmNb6WLbOA,Venues & Event Spaces,29.9792033,-90.1082280,-2988.489618,2527.380798,New Orleans,LA,4.0,16,1,,,,,true,,,,"{""Wednesday"": ""16:30-22:30"", ""Thursday"": ""16:30-22:30"", ""Friday"": ""16:30-22:30"", ""Saturday"": ""16:30-22:30"", ""Sunday"": ""16:30-22:30""}"
Zt7SfTU6N9SKDvVvpNpoGg__american_(traditional),Zt7SfTU6N9SKDvVvpNpoGg,The Kolache Kitchen - New Orleans,American (Traditional),Zt7SfTU6N9SKDvVvpNpoGg,American (Traditional),29.9350566,-90.1066494,-2836.407338,-2381.515051,New Orleans,LA,4.0,87,1,1,true,,true,,,free,,"{""Monday"": ""7:0-14:0"", ""Tuesday"": ""7:0-14:0"", ""Wednesday"": ""7:0-14:0"", ""Thursday"": ""7:0-14:0"", ""Friday"": ""7:0-14:0"", ""Saturday"": ""7:0-14:0"", ""Sunday"": ""7:0-14:0""}"
RXY89AX0vz6gchV8T1r1Gg__venues_and_event_spaces,RXY89AX0vz6gchV8T1r1Gg,Catahoula Rooftop Bar,Venues & Event Spaces,RXY89AX0vz6gchV8T1r1Gg,Venues & Event Spaces,29.9516963,-90.0732350,382.735033,-531.262274,New Orleans,LA,4.0,36,1,2,,,true,false,full_bar,free,classy,"{""Wednesday"": ""16:0-22:0"", ""Thursday"": ""16:0-22:0"", ""Friday"": ""16:0-23:0"", ""Saturday"": ""16:0-23:0""}"
7BP7gg_vpt0UVMH9SW3Q-w__american_(new),7BP7gg_vpt0UVMH9SW3Q-w,Pei Wei,American (New),7BP7gg_vpt0UVMH9SW3Q-w,American (New),29.9764238,-90.0991180,-2110.834147,2218.313527,New Orleans,LA,3.0,30,0,2,true,false,true,true,none,no,casual,
XCDXN4xJh3-DauaO88CZHQ__beer,XCDXN4xJh3-DauaO88CZHQ,Courtyard Brewery,Beer,XCDXN4xJh3-DauaO88CZHQ,Beer,29.9400380,-90.0719090,510.481836,-1827.607878,New Orleans,LA,4.5,220,1,2,false,,true,false,beer_and_wine,,,"{""Monday"": ""11:0-22:0"", ""Tuesday"": ""11:0-22:0"", ""Wednesday"": ""11:0-22:0"", ""Thursday"": ""11:0-23:0"", ""Friday"": ""11:0-23:0"", ""Saturday"": ""11:0-23:0"", ""Sunday"": ""11:0-22:0""}"
zHy8953PyqX0CnPTXDn3zw__specialty_food,zHy8953PyqX0CnPTXDn3zw,The Commissary,Specialty Food,zHy8953PyqX0CnPTXDn3zw,Specialty Food,29.9319792,-90.0677790,908.365922,-2723.706791,New Orleans,LA,5.0,10,1,,true,true,true,,,,,"{""Tuesday"": ""11:0-18:0"", ""Wednesday"": ""11:0-18:0"", ""Thursday"": ""11:0-18:0"", ""Friday"": ""11:0-18:0"", ""Saturday"": ""11:0-16:0""}"
yklgi4y_mRyjayUuWApwGw__coffee_and_tea,yklgi4y_mRyjayUuWApwGw,PJ's Coffee,Coffee & Tea,yklgi4y_mRyjayUuWApwGw,Coffee & Tea,29.9520491,-90.0787815,-151.613265,-492.034262,New Orleans,LA,3.0,18,1,1,true,false,true,,,free,,"{""Monday"": ""0:0-0:0"", ""Tuesday"": ""6:0-16:0"", ""Wednesday"": ""6:0-16:0"", ""Thursday"": ""6:0-16:0"", ""Friday"": ""6:0-16:0""}"
5N42K3mxqvzYSwG64UYGdA__fitness_and_instruction,5N42K3mxqvzYSwG64UYGdA,Planet Fitness,Fitness & Instruction,5N42K3mxqvzYSwG64UYGdA,Fitness & Instruction,30.0276240,-89.9938220,8033.381254,7911.524419,New Orleans,LA,3.5,20,1,,,,,false,,,,"{""Monday"": ""0:0-19:0"", ""Tuesday"": ""6:0-23:0"", ""Wednesday"": ""6:0-23:0"", ""Thursday"": ""5:0-22:0"", ""Friday"": ""6:0-23:0"", ""Saturday"": ""7:0-19:0"", ""Sunday"": ""7:0-19:0""}"
Mety9u6oVMEBliYTmBZ7Jg__cocktail_bars,Mety9u6oVMEBliYTmBZ7Jg,St Joe's Bar,Cocktail Bars,Mety9u6oVMEBliYTmBZ7Jg,Cocktail Bars,29.9213963,-90.1168950,-3823.468159,-3900.473205,New Orleans,LA,4.0,87,1,2,,,true,,full_bar,no,casual|divey|hipster,"{""Monday"": ""0:0-0:0"", ""Wednesday"": ""17:0-23:0"", ""Thursday"": ""20:0-3:0"", ""Friday"": ""15:0-23:0"", ""Saturday"": ""15:0-23:0""}"
_-otZU2dbPrEZyaVSMmvDg__coffee_and_tea,_-otZU2dbPrEZyaVSMmvDg,Little Vic's,Coffee & Tea,_-otZU2dbPrEZyaVSMmvDg,Coffee & Tea,29.9574866,-90.0658256,1096.556424,112.590599,New Orleans,LA,4.0,186,0,1,true,true,true,true,full_bar,free,casual,"{""Monday"": ""9:0-23:0"", ""Tuesday"": ""9:0-23:0"", ""Wednesday"": ""9:0-23:0"", ""Thursday"": ""9:0-23:0"", ""Friday"": ""9:0-2:0"", ""Saturday"": ""9:0-2:0"", ""Sunday"": ""9:0-23:0""}"
eglHno8_qoYslhGKv_xZBg__venues_and_event_spaces,eglHno8_qoYslhGKv_xZBg,The Art Garage,Venues & Event Spaces,eglHno8_qoYslhGKv_xZBg,Venues & Event Spaces,29.9689435,-90.0557385,2068.347358,1386.541514,New Orleans,LA,3.0,5,1,1,,,true,,full_bar,free,,"{""Saturday"": ""20:0-0:0""}"
Qt1rf5cUZMrDYtBxFlPZRQ__art_galleries,Qt1rf5cUZMrDYtBxFlPZRQ,MC Romaguera Studio,Art Galleries,Qt1rf5cUZMrDYtBxFlPZRQ,Art Galleries,29.9583380,-90.0647740,1197.867538,207.262090,New Orleans,LA,4.5,6,0,2,,,,true,,,,"{""Monday"": ""10:30-17:30"", ""Tuesday"": ""10:30-17:30"", ""Thursday"": ""10:30-17:30"", ""Friday"": ""10:30-17:30"", ""Saturday"": ""10:30-17:30""}"
v-wVkCLas3yapQ--sBSQ4Q__pizza,v-wVkCLas3yapQ--sBSQ4Q,Dolce Vita Pizzeria,Pizza,v-wVkCLas3yapQ--sBSQ4Q,Pizza,29.9412707,-90.0741345,296.077228,-1690.537703,New Orleans,LA,4.0,207,0,2,true,true,false,true,full_bar,,casual,"{""Tuesday"": ""17:0-22:0"", ""Wednesday"": ""17:0-22:0"", ""Thursday"": ""17:0-22:0"", ""Friday"": ""17:0-22:0"", ""Saturday"": ""11:0-23:0"", ""Sunday"": ""11:0-23:0""}"
ou-zFpwEJU8HS-q9eNWv1Q__art_galleries,ou-zFpwEJU8HS-q9eNWv1Q,Artist's Market,Art Galleries,ou-zFpwEJU8HS-q9eNWv1Q,Art Galleries,29.9610995,-90.0586388,1788.932537,514.327304,New Orleans,LA,4.5,10,1,2,,,,true,,,,"{""Monday"": ""10:0-18:0"", ""Tuesday"": ""10:0-18:0"", ""Wednesday"": ""10:0-18:0"", ""Thursday"": ""10:0-18:0"", ""Friday"": ""10:0-18:0"", ""Saturday"": ""10:0-18:0"", ""Sunday"": ""10:0-18:0""}"
ftpaEvx7cMJmHBdQKd4y-g__american_(traditional),ftpaEvx7cMJmHBdQKd4y-g,Somethin' Else Cafe,American (Traditional),ftpaEvx7cMJmHBdQKd4y-g,American (Traditional),29.9552929,-90.0665605,1025.756178,-131.338049,New Orleans,LA,3.0,149,0,2,true,true,true,true,none,free,casual,"{""Monday"": ""7:0-22:0"", ""Tuesday"": ""7:0-22:0"", ""Wednesday"": ""7:0-22:0"", ""Thursday"": ""7:0-12:0"", ""Friday"": ""7:0-3:0"", ""Saturday"": ""7:0-3:0"", ""Sunday"": ""7:0-22:0""}"
s_9ERatPIp_7GSrzHlgGMg__seafood,s_9ERatPIp_7GSrzHlgGMg,Broad & Banks Seafood,Seafood,s_9ERatPIp_7GSrzHlgGMg,Seafood,29.9629749,-90.0894069,-1175.265366,722.862558,New Orleans,LA,4.0,46,1,1,true,false,false,true,beer_and_wine,no,casual,"{""Monday"": ""8:30-20:0"", ""Tuesday"": ""8:30-20:0"", ""Wednesday"": ""8:30-20:0"", ""Thursday"": ""8:30-20:0"", ""Friday"": ""8:30-20:0"", ""Saturday"": ""8:30-20:0""}"
g7dxujhZOdDUggvCpzrn1Q__desserts,g7dxujhZOdDUggvCpzrn1Q,Popbar - New Orleans,Desserts,g7dxujhZOdDUggvCpzrn1Q,Desserts,29.9525245,-90.0656078,1117.539270,-439.168196,New Orleans,LA,5.0,20,1,,,,,,,,,"{""Monday"": ""13:0-20:0"", ""Tuesday"": ""13:0-20:0"", ""Wednesday"": ""13:0-20:0"", ""Thursday"": ""13:0-20:0"", ""Friday"": ""12:0-22:0"", ""Saturday"": ""12:0-22:0""}"
tCO8LJfSvnarbt7_vlFECA__american_(new),tCO8LJfSvnarbt7_vlFECA,The Kitchen,American (New),tCO8LJfSvnarbt7_vlFECA,American (New),29.9320876,-90.0042542,7028.343395,-2711.653244,New Orleans,LA,4.5,27,1,2,true,false,false,true,none,no,,
rtBrJkLRfSEdCqfXYZ-yNQ__pizza,rtBrJkLRfSEdCqfXYZ-yNQ,Mango Mango Daiquiris,Pizza,rtBrJkLRfSEdCqfXYZ-yNQ,Pizza,29.9563030,-90.0675878,926.786124,-19.019898,New Orleans,LA,2.0,49,1,2,true,false,false,false,full_bar,no,,"{""Wednesday"": ""11:0-2:0"", ""Thursday"": ""11:0-3:0"", ""Friday"": ""10:0-4:0"", ""Saturday"": ""10:0-4:0"", ""Sunday"": ""10:0-4:0""}"
dqJwAna6gTiPhS-k1F16sA__sandwiches,dqJwAna6gTiPhS-k1F16sA,Reuben's Soup & Sandwich Company,Sandwiches,dqJwAna6gTiPhS-k1F16sA,Sandwiches,29.9524418,-90.0729978,405.586874,-448.366342,New Orleans,LA,4.0,44,0,1,true,false,false,true,none,no,,"{""Monday"": ""11:0-15:0"", ""Tuesday"": ""11:0-15:0"", ""Wednesday"": ""11:0-15:0"", ""Thursday"": ""11:0-15:0"", ""Friday"": ""11:0-15:0""}"
etgp4wFdl17tN1zkdH3bNg__venues_and_event_spaces,etgp4wFdl17tN1zkdH3bNg,New Orleans Ernest N Morial Convention Center,Venues & Event Spaces,etgp4wFdl17tN1zkdH3bNg,Venues & Event Spaces,29.9433204,-90.0640789,1264.830187,-1462.625973,New Orleans,LA,3.5,112,1,2,,,,,,paid,,"{""Monday"": ""8:0-17:0"", ""Tuesday"": ""8:0-17:0"", ""Wednesday"": ""8:0-17:0"", ""Thursday"": ""8:0-17:0"", ""Friday"": ""8:0-17:0"", ""Saturday"": ""8:0-17:0"", ""Sunday"": ""8:0-17:0""}"
_USl62ZGw-jKOI0KJA9q0g__fitness_and_instruction,_USl62ZGw-jKOI0KJA9q0g,Shanti Yoga Shala,Fitness & Instruction,_USl62ZGw-jKOI0KJA9q0g,Fitness & Instruction,29.9219914,-90.0914476,-1371.866347,-3834.301013,New Orleans,LA,3.5,46,1,,,,,false,,,,
wF-L8lZGy2H1q_06KJUHwg__venues_and_event_spaces,wF-L8lZGy2H1q_06KJUHwg,Ralph and Kacoo's,Venues & Event Spaces,wF-L8lZGy2H1q_06KJUHwg,Venues & Event Spaces,29.9563076,-90.0639801,1274.351842,-18.508401,New Orleans,LA,3.5,166,0,2,true,false,false,true,full_bar,no,casual,"{""Monday"": ""11:0-22:0"", ""Tuesday"": ""11:0-22:0"", ""Wednesday"": ""11:0-22:0"", ""Thursday"": ""11:0-22:0"", ""Friday"": ""11:0-23:0"", ""Saturday"": ""11:0-23:0"", ""Sunday"": ""11:0-21:0""}"
UaVFOX65gnMMRwgNL5KQiA__beer,UaVFOX65gnMMRwgNL5KQiA,Courtyard Grill,Beer,UaVFOX65gnMMRwgNL5KQiA,Beer,29.9205180,-90.1023820,-2425.286140,-3998.135844,New Orleans,LA,4.0,57,0,2,true,false,true,true,full_bar,free,casual,"{""Monday"": ""11:0-21:0"", ""Wednesday"": ""11:0-21:0"", ""Thursday"": ""11:0-21:0"", ""Friday"": ""11:0-23:0"", ""Saturday"": ""11:0-23:0"", ""Sunday"": ""11:0-21:0""}"
zI3W8PA78uIoB1l9QlzS9w__american_(new),zI3W8PA78uIoB1l9QlzS9w,Good Bird,American (New),zI3W8PA78uIoB1l9QlzS9w,American (New),29.9693909,-90.0521636,2412.753125,1436.290193,New Orleans,LA,4.5,32,0,2,true,false,true,true,none,free,,"{""Monday"": ""11:0-22:0"", ""Tuesday"": ""11:0-22:0"", ""Wednesday"": ""11:0-22:0"", ""Thursday"": ""11:0-22:0"", ""Friday"": ""11:0-23:0"", ""Saturday"": ""11:0-23:0"", ""Sunday"": ""11:0-22:0""}"
MwonUzoiUq0dpEVlIVBryw__southern,MwonUzoiUq0dpEVlIVBryw,The Mill Nola,Southern,MwonUzoiUq0dpEVlIVBryw,Southern,29.9408231,-90.0681553,872.108884,-1740.313469,New Orleans,LA,4.0,109,1,,,,true,,full_bar,free,,"{""Thursday"": ""16:0-22:0"", ""Friday"": ""16:0-22:0"", ""Saturday"": ""16:0-22:0"", ""Sunday"": ""10:0-15:0""}"
iEl0YfLbbUy0itEd2Eh7ow__american_(traditional),iEl0YfLbbUy0itEd2Eh7ow,Po-Breaux's,American (Traditional),iEl0YfLbbUy0itEd2Eh7ow,American (Traditional),29.9638073,-90.0578579,1864.164421,815.421343,New Orleans,LA,4.0,7,1,2,true,false,false,,full_bar,free,,"{""Monday"": ""18:0-2:0"", ""Thursday"": ""18:0-2:0"", ""Friday"": ""18:0-2:0"", ""Saturday"": ""18:0-2:0"", ""Sunday"": ""18:0-2:0""}"
R3T_74k4uj2R6chmCruY1Q__venues_and_event_spaces,R3T_74k4uj2R6chmCruY1Q,Hard Rock Cafe,Venues & Event Spaces,R3T_74k4uj2R6chmCruY1Q,Venues & Event Spaces,29.9546810,-90.0693010,761.736484,-199.378318,New Orleans,LA,3.0,300,1,2,true,true,false,true,full_bar,free,casual|touristy,"{""Monday"": ""12:0-21:0"", ""Tuesday"": ""16:0-21:0"", ""Wednesday"": ""16:0-21:0"", ""Thursday"": ""16:0-21:0"", ""Friday"": ""12:0-21:0"", ""Saturday"": ""12:0-21:0"", ""Sunday"": ""12:0-21:0""}"
fX57gus0k0WY92W8r-Mlwg__coffee_and_tea,fX57gus0k0WY92W8r-Mlwg,Bearcat CBD,Coffee & Tea,fX57gus0k0WY92W8r-Mlwg,Coffee & Tea,29.9452587,-90.0733993,366.906375,-1247.091723,New Orleans,LA,4.5,209,1,2,true,,true,,full_bar,free,trendy,"{""Monday"": ""0:0-0:0"", ""Tuesday"": ""8:0-14:0"", ""Wednesday"": ""8:0-14:0"", ""Thursday"": ""8:0-14:0"", ""Friday"": ""8:0-14:0"", ""Saturday"": ""8:0-15:0"", ""Sunday"": ""8:0-15:0""}"
sXSUzImYOcRRI3xtG2M85g__cafes,sXSUzImYOcRRI3xtG2M85g,Backatown Coffee Parlour,Cafes,sXSUzImYOcRRI3xtG2M85g,Cafes,29.9580994,-90.0720595,495.982670,180.730944,New Orleans,LA,4.5,218,1,1,true,true,true,true,none,free,casual|classy|trendy|upscale,"{""Monday"": ""0:0-0:0"", ""Tuesday"": ""8:0-15:0"", ""Wednesday"": ""8:0-15:0"", ""Thursday"": ""8:0-15:0"", ""Friday"": ""8:0-15:0"", ""Saturday"": ""8:0-15:0"", ""Sunday"": ""8:0-15:0""}"
al3Ri6TEqa2rBzjHsn0T_g__cafes,al3Ri6TEqa2rBzjHsn0T_g,Merchant,Cafes,al3Ri6TEqa2rBzjHsn0T_g,Cafes,29.9527390,-90.0711728,581.407324,-415.319164,New Orleans,LA,4.0,649,0,2,true,false,false,true,none,free,classy|trendy,"{""Monday"": ""7:0-15:0"", ""Tuesday"": ""7:0-15:0"", ""Wednesday"": ""7:0-15:0"", ""Thursday"": ""7:0-15:0"", ""Friday"": ""7:0-15:0"", ""Saturday"": ""7:0-13:0"", ""Sunday"": ""7:0-13:0""}"
r-4s-gfqw85G1O6cmgog7g__american_(traditional),r-4s-gfqw85G1O6cmgog7g,Rick's Grille,American (Traditional),r-4s-gfqw85G1O6cmgog7g,American (Traditional),29.9520367,-90.0703336,662.255828,-493.411469,New Orleans,LA,4.5,25,1,1,true,true,false,true,none,paid,casual,"{""Monday"": ""11:0-14:0"", ""Tuesday"": ""11:0-14:0"", ""Wednesday"": ""11:0-14:0"", ""Thursday"": ""11:0-14:0"", ""Friday"": ""11:0-14:0""}"
A0sbhBYYbg73L8uLYsDong__sandwiches,A0sbhBYYbg73L8uLYsDong,Jayne's Bistro & Bar,Sandwiches,A0sbhBYYbg73L8uLYsDong,Sandwiches,29.9533897,-90.0744212,268.456558,-342.964525,New Orleans,LA,3.5,16,0,,false,false,false,,full_bar,free,,"{""Thursday"": ""16:0-23:0"", ""Friday"": ""16:0-23:0"", ""Saturday"": ""16:0-23:0"", ""Sunday"": ""16:0-23:0""}"
TUOXiFkUGbjeYKJWWqz7YA__breakfast_and_brunch,TUOXiFkUGbjeYKJWWqz7YA,Fulton St. Bistro & Bar,Breakfast & Brunch,TUOXiFkUGbjeYKJWWqz7YA,Breakfast & Brunch,29.9453253,-90.0649318,1182.669050,-1239.683061,New Orleans,LA,2.5,11,1,,true,true,true,false,,,,"{""Monday"": ""6:0-11:0"", ""Tuesday"": ""17:30-22:0"", ""Wednesday"": ""17:30-22:0"", ""Thursday"": ""17:30-22:0"", ""Friday"": ""17:30-22:0"", ""Saturday"": ""17:30-22:0"", ""Sunday"": ""6:0-11:0""}"
yGyU_iKbbbjz7rLn0uD7Vg__pizza,yGyU_iKbbbjz7rLn0uD7Vg,Pepperoni's Cafe,Pizza,yGyU_iKbbbjz7rLn0uD7Vg,Pizza,29.9443933,-90.1339682,-5468.299774,-1343.319945,New Orleans,LA,4.0,91,1,1,true,true,true,true,beer_and_wine,free,casual,"{""Monday"": ""8:30-18:0"", ""Wednesday"": ""8:30-18:0"", ""Thursday"": ""8:30-18:0"", ""Friday"": ""8:30-18:0"", ""Saturday"": ""8:0-19:0"", ""Sunday"": ""8:0-16:0""}"
ayaL6dlw6ZcWyJgG86jOdw__sandwiches,ayaL6dlw6ZcWyJgG86jOdw,Capulet,Sandwiches,ayaL6dlw6ZcWyJgG86jOdw,Sandwiches,29.9646051,-90.0464735,2960.937202,904.132778,New Orleans,LA,4.5,50,1,,true,true,true,,,free,casual|hipster|trendy,"{""Monday"": ""0:0-0:0"", ""Tuesday"": ""16:0-22:30"", ""Wednesday"": ""16:0-22:30"", ""Thursday"": ""16:0-22:30""}"
q6SovbLzLDZqZLfxO7HVlQ__fitness_and_instruction,q6SovbLzLDZqZLfxO7HVlQ,Bikram Yoga New Orleans,Fitness & Instruction,q6SovbLzLDZqZLfxO7HVlQ,Fitness & Instruction,29.9456500,-90.0714670,553.064104,-1203.581088,New Orleans,LA,4.5,54,0,,,,,false,,,,
PFk-usFhuzUOFg3EC7n1bg__beer,PFk-usFhuzUOFg3EC7n1bg,Jugheads Patio Bar & Grill,Beer,PFk-usFhuzUOFg3EC7n1bg,Beer,29.9616389,-90.0322445,4331.758668,574.305931,New Orleans,LA,3.0,13,0,,true,,true,true,,,,"{""Monday"": ""12:0-1:0"", ""Tuesday"": ""12:0-1:0"", ""Wednesday"": ""12:0-1:0"", ""Thursday"": ""12:0-1:0"", ""Friday"": ""12:0-1:0"", ""Saturday"": ""12:0-1:0"", ""Sunday"": ""12:0-1:0""}"
NptSlw3aDVtu-qtXcti7aA__cocktail_bars,NptSlw3aDVtu-qtXcti7aA,Mahogany Jazz Hall,Cocktail Bars,NptSlw3aDVtu-qtXcti7aA,Cocktail Bars,29.9532894,-90.0677610,910.100041,-354.117392,New Orleans,LA,4.5,97,1,2,,,false,false,full_bar,free,casual|intimate,"{""Monday"": ""0:0-0:0"", ""Tuesday"": ""17:0-0:0"", ""Wednesday"": ""17:0-0:0"", ""Thursday"": ""17:0-0:0"", ""Friday"": ""17:0-1:30"", ""Saturday"": ""17:0-1:30"", ""Sunday"": ""17:0-0:0""}"
bwyTBmtvkRYCEcPnOUPMTQ__art_galleries,bwyTBmtvkRYCEcPnOUPMTQ,Pollack Glass Studio & Gallery,Art Galleries,bwyTBmtvkRYCEcPnOUPMTQ,Art Galleries,29.9208614,-90.0988671,-2086.657997,-3959.952866,New Orleans,LA,5.0,5,1,,,,,,,no,,"{""Monday"": ""0:0-0:0"", ""Tuesday"": ""10:0-18:0"", ""Wednesday"": ""10:0-18:0"", ""Thursday"": ""10:0-18:0"", ""Friday"": ""10:0-18:0"", ""Saturday"": ""10:0-18:0"", ""Sunday"": ""12:0-17:0""}"
d5tOQdD8KA8v9YysvEGiiw__american_(traditional),d5tOQdD8KA8v9YysvEGiiw,Waffle House,American (Traditional),d5tOQdD8KA8v9YysvEGiiw,American (Traditional),30.0354334,-89.9733621,10004.487454,8779.892079,New Orleans,LA,2.5,30,1,1,true,false,,true,,no,,"{""Monday"": ""0:0-0:0"", ""Tuesday"": ""0:0-0:0"", ""Wednesday"": ""0:0-0:0"", ""Thursday"": ""0:0-0:0"", ""Friday"": ""0:0-0:0"", ""Saturday"": ""0:0-0:0"", ""Sunday"": ""0:0-0:0""}"
lZ88MntSXZXDvpZAcXgiAg__coffee_and_tea,lZ88MntSXZXDvpZAcXgiAg,PJ's Coffee,Coffee & Tea,lZ88MntSXZXDvpZAcXgiAg,Coffee & Tea,29.9526359,-90.0690289,787.950590,-426.783377,New Orleans,LA,3.5,114,0,1,true,,false,,,free,,"{""Monday"": ""6:30-18:30"", ""Tuesday"": ""6:30-18:30"", ""Wednesday"": ""6:30-18:30"", ""Thursday"": ""6:30-18:30"", ""Friday"": ""6:30-18:30"", ""Saturday"": ""6:30-18:30"", ""Sunday"": ""6:30-18:30""}"
VeJP0FaL-UzzChca5f0bkA__specialty_food,VeJP0FaL-UzzChca5f0bkA,The Spice & Tea Exchange,Specialty Food,VeJP0FaL-UzzChca5f0bkA,Specialty Food,29.9556717,-90.0645500,1219.447692,-89.217352,New Orleans,LA,4.5,67,0,2,false,,false,,,free,,"{""Monday"": ""10:0-18:0"", ""Tuesday"": ""10:0-18:0"", ""Wednesday"": ""10:0-18:0"", ""Thursday"": ""11:30-18:30"", ""Friday"": ""10:0-18:0"", ""Saturday"": ""10:0-18:0"", ""Sunday"": ""12:0-17:0""}"
Sr2BcS8nRAqW4gTbjDNBKg__cocktail_bars,Sr2BcS8nRAqW4gTbjDNBKg,NOLA Distillery,Cocktail Bars,Sr2BcS8nRAqW4gTbjDNBKg,Cocktail Bars,29.9181381,-90.0926748,-1490.094761,-4262.769016,New Orleans,LA,4.5,29,1,2,true,,true,,full_bar,free,,"{""Thursday"": ""11:0-18:0"", ""Friday"": ""11:0-18:0"", ""Saturday"": ""11:0-18:0"", ""Sunday"": ""11:0-18:0""}"
aVvG3T0Knm9c5pHaj6mhnw__art_galleries,aVvG3T0Knm9c5pHaj6mhnw,Pamela Marquis Studio,Art Galleries,aVvG3T0Knm9c5pHaj6mhnw,Art Galleries,29.9557744,-90.0697779,715.791951,-77.797617,New Orleans,LA,3.0,6,1,,,,,,,,,"{""Monday"": ""10:0-17:30"", ""Thursday"": ""10:0-17:30"", ""Friday"": ""10:0-17:30"", ""Saturday"": ""10:0-17:30"", ""Sunday"": ""10:0-17:30""}"
99dN-202N0EzRqdaOA_eRQ__american_(traditional),99dN-202N0EzRqdaOA_eRQ,Barcadia,American (Traditional),99dN-202N0EzRqdaOA_eRQ,American (Traditional),29.9475040,-90.0674310,941.892232,-997.425409,New Orleans,LA,3.0,403,1,2,true,true,true,,full_bar,free,casual,"{""Monday"": ""17:0-23:0"", ""Tuesday"": ""17:0-23:0"", ""Wednesday"": ""17:0-23:0"", ""Thursday"": ""17:0-23:59"", ""Friday"": ""11:0-23:59"", ""Saturday"": ""11:0-1:0"", ""Sunday"": ""11:0-23:0""}"
fnZdn_MvmKa3MmSbSyfkPA__sandwiches,fnZdn_MvmKa3MmSbSyfkPA,Ditcharo's,Sandwiches,fnZdn_MvmKa3MmSbSyfkPA,Sandwiches,29.9476920,-90.0722710,475.606766,-976.520734,New Orleans,LA,3.5,11,0,2,true,,true,,full_bar,,,"{""Monday"": ""11:0-0:0"", ""Tuesday"": ""11:0-0:0"", ""Wednesday"": ""11:0-0:0"", ""Thursday"": ""11:0-0:0"", ""Friday"": ""11:0-0:0"", ""Saturday"": ""11:0-0:0""}"
AEmQSOm1OKR5GhxZtTOXeA__cafes,AEmQSOm1OKR5GhxZtTOXeA,Greenberry's Coffee - Tulane Medical Center,Cafes,AEmQSOm1OKR5GhxZtTOXeA,Cafes,29.9557828,-90.0762827,89.119699,-76.863579,New Orleans,LA,3.0,7,1,1,true,false,false,true,none,free,,
7xWeV7fiwCe61pbwQB13Pw__art_galleries,7xWeV7fiwCe61pbwQB13Pw,Bee Galleries,Art Galleries,7xWeV7fiwCe61pbwQB13Pw,Art Galleries,29.9547265,-90.0664836,1033.164722,-194.318942,New Orleans,LA,4.5,8,1,4,,,,false,,,,
b9d9X2yhzxSVEbz_JIY_uA__american_(new),b9d9X2yhzxSVEbz_JIY_uA,Zasu,American (New),b9d9X2yhzxSVEbz_JIY_uA,American (New),29.9753366,-90.1002800,-2222.779519,2097.422781,New Orleans,LA,4.5,66,1,,false,false,true,,full_bar,no,classy,"{""Monday"": ""0:0-0:0"", ""Wednesday"": ""17:30-21:30"", ""Thursday"": ""17:30-21:30"", ""Friday"": ""17:30-21:30"", ""Saturday"": ""17:30-21:30""}"
7u40cyMxw4iGosMdkesoEQ__fast_food,7u40cyMxw4iGosMdkesoEQ,KFC,Fast Food,7u40cyMxw4iGosMdkesoEQ,Fast Food,29.9236748,-90.0200117,5510.262061,-3647.114526,New Orleans,LA,2.0,10,1,1,true,true,,true,none,,,"{""Monday"": ""10:0-22:0"", ""Tuesday"": ""10:0-22:0"", ""Wednesday"": ""10:0-22:0"", ""Thursday"": ""10:0-23:0"", ""Friday"": ""10:0-23:0"", ""Saturday"": ""10:0-23:0"", ""Sunday"": ""10:0-22:0""}"
CMh5bkpgksnDq9itn-FlHw__pizza,CMh5bkpgksnDq9itn-FlHw,Crescent Pie & Sausage Co,Pizza,CMh5bkpgksnDq9itn-FlHw,Pizza,29.9742357,-90.1067225,-2843.449790,1975.008117,New Orleans,LA,3.5,142,0,2,true,false,true,true,full_bar,no,casual,"{""Tuesday"": ""17:0-22:0"", ""Wednesday"": ""17:0-22:0"", ""Thursday"": ""17:0-22:0"", ""Friday"": ""17:0-22:0"", ""Saturday"": ""17:0-22:0"", ""Sunday"": ""9:0-14:0""}"
_y1Sa3lMU51_C0sR8hb5vQ__fitness_and_instruction,_y1Sa3lMU51_C0sR8hb5vQ,French Riviera Spa,Fitness & Instruction,_y1Sa3lMU51_C0sR8hb5vQ,Fitness & Instruction,29.9624173,-90.1179667,-3926.715707,660.860181,New Orleans,LA,2.0,15,0,,,,,false,,,,"{""Monday"": ""5:0-22:0"", ""Tuesday"": ""5:0-22:0"", ""Wednesday"": ""5:0-22:0"", ""Thursday"": ""5:0-22:0"", ""Friday"": ""5:0-22:0"", ""Saturday"": ""8:0-20:0""}"
Xh06XDefXodOzShyaL9TSQ__art_galleries,Xh06XDefXodOzShyaL9TSQ,Harouni Gallery,Art Galleries,Xh06XDefXodOzShyaL9TSQ,Art Galleries,29.9602845,-90.0628712,1381.183238,423.703314,New Orleans,LA,5.0,5,1,,,,,,,,,"{""Monday"": ""11:0-17:0"", ""Tuesday"": ""11:0-17:0"", ""Wednesday"": ""11:0-17:0"", ""Thursday"": ""11:0-17:0"", ""Friday"": ""11:0-17:0"", ""Saturday"": ""11:0-17:0"", ""Sunday"": ""11:0-17:0""}"
mFWFtD6bXdpLz8bDXe-LHw__coffee_and_tea,mFWFtD6bXdpLz8bDXe-LHw,Tea Witch Cafe,Coffee & Tea,mFWFtD6bXdpLz8bDXe-LHw,Coffee & Tea,29.9364366,-90.0719916,502.524684,-2228.069365,New Orleans,LA,5.0,52,0,1,true,true,true,false,,free,,"{""Thursday"": ""12:0-17:0"", ""Friday"": ""12:0-17:0"", ""Saturday"": ""12:0-17:0"", ""Sunday"": ""12:0-17:0""}"
pHFptwQwCTXGDGJKApjwMQ__pizza,pHFptwQwCTXGDGJKApjwMQ,Pizza Consegna,Pizza,pHFptwQwCTXGDGJKApjwMQ,Pizza,29.9495132,-90.0767267,46.344751,-774.012254,New Orleans,LA,2.5,19,1,,true,true,,,,,,"{""Monday"": ""11:0-0:0"", ""Tuesday"": ""11:0-0:0"", ""Wednesday"": ""11:0-0:0"", ""Thursday"": ""11:0-0:0"", ""Friday"": ""11:0-0:0"", ""Saturday"": ""11:0-0:0"", ""Sunday"": ""11:0-0:0""}"
YwezxSSXcrT5GOTI5MddPg__seafood,YwezxSSXcrT5GOTI5MddPg,Casamento's Restaurant,Seafood,YwezxSSXcrT5GOTI5MddPg,Seafood,29.9205946,-90.1010561,-2297.548971,-3989.618301,New Orleans,LA,4.0,330,1,2,true,false,false,true,beer_and_wine,no,casual,"{""Thursday"": ""17:30-21:0"", ""Friday"": ""17:30-21:0"", ""Saturday"": ""17:30-21:0"", ""Sunday"": ""16:30-20:30""}"
kLKI5T37T9q_a3vTcqvE5Q__art_galleries,kLKI5T37T9q_a3vTcqvE5Q,Thomas Mann Design,Art Galleries,kLKI5T37T9q_a3vTcqvE5Q,Art Galleries,29.9172984,-90.1013677,-2327.568506,-4356.139525,New Orleans,LA,5.0,5,1,2,,,,false,,,,"{""Monday"": ""10:0-17:0"", ""Thursday"": ""10:0-17:0"", ""Friday"": ""10:0-17:0"", ""Saturday"": ""10:0-17:0""}"
UnQriKTiNsYnyPE3Rt8lTQ__southern,UnQriKTiNsYnyPE3Rt8lTQ,Tableau,Southern,UnQriKTiNsYnyPE3Rt8lTQ,Southern,29.9574640,-90.0641980,1253.359363,110.077590,New Orleans,LA,4.0,1087,1,2,,,true,false,full_bar,free,classy|upscale,"{""Wednesday"": ""11:0-21:0"", ""Thursday"": ""11:0-21:0"", ""Friday"": ""11:0-21:0"", ""Saturday"": ""11:0-21:0"", ""Sunday"": ""11:0-16:0""}"
HuyJXC94ZsaFhN0BUqw80w__art_galleries,HuyJXC94ZsaFhN0BUqw80w,Le Jardin,Art Galleries,HuyJXC94ZsaFhN0BUqw80w,Art Galleries,29.9573924,-90.0650970,1166.749727,102.116022,New Orleans,LA,4.5,18,1,2,,,,false,,paid,,"{""Monday"": ""9:0-18:0"", ""Tuesday"": ""9:0-18:0"", ""Wednesday"": ""9:0-18:0"", ""Thursday"": ""9:0-18:0"", ""Friday"": ""9:0-19:0"", ""Saturday"": ""9:0-21:0"", ""Sunday"": ""9:0-20:0""}"
eKgtzwzbLR44fqevm6yUSQ__beer,eKgtzwzbLR44fqevm6yUSQ,Faubourg Wines,Beer,eKgtzwzbLR44fqevm6yUSQ,Beer,29.9685345,-90.0474777,2864.190463,1341.059345,New Orleans,LA,4.5,48,1,2,true,,true,,,,,"{""Monday"": ""12:0-21:0"", ""Tuesday"": ""12:0-21:0"", ""Wednesday"": ""12:0-21:0"", ""Thursday"": ""12:0-21:0"", ""Friday"": ""12:0-22:0"", ""Saturday"": ""12:0-22:0"", ""Sunday"": ""12:0-21:0""}"
Pzm4W9wL-D-htH0MbfzSWQ__specialty_food,Pzm4W9wL-D-htH0MbfzSWQ,Wagner's,Specialty Food,Pzm4W9wL-D-htH0MbfzSWQ,Specialty Food,29.9669730,-90.0423430,3358.869457,1167.431608,New Orleans,LA,3.5,5,1,2,,,,,,,,"{""Monday"": ""0:0-0:0"", ""Tuesday"": ""0:0-0:0"", ""Wednesday"": ""0:0-0:0"", ""Thursday"": ""0:0-0:0"", ""Friday"": ""0:0-0:0"", ""Saturday"": ""0:0-0:0"", ""Sunday"": ""0:0-0:0""}"
w-0Gm5hKaX6mHRXoA0Ylrg__southern,w-0Gm5hKaX6mHRXoA0Ylrg,Fiorella's Cafe,Southern,w-0Gm5hKaX6mHRXoA0Ylrg,Southern,29.9603627,-90.0591119,1743.354096,432.398769,New Orleans,LA,3.5,325,0,2,true,true,true,true,full_bar,free,casual,"{""Monday"": ""11:0-23:0"", ""Tuesday"": ""11:0-23:0"", ""Wednesday"": ""11:0-23:0"", ""Thursday"": ""11:0-23:0"", ""Friday"": ""11:0-0:0"", ""Saturday"": ""11:0-0:0"", ""Sunday"": ""11:0-23:0""}"
JbQIevhHJJJP2mmjz1TgqA__seafood,JbQIevhHJJJP2mmjz1TgqA,Easy Seafood,Seafood,JbQIevhHJJJP2mmjz1TgqA,Seafood,30.0319970,-89.9286190,14315.036469,8397.780505,New Orleans,LA,4.5,18,1,1,true,false,false,true,,,,"{""Monday"": ""11:0-17:0"", ""Tuesday"": ""11:0-17:0"", ""Wednesday"": ""11:0-17:0"", ""Thursday"": ""11:0-17:0"", ""Friday"": ""11:0-17:0""}"
x7T1n3HnPVQqwbcJjHHXBg__beer,x7T1n3HnPVQqwbcJjHHXBg,The Mayhaw Bar,Beer,x7T1n3HnPVQqwbcJjHHXBg,Beer,29.9694360,-90.0521750,2411.654850,1441.305091,New Orleans,LA,3.0,31,1,2,true,,true,,full_bar,,,
ujyjBLOzSXKO3RrbpJ4N4g__southern,ujyjBLOzSXKO3RrbpJ4N4g,McHardy's Chicken & Fixin',Southern,ujyjBLOzSXKO3RrbpJ4N4g,Southern,29.9769442,-90.0770736,12.924415,2276.179992,New Orleans,LA,4.0,128,1,1,true,false,false,true,none,no,,"{""Monday"": ""10:0-22:0"", ""Tuesday"": ""10:0-22:0"", ""Wednesday"": ""10:0-22:0"", ""Thursday"": ""10:0-22:0"", ""Friday"": ""10:0-22:0"", ""Saturday"": ""10:0-22:0"", ""Sunday"": ""10:0-23:0""}"
FxosV3rl41ZlR724nnrImA__desserts,FxosV3rl41ZlR724nnrImA,Nothing Bundt Cakes,Desserts,FxosV3rl41ZlR724nnrImA,Desserts,29.9248599,-90.1074757,-2916.014300,-3515.334134,New Orleans,LA,4.0,38,1,2,true,true,,,,,,"{""Monday"": ""9:0-18:0"", ""Tuesday"": ""9:0-18:0"", ""Wednesday"": ""9:0-18:0"", ""Thursday"": ""9:0-18:0"", ""Friday"": ""9:0-18:0"", ""Saturday"": ""10:0-18:0""}"
7ybQY-BKNvlzEEjIQOkA4g__cocktail_bars,7ybQY-BKNvlzEEjIQOkA4g,Seaworthy,Cocktail Bars,7ybQY-BKNvlzEEjIQOkA4g,Cocktail Bars,29.9478571,-90.0721401,488.217668,-958.162426,New Orleans,LA,4.0,416,1,2,false,false,true,false,full_bar,no,casual|classy|intimate|romantic|trendy,"{""Monday"": ""0:0-0:0"", ""Tuesday"": ""16:0-22:0"", ""Wednesday"": ""16:0-22:0"", ""Thursday"": ""4:0-22:0"", ""Friday"": ""16:0-23:0"", ""Saturday"": ""16:0-23:0"", ""Sunday"": ""16:0-22:0""}"
Cvsnu42EAZeia5UJnbKeHA__venues_and_event_spaces,Cvsnu42EAZeia5UJnbKeHA,Fair Grounds Race Course and Slots,Venues & Event Spaces,Cvsnu42EAZeia5UJnbKeHA,Venues & Event Spaces,29.9817654,-90.0777724,-54.394229,2812.278394,New Orleans,LA,4.0,67,1,1,,,true,true,beer_and_wine,,,"{""Monday"": ""9:0-0:0"", ""Tuesday"": ""9:0-0:0"", ""Wednesday"": ""9:0-0:0"", ""Thursday"": ""9:0-0:0"", ""Friday"": ""9:0-0:0"", ""Saturday"": ""9:0-0:0"", ""Sunday"": ""10:0-0:0""}"
1ODBqsrWYKcby46CHOYjRw__cafes,1ODBqsrWYKcby46CHOYjRw,Golden Feather Mardi Gras Indian Restaurant Gallery,Cafes,1ODBqsrWYKcby46CHOYjRw,Cafes,29.9605078,-90.0680892,878.481262,448.533175,New Orleans,LA,5.0,5,0,2,false,false,false,,,,,
Eg9InViFO0EYOP40Im8Hpw__cafes,Eg9InViFO0EYOP40Im8Hpw,Que Rico! Cuban Cafe,Cafes,Eg9InViFO0EYOP40Im8Hpw,Cafes,29.9207767,-90.0992300,-2121.622548,-3969.369677,New Orleans,LA,4.5,133,1,2,true,,false,true,none,free,casual|intimate,"{""Tuesday"": ""11:0-21:0"", ""Wednesday"": ""11:0-21:0"", ""Thursday"": ""11:0-21:0"", ""Friday"": ""11:0-21:0"", ""Saturday"": ""11:0-21:0""}"
UjFLIhKTOiFcQiziOA9rgA__american_(new),UjFLIhKTOiFcQiziOA9rgA,Mizado Latin Kitchen,American (New),UjFLIhKTOiFcQiziOA9rgA,American (New),29.9806260,-90.1141970,-3563.542913,2685.578038,New Orleans,LA,4.0,224,0,2,false,false,true,true,full_bar,free,trendy,"{""Monday"": ""16:0-22:0"", ""Tuesday"": ""16:0-22:0"", ""Wednesday"": ""16:0-22:0"", ""Thursday"": ""16:0-22:0"", ""Friday"": ""11:0-23:0"", ""Saturday"": ""16:0-23:0"", ""Sunday"": ""10:30-15:30""}"
7D5-a53BLau19RpMu-L3zg__cocktail_bars,7D5-a53BLau19RpMu-L3zg,Beachbum Berry's Latitude 29,Cocktail Bars,7D5-a53BLau19RpMu-L3zg,Cocktail Bars,29.9537150,-90.0651341,1163.175514,-306.792766,New Orleans,LA,4.0,389,1,2,true,false,true,false,full_bar,free,casual|classy,"{""Monday"": ""0:0-0:0"", ""Tuesday"": ""16:0-22:0"", ""Wednesday"": ""16:0-22:0"", ""Thursday"": ""16:0-22:0"", ""Friday"": ""16:0-23:0"", ""Saturday"": ""16:0-23:0"", ""Sunday"": ""16:0-22:0""}"
-Bmj57EnUH2MsXRnJCG95g__art_galleries,-Bmj57EnUH2MsXRnJCG95g,Red Truck Gallery,Art Galleries,-Bmj57EnUH2MsXRnJCG95g,Art Galleries,29.9602703,-90.0625507,1412.060199,422.124344,New Orleans,LA,4.0,15,1,4,,,,false,,,,"{""Monday"": ""10:0-20:0"", ""Tuesday"": ""10:0-20:0"", ""Wednesday"": ""10:0-20:0"", ""Thursday"": ""10:0-20:0"", ""Friday"": ""10:0-20:0"", ""Saturday"": ""10:0-20:0"", ""Sunday"": ""10:0-20:0""}"
b0zp6rgcv7ZcjToRoVhcmQ__desserts,b0zp6rgcv7ZcjToRoVhcmQ,Salon by Sucré,Desserts,b0zp6rgcv7ZcjToRoVhcmQ,Desserts,29.9552490,-90.0666860,1013.665511,-136.219513,New Orleans,LA,4.0,227,0,2,false,false,true,false,full_bar,free,classy|trendy,"{""Monday"": ""0:0-0:0"", ""Thursday"": ""10:0-15:0"", ""Friday"": ""16:0-19:0"", ""Saturday"": ""16:0-19:0"", ""Sunday"": ""10:0-16:0""}"
9MdAr_MK8YUzYsEHMf1QeA__southern,9MdAr_MK8YUzYsEHMf1QeA,Lenora's Grill,Southern,9MdAr_MK8YUzYsEHMf1QeA,Southern,30.0269250,-90.0382830,3750.009745,7833.799058,New Orleans,LA,4.0,33,0,2,true,false,true,true,full_bar,no,,"{""Tuesday"": ""7:30-21:0"", ""Wednesday"": ""7:30-21:0"", ""Thursday"": ""7:30-21:0"", ""Friday"": ""7:30-21:0"", ""Saturday"": ""7:30-21:0"", ""Sunday"": ""7:30-17:0""}"
3wq2chcgOs5D7f6KHcINmg__american_(new),3wq2chcgOs5D7f6KHcINmg,Yummy Sushi & Hibachi,American (New),3wq2chcgOs5D7f6KHcINmg,American (New),30.0202580,-90.0767690,42.269571,7092.461458,New Orleans,LA,4.0,104,1,2,true,true,false,true,beer_and_wine,free,casual,"{""Monday"": ""11:0-21:0"", ""Tuesday"": ""11:0-21:0"", ""Wednesday"": ""11:0-21:0"", ""Thursday"": ""11:0-21:0"", ""Friday"": ""11:0-21:30"", ""Saturday"": ""11:0-21:30""}"
jziRKhtHxeJPAPWS21jRYw__desserts,jziRKhtHxeJPAPWS21jRYw,Copeland's Cheesecake Bistro,Desserts,jziRKhtHxeJPAPWS21jRYw,Desserts,29.9354629,-90.0792360,-195.402798,-2336.341182,New Orleans,LA,2.5,322,0,2,true,false,false,true,full_bar,,casual,"{""Monday"": ""16:0-16:15""}"
XqGNxBmAo2Jm5DibhJcrOQ__coffee_and_tea,XqGNxBmAo2Jm5DibhJcrOQ,Cafe' Anglais,Coffee & Tea,XqGNxBmAo2Jm5DibhJcrOQ,Coffee & Tea,29.9493735,-90.0662829,1052.500154,-789.546207,New Orleans,LA,3.5,5,1,,true,false,false,,beer_and_wine,free,,"{""Friday"": ""6:0-12:30"", ""Saturday"": ""6:0-12:30"", ""Sunday"": ""6:0-12:30""}"
H-S-V_xyaNmxRNQ50IdIBg__beer,H-S-V_xyaNmxRNQ50IdIBg,Dons Food Market,Beer,H-S-V_xyaNmxRNQ50IdIBg,Beer,29.9563581,-90.1313280,-5213.942979,-12.893049,New Orleans,LA,2.5,7,1,,true,,,,,,,"{""Monday"": ""0:0-0:0"", ""Tuesday"": ""0:0-0:0"", ""Wednesday"": ""0:0-0:0"", ""Thursday"": ""0:0-0:0"", ""Friday"": ""0:0-0:0"", ""Saturday"": ""0:0-0:0"", ""Sunday"": ""0:0-0:0""}"
FjcqIkrk9hDx7q_OvqeyWQ__fast_food,FjcqIkrk9hDx7q_OvqeyWQ,Church's Chicken,Fast Food,FjcqIkrk9hDx7q_OvqeyWQ,Fast Food,29.9652417,-90.0323250,4324.003300,974.919566,New Orleans,LA,1.5,5,1,1,true,true,false,true,none,no,,"{""Monday"": ""10:0-22:0"", ""Tuesday"": ""10:0-22:0"", ""Wednesday"": ""10:0-22:0"", ""Thursday"": ""10:0-22:0"", ""Friday"": ""10:0-22:0"", ""Saturday"": ""10:0-22:0"", ""Sunday"": ""10:0-22:0""}"
fzWfyNec66KVLoulLP2E5A__burgers,fzWfyNec66KVLoulLP2E5A,Flambo Burgers & Bar,Burgers,fzWfyNec66KVLoulLP2E5A,Burgers,29.9600600,-90.0600252,1655.366799,398.740018,New Orleans,LA,3.5,178,1,2,true,true,false,true,full_bar,no,casual|touristy,"{""Monday"": ""11:0-18:0"", ""Tuesday"": ""11:0-18:0"", ""Wednesday"": ""11:0-18:0"", ""Thursday"": ""11:0-20:0"", ""Friday"": ""11:0-20:0"", ""Saturday"": ""11:0-20:0"", ""Sunday"": ""11:0-20:0""}"
qhhznOo5NgdkhAti7qj3dA__fast_food,qhhznOo5NgdkhAti7qj3dA,Subway,Fast Food,qhhznOo5NgdkhAti7qj3dA,Fast Food,29.9463438,-90.1133424,-3481.210773,-1126.433941,New Orleans,LA,1.5,16,1,1,true,false,false,true,none,no,,"{""Monday"": ""11:0-19:0"", ""Tuesday"": ""11:0-19:0"", ""Wednesday"": ""11:0-19:0"", ""Thursday"": ""11:0-19:0"", ""Friday"": ""11:0-19:0"", ""Saturday"": ""11:0-19:0"", ""Sunday"": ""11:0-19:0""}"
jOqi0XSNE8Rfd15ORCIcfg__specialty_food,jOqi0XSNE8Rfd15ORCIcfg,Rosalie Apothecary,Specialty Food,jOqi0XSNE8Rfd15ORCIcfg,Specialty Food,29.9734361,-90.0893885,-1173.492710,1886.096531,New Orleans,LA,4.0,27,1,2,false,false,,,,,,"{""Tuesday"": ""10:0-17:0"", ""Wednesday"": ""10:0-17:0"", ""Thursday"": ""10:0-17:0"", ""Friday"": ""10:0-17:0"", ""Saturday"": ""10:0-17:0""}"
D7Yx4GIb_q4-7uV4zH6SUg__seafood,D7Yx4GIb_q4-7uV4zH6SUg,Mike Anderson's Seafood,Seafood,D7Yx4GIb_q4-7uV4zH6SUg,Seafood,29.9445887,-90.0620529,1460.022967,-1321.592671,New Orleans,LA,3.0,39,0,2,true,false,true,true,full_bar,no,casual,
mnq8JNUjIBwUoLBk-b2V9g__sandwiches,mnq8JNUjIBwUoLBk-b2V9g,Jamba,Sandwiches,mnq8JNUjIBwUoLBk-b2V9g,Sandwiches,29.9501810,-90.0742320,286.684080,-699.756179,New Orleans,LA,4.0,67,1,1,true,,,,,free,,"{""Monday"": ""8:0-19:0"", ""Tuesday"": ""7:0-19:0"", ""Wednesday"": ""7:0-19:0"", ""Thursday"": ""7:0-19:0"", ""Friday"": ""7:0-19:0"", ""Saturday"": ""7:0-19:0"", ""Sunday"": ""7:0-19:0""}"
dclL14pr7OojCOKJ_ZbMbQ__desserts,dclL14pr7OojCOKJ_ZbMbQ,Angelo Brocato,Desserts,dclL14pr7OojCOKJ_ZbMbQ,Desserts,29.9754298,-90.0990473,-2104.021235,2107.786163,New Orleans,LA,4.5,638,1,2,true,false,false,true,none,free,,"{""Tuesday"": ""10:0-22:0"", ""Wednesday"": ""10:0-22:0"", ""Thursday"": ""10:0-22:0"", ""Friday"": ""10:0-22:0"", ""Saturday"": ""10:0-22:0"", ""Sunday"": ""10:0-21:0""}"
ixvVmy_WZFrM1TNN_6Rqsg__specialty_food,ixvVmy_WZFrM1TNN_6Rqsg,The Vitamin Shoppe,Specialty Food,ixvVmy_WZFrM1TNN_6Rqsg,Specialty Food,29.9205658,-90.1088990,-3053.133740,-3992.820719,New Orleans,LA,4.0,12,0,2,,,,,,,,"{""Monday"": ""10:0-19:0"", ""Tuesday"": ""10:0-19:0"", ""Wednesday"": ""10:0-19:0"", ""Thursday"": ""10:0-19:0"", ""Friday"": ""10:0-19:0"", ""Saturday"": ""10:0-19:0"", ""Sunday"": ""11:0-18:0""}"
SYCGlb0WFyyVxD2K9Z-YuA__american_(traditional),SYCGlb0WFyyVxD2K9Z-YuA,Boswell's Jamaican Grill,American (Traditional),SYCGlb0WFyyVxD2K9Z-YuA,American (Traditional),29.9664470,-90.0999239,-2188.472854,1108.942996,New Orleans,LA,4.0,220,1,2,true,true,true,true,full_bar,no,casual|divey,"{""Monday"": ""11:0-18:0"", ""Tuesday"": ""11:0-20:0"", ""Wednesday"": ""11:0-20:0"", ""Thursday"": ""11:0-20:0"", ""Friday"": ""11:0-20:0"", ""Saturday"": ""11:0-20:0""}"
fUUNiG5x6wP84ty5GoqtRw__cocktail_bars,fUUNiG5x6wP84ty5GoqtRw,The Neutral Ground Bar & Grill,Cocktail Bars,fUUNiG5x6wP84ty5GoqtRw,Cocktail Bars,29.9418932,-90.0749950,213.181267,-1621.321267,New Orleans,LA,5.0,18,0,,true,true,false,,full_bar,free,casual|intimate|trendy,"{""Tuesday"": ""14:0-22:0"", ""Wednesday"": ""14:0-22:0"", ""Thursday"": ""14:0-22:0"", ""Friday"": ""14:0-22:0"", ""Saturday"": ""14:0-22:0"", ""Sunday"": ""16:30-22:30""}"
rsMbMeW7IbXxPFh4WwbddQ__southern,rsMbMeW7IbXxPFh4WwbddQ,Boucherie,Southern,rsMbMeW7IbXxPFh4WwbddQ,Southern,29.9498289,-90.1278002,-4874.079083,-738.905821,New Orleans,LA,4.5,577,1,2,true,false,true,true,full_bar,no,classy|intimate,"{""Monday"": ""0:0-0:0"", ""Tuesday"": ""17:0-21:30"", ""Wednesday"": ""17:0-21:30"", ""Thursday"": ""17:0-21:30"", ""Friday"": ""17:0-21:30"", ""Saturday"": ""17:0-21:30""}"
tVkVP7L8W4on7z58o9vWjw__desserts,tVkVP7L8W4on7z58o9vWjw,Candy Bar,Desserts,tVkVP7L8W4on7z58o9vWjw,Desserts,29.9604295,-90.0640107,1271.403839,439.826601,New Orleans,LA,3.5,16,0,2,,,,,,,,"{""Tuesday"": ""10:0-1:0"", ""Wednesday"": ""10:0-1:0"", ""Thursday"": ""10:0-2:0"", ""Friday"": ""10:0-2:0"", ""Saturday"": ""10:0-2:0"", ""Sunday"": ""10:0-1:0""}"
3sCzgFmPDvP7mU2gAnpeGA__fitness_and_instruction,3sCzgFmPDvP7mU2gAnpeGA,Fitness by Sheila,Fitness & Instruction,3sCzgFmPDvP7mU2gAnpeGA,Fitness & Instruction,29.9911306,-90.1080876,-2974.963486,3853.637878,New Orleans,LA,5.0,6,0,,,,,true,,,,"{""Monday"": ""7:0-17:0"", ""Tuesday"": ""7:0-17:0"", ""Wednesday"": ""7:0-17:0"", ""Thursday"": ""7:0-17:0"", ""Friday"": ""7:0-17:0""}"
mCNvZPROAx2AwbYeizPHvg__coffee_and_tea,mCNvZPROAx2AwbYeizPHvg,Arrow Cafe,Coffee & Tea,mCNvZPROAx2AwbYeizPHvg,Coffee & Tea,29.9600201,-90.0684204,846.572481,394.299476,New Orleans,LA,4.5,76,0,1,true,,false,,,no,,"{""Monday"": ""8:0-17:0"", ""Tuesday"": ""8:0-17:0"", ""Wednesday"": ""8:0-17:0"", ""Thursday"": ""8:0-17:0"", ""Friday"": ""8:0-17:0"", ""Saturday"": ""8:0-17:0"", ""Sunday"": ""8:0-17:0""}"
AvYzDybffU77KZdXZbTOXA__coffee_and_tea,AvYzDybffU77KZdXZbTOXA,Fair Grinds,Coffee & Tea,AvYzDybffU77KZdXZbTOXA,Coffee & Tea,29.9689454,-90.0561804,2025.777143,1386.747325,New Orleans,LA,4.0,31,1,1,true,,true,true,,free,,"{""Monday"": ""6:0-14:0"", ""Tuesday"": ""6:0-14:0"", ""Wednesday"": ""6:0-14:0"", ""Thursday"": ""6:0-14:0"", ""Friday"": ""6:0-14:0"", ""Saturday"": ""6:0-14:0"", ""Sunday"": ""6:0-14:0""}"
oPGO-nEPGOkLfDbtgnXSRw__beer,oPGO-nEPGOkLfDbtgnXSRw,Cork & Bottle Fine Wines,Beer,oPGO-nEPGOkLfDbtgnXSRw,Beer,29.9766920,-90.0928288,-1504.931117,2248.136593,New Orleans,LA,4.5,12,0,2,,,,,,,,"{""Monday"": ""15:0-19:0"", ""Tuesday"": ""11:30-20:0"", ""Wednesday"": ""11:30-20:0"", ""Thursday"": ""11:30-20:0"", ""Friday"": ""11:30-20:0"", ""Saturday"": ""10:30-19:0"", ""Sunday"": ""12:0-17:0""}"
Nu-DLt0yxVO89R0FsSJm2g__desserts,Nu-DLt0yxVO89R0FsSJm2g,Willie Mae's Grocery & Deli,Desserts,Nu-DLt0yxVO89R0FsSJm2g,Desserts,29.9393654,-90.1291339,-5002.563446,-1902.397689,New Orleans,LA,3.0,186,0,2,true,false,false,true,none,no,casual,"{""Monday"": ""11:0-20:0"", ""Tuesday"": ""11:0-20:0"", ""Wednesday"": ""11:0-20:0"", ""Thursday"": ""11:0-20:0"", ""Friday"": ""11:0-21:0"", ""Saturday"": ""11:0-21:0""}"
uCDkvxrPpk5gwb1LiC-jlA__art_galleries,uCDkvxrPpk5gwb1LiC-jlA,Dr Bob Art !,Art Galleries,uCDkvxrPpk5gwb1LiC-jlA,Art Galleries,29.9627244,-90.0462593,2981.571846,695.007512,New Orleans,LA,4.0,24,1,3,,,,true,,,,"{""Monday"": ""10:0-17:0"", ""Tuesday"": ""10:0-17:0"", ""Wednesday"": ""10:0-17:0"", ""Thursday"": ""10:0-17:0"", ""Friday"": ""10:0-17:0"", ""Saturday"": ""10:0-17:0"", ""Sunday"": ""10:0-16:0""}"
9ziM5f6VHOnMy8Izv8xmVw__cafes,9ziM5f6VHOnMy8Izv8xmVw,Honey Loaf,Cafes,9ziM5f6VHOnMy8Izv8xmVw,Cafes,29.9577618,-90.0746384,247.534724,143.187538,New Orleans,LA,3.5,28,0,1,true,true,true,true,none,free,casual,"{""Monday"": ""10:0-17:0"", ""Tuesday"": ""10:0-17:0"", ""Wednesday"": ""10:0-17:0"", ""Thursday"": ""10:0-17:0"", ""Friday"": ""10:0-17:0""}"
WiPnAz338Izc57LchvqgKg__sandwiches,WiPnAz338Izc57LchvqgKg,Mr. Chubby's Cheesesteaks,Sandwiches,WiPnAz338Izc57LchvqgKg,Sandwiches,29.9554510,-90.0697910,714.529897,-113.758106,New Orleans,LA,3.0,18,0,2,true,true,,false,beer_and_wine,,,"{""Monday"": ""10:0-4:0"", ""Tuesday"": ""10:0-4:0"", ""Wednesday"": ""10:0-4:0"", ""Thursday"": ""10:0-4:0"", ""Friday"": ""9:0-6:0"", ""Saturday"": ""9:0-6:0"", ""Sunday"": ""9:0-6:0""}"
6UfCEQPCW4MdwPDJK3n1-g__burgers,6UfCEQPCW4MdwPDJK3n1-g,Burger Orleans,Burgers,6UfCEQPCW4MdwPDJK3n1-g,Burgers,29.9987663,-90.0603901,1620.212343,4702.690152,New Orleans,LA,3.0,7,1,1,true,false,false,true,none,no,,
_h94BxrrFKPvzUIRx3Xkhg__cocktail_bars,_h94BxrrFKPvzUIRx3Xkhg,Saints And Sinners,Cocktail Bars,_h94BxrrFKPvzUIRx3Xkhg,Cocktail Bars,29.9584184,-90.0661060,1069.544593,216.202175,New Orleans,LA,3.5,796,1,2,false,false,true,false,full_bar,no,classy|trendy,"{""Monday"": ""12:0-0:0"", ""Tuesday"": ""16:0-0:0"", ""Wednesday"": ""16:0-0:0"", ""Thursday"": ""12:0-2:0"", ""Friday"": ""11:0-2:0"", ""Saturday"": ""11:0-2:0"", ""Sunday"": ""11:0-0:0""}"
r-EldXbu3BcEPGudSu0EZA__coffee_and_tea,r-EldXbu3BcEPGudSu0EZA,Coast Roast Coffee,Coffee & Tea,r-EldXbu3BcEPGudSu0EZA,Coffee & Tea,29.9451900,-90.0695510,737.651491,-1254.730825,New Orleans,LA,4.5,10,1,2,true,true,true,,,free,,"{""Monday"": ""7:0-23:0"", ""Tuesday"": ""7:0-23:0"", ""Wednesday"": ""7:0-23:0"", ""Thursday"": ""7:0-23:0"", ""Friday"": ""7:0-23:0"", ""Saturday"": ""7:0-23:0"", ""Sunday"": ""7:0-23:0""}"
nVLY5-SfBToQv1Z2uj7cLQ__desserts,nVLY5-SfBToQv1Z2uj7cLQ,Cookie Dough Bliss,Desserts,nVLY5-SfBToQv1Z2uj7cLQ,Desserts,30.0059384,-90.1179530,-3925.395849,5500.192387,New Orleans,LA,4.0,46,1,2,true,true,,true,,no,,"{""Monday"": ""0:0-0:0"", ""Tuesday"": ""15:0-21:0"", ""Wednesday"": ""15:0-21:0"", ""Thursday"": ""15:0-21:0"", ""Friday"": ""15:0-21:0"", ""Saturday"": ""15:0-21:0"", ""Sunday"": ""15:0-20:0""}"
iIDwsxIewhKauHMLG5M6ow__desserts,iIDwsxIewhKauHMLG5M6ow,O'Delice French Bakery,Desserts,iIDwsxIewhKauHMLG5M6ow,Desserts,29.9226099,-90.1223919,-4353.039352,-3765.526856,New Orleans,LA,4.5,76,1,2,true,false,,,,,,"{""Monday"": ""0:0-0:0"", ""Tuesday"": ""8:0-18:0"", ""Wednesday"": ""8:0-18:0"", ""Thursday"": ""8:0-18:0"", ""Friday"": ""8:0-18:0"", ""Saturday"": ""8:0-18:0"", ""Sunday"": ""8:0-13:0""}"
Ytx9g0kPr09XxdLW9bUsgQ__desserts,Ytx9g0kPr09XxdLW9bUsgQ,Sunset Slush NOLA,Desserts,Ytx9g0kPr09XxdLW9bUsgQ,Desserts,29.9858590,-90.0760454,111.981175,3267.464673,New Orleans,LA,5.0,9,1,,true,,,,,,,"{""Monday"": ""0:0-0:0"", ""Wednesday"": ""13:0-18:0"", ""Thursday"": ""13:0-18:0"", ""Friday"": ""13:0-18:0"", ""Saturday"": ""13:0-18:0"", ""Sunday"": ""13:0-18:0""}"
uR7G8I4Cef9D9R340TN24Q__southern,uR7G8I4Cef9D9R340TN24Q,Trenasse,Southern,uR7G8I4Cef9D9R340TN24Q,Southern,29.9504461,-90.0699986,694.529180,-670.274105,New Orleans,LA,4.0,1059,1,2,true,false,true,true,full_bar,free,classy|trendy,"{""Monday"": ""11:0-22:0"", ""Tuesday"": ""11:0-22:0"", ""Wednesday"": ""11:0-22:0"", ""Thursday"": ""11:0-22:0"", ""Friday"": ""11:0-22:0"", ""Saturday"": ""11:0-22:0"", ""Sunday"": ""10:0-22:0""}"
qi2MFcotB3YgiC0SJr2FmQ__fast_food,qi2MFcotB3YgiC0SJr2FmQ,Blaze Pizza,Fast Food,qi2MFcotB3YgiC0SJr2FmQ,Fast Food,29.9351030,-90.1085230,-3016.909910,-2376.355599,New Orleans,LA,3.5,220,1,1,true,true,true,true,beer_and_wine,free,casual|trendy,"{""Monday"": ""0:0-0:0"", ""Tuesday"": ""11:0-22:0"", ""Wednesday"": ""12:0-23:59"", ""Thursday"": ""11:0-23:0"", ""Friday"": ""11:0-0:0"", ""Saturday"": ""11:0-0:0"", ""Sunday"": ""11:0-23:0""}"
1ODvIWMIC7tPtwiUXYKP8A__fitness_and_instruction,1ODvIWMIC7tPtwiUXYKP8A,Lakeview Barbershop,Fitness & Instruction,1ODvIWMIC7tPtwiUXYKP8A,Fitness & Instruction,30.0054305,-90.1166043,-3795.462129,5443.716406,New Orleans,LA,3.5,16,1,2,,,,,,,,"{""Monday"": ""9:30-18:0"", ""Tuesday"": ""9:30-18:0"", ""Wednesday"": ""9:30-18:0"", ""Thursday"": ""9:30-19:0"", ""Friday"": ""9:30-18:0"", ""Saturday"": ""9:30-17:0""}"
9eK2AZIHk8PGoVCwbwjorA__venues_and_event_spaces,9eK2AZIHk8PGoVCwbwjorA,The Fillmore New Orleans,Venues & Event Spaces,9eK2AZIHk8PGoVCwbwjorA,Venues & Event Spaces,29.9495273,-90.0651090,1165.593648,-772.444192,New Orleans,LA,4.0,34,1,,,,false,,full_bar,,,"{""Monday"": ""12:0-18:0"", ""Tuesday"": ""12:0-18:0"", ""Wednesday"": ""12:0-18:0"", ""Thursday"": ""12:0-18:0"", ""Friday"": ""12:0-18:0""}"
dRMkNHJbUwHWY56vem8V_w__cafes,dRMkNHJbUwHWY56vem8V_w,Cafe Treme,Cafes,dRMkNHJbUwHWY56vem8V_w,Cafes,29.9654586,-90.0695669,736.119685,999.037779,New Orleans,LA,4.5,11,0,1,true,false,true,true,none,free,,"{""Monday"": ""7:0-19:0"", ""Tuesday"": ""7:0-19:0"", ""Wednesday"": ""7:0-19:0"", ""Thursday"": ""7:0-19:0"", ""Friday"": ""7:0-19:0"", ""Saturday"": ""9:0-17:0"", ""Sunday"": ""9:0-17:0""}"
2gSDnkxyr8zZ22qGHS8PwQ__american_(traditional),2gSDnkxyr8zZ22qGHS8PwQ,Gabby's Bar and Grill,American (Traditional),2gSDnkxyr8zZ22qGHS8PwQ,American (Traditional),30.0282010,-90.0136480,6123.344963,7975.683981,New Orleans,LA,4.5,13,0,1,true,false,,false,,,,
cW2jouXxw1XFN8t35hnrDA__coffee_and_tea,cW2jouXxw1XFN8t35hnrDA,Dejepe Bakery,Coffee & Tea,cW2jouXxw1XFN8t35hnrDA,Coffee & Tea,29.8970288,-90.0179657,5707.377865,-6610.019323,New Orleans,LA,4.5,24,1,,,,,,,,,"{""Tuesday"": ""8:0-18:0"", ""Wednesday"": ""8:0-18:0"", ""Thursday"": ""8:0-18:0"", ""Friday"": ""8:0-18:0"", ""Saturday"": ""8:0-18:0"", ""Sunday"": ""8:0-17:0""}"
eca8IpdiY5ZNCgWAl4zXHQ__cocktail_bars,eca8IpdiY5ZNCgWAl4zXHQ,Legacy Kitchen Oyster Counter + Tap,Cocktail Bars,eca8IpdiY5ZNCgWAl4zXHQ,Cocktail Bars,29.9532442,-90.0719013,511.223028,-359.145923,New Orleans,LA,3.5,81,0,2,true,false,false,true,full_bar,free,casual|trendy,"{""Monday"": ""7:0-22:0"", ""Tuesday"": ""7:0-22:0"", ""Wednesday"": ""7:0-22:0"", ""Thursday"": ""7:0-22:0"", ""Friday"": ""7:0-22:0"", ""Saturday"": ""7:0-22:0"", ""Sunday"": ""7:0-22:0""}"
ni3P3lnjdJyTuYgmljyGaQ__burgers,ni3P3lnjdJyTuYgmljyGaQ,Fat Hen Grill,Burgers,ni3P3lnjdJyTuYgmljyGaQ,Burgers,29.9649448,-90.2060558,-12413.217162,941.905746,New Orleans,LA,3.0,37,0,2,true,false,true,true,full_bar,,casual,"{""Monday"": ""7:0-21:0"", ""Wednesday"": ""7:0-21:0"", ""Thursday"": ""7:0-21:0"", ""Friday"": ""7:0-22:0"", ""Saturday"": ""7:0-22:0"", ""Sunday"": ""7:0-21:0""}"
9TDyIOrSrncpsAUxVqx3aA__american_(new),9TDyIOrSrncpsAUxVqx3aA,Capdeville,American (New),9TDyIOrSrncpsAUxVqx3aA,American (New),29.9472695,-90.0689109,799.318707,-1023.500655,New Orleans,LA,4.0,409,0,2,true,false,true,false,full_bar,no,trendy,"{""Monday"": ""0:0-0:0"", ""Tuesday"": ""17:0-23:0"", ""Wednesday"": ""17:0-23:0"", ""Thursday"": ""16:30-22:0"", ""Friday"": ""11:0-0:0"", ""Saturday"": ""11:0-22:0"", ""Sunday"": ""11:0-22:0""}"
U6mAmbXHZgBDpJfmxPFVqg__fitness_and_instruction,U6mAmbXHZgBDpJfmxPFVqg,Nola Pilates,Fitness & Instruction,U6mAmbXHZgBDpJfmxPFVqg,Fitness & Instruction,30.0054374,-90.1168316,-3817.360204,5444.483652,New Orleans,LA,4.5,9,0,,,,,false,,,,"{""Monday"": ""6:0-20:0"", ""Tuesday"": ""6:0-20:0"", ""Wednesday"": ""6:0-20:0"", ""Thursday"": ""6:0-20:0"", ""Friday"": ""6:0-20:0"", ""Saturday"": ""8:0-12:30"", ""Sunday"": ""8:0-12:30""}"
j1jTaGWZdKcxmkDRHlN6wg__american_(traditional),j1jTaGWZdKcxmkDRHlN6wg,Big Mouth Po-Boys,American (Traditional),j1jTaGWZdKcxmkDRHlN6wg,American (Traditional),29.9262832,-90.0253903,4992.092106,-3357.073968,New Orleans,LA,3.0,12,0,,,,,,,,,
TcNZXteosegb1RO4O5hREw__beer,TcNZXteosegb1RO4O5hREw,Parkway Bakery & Tavern,Beer,TcNZXteosegb1RO4O5hREw,Beer,29.9736824,-90.0902081,-1252.450235,1913.479309,New Orleans,LA,4.5,2160,1,2,true,true,true,true,full_bar,no,casual|classy,"{""Monday"": ""0:0-0:0"", ""Wednesday"": ""10:0-18:0"", ""Thursday"": ""10:0-18:0"", ""Friday"": ""10:0-18:0"", ""Saturday"": ""10:0-18:0"", ""Sunday"": ""10:0-18:0""}"
ku8cAVBLaF_4rI-yK6gNnQ__cajun_creole,ku8cAVBLaF_4rI-yK6gNnQ,Brennan's,Cajun/Creole,ku8cAVBLaF_4rI-yK6gNnQ,Cajun/Creole,29.9560036,-90.0666559,1016.561896,-52.308058,New Orleans,LA,4.0,1598,1,3,,,,true,full_bar,free,classy|romantic|upscale,"{""Monday"": ""9:0-14:0"", ""Thursday"": ""18:0-22:0"", ""Friday"": ""18:0-22:0"", ""Saturday"": ""18:0-22:0"", ""Sunday"": ""18:0-22:0""}"
rIv_HEmn9ugEAbBS_sSLKQ__cocktail_bars,rIv_HEmn9ugEAbBS_sSLKQ,Jimbeaux's Bar & Grill,Cocktail Bars,rIv_HEmn9ugEAbBS_sSLKQ,Cocktail Bars,29.9503700,-90.0689400,796.515214,-678.740309,New Orleans,LA,4.0,48,0,2,true,true,false,,full_bar,free,classy,"{""Tuesday"": ""12:0-23:0"", ""Wednesday"": ""12:0-23:0"", ""Thursday"": ""12:0-23:0"", ""Friday"": ""12:0-23:0"", ""Saturday"": ""10:30-23:0"", ""Sunday"": ""10:30-23:0""}"
Xhnkg91ACCXkA9_kfGkNiA__southern,Xhnkg91ACCXkA9_kfGkNiA,Local 718,Southern,Xhnkg91ACCXkA9_kfGkNiA,Southern,29.9588844,-90.0652950,1147.671792,268.022885,New Orleans,LA,4.5,10,1,,,,true,,,,,
-TvJ8KJdXus3_o6uvG2GHQ__fast_food,-TvJ8KJdXus3_o6uvG2GHQ,Subway,Fast Food,-TvJ8KJdXus3_o6uvG2GHQ,Fast Food,29.9534912,-90.0685817,831.035069,-331.680204,New Orleans,LA,1.5,10,1,1,true,false,,,,no,,"{""Monday"": ""10:0-20:0"", ""Tuesday"": ""10:0-20:0"", ""Wednesday"": ""10:0-20:0"", ""Thursday"": ""10:0-20:0"", ""Friday"": ""10:0-20:0"", ""Saturday"": ""10:0-20:0"", ""Sunday"": ""10:0-20:0""}"
5waWBXL3uCAE7s2kZZahLA__art_galleries,5waWBXL3uCAE7s2kZZahLA,The New Orleans Tattoo Museum & Studio,Art Galleries,5waWBXL3uCAE7s2kZZahLA,Art Galleries,29.9414962,-90.0795134,-222.127362,-1665.465147,New Orleans,LA,4.5,10,1,2,,,,false,,,,"{""Tuesday"": ""13:0-19:0"", ""Wednesday"": ""13:0-19:0"", ""Thursday"": ""13:0-19:0"", ""Friday"": ""13:0-19:0"", ""Saturday"": ""13:0-19:0""}"
qb28j-FNX1_6xm7u372TZA__seafood,qb28j-FNX1_6xm7u372TZA,Gumbo Shop,Seafood,qb28j-FNX1_6xm7u372TZA,Seafood,29.9577089,-90.0645370,1220.700112,137.309265,New Orleans,LA,4.0,3902,1,2,,,,true,full_bar,no,casual|classy,"{""Monday"": ""11:0-21:0"", ""Tuesday"": ""11:0-21:0"", ""Wednesday"": ""11:0-21:0"", ""Thursday"": ""11:0-22:0"", ""Friday"": ""11:0-22:0"", ""Saturday"": ""11:0-22:0"", ""Sunday"": ""11:0-22:0""}"
5172R8HbhPqwdlHO2_6tFg__fitness_and_instruction,5172R8HbhPqwdlHO2_6tFg,NOLA Tribe Yoga,Fitness & Instruction,5172R8HbhPqwdlHO2_6tFg,Fitness & Instruction,29.9768349,-90.1047234,-2650.856551,2264.026370,New Orleans,LA,5.0,12,1,,,,,true,,,,"{""Monday"": ""6:0-22:0"", ""Tuesday"": ""6:0-22:0"", ""Wednesday"": ""6:0-22:0"", ""Thursday"": ""6:0-22:0"", ""Friday"": ""6:0-22:0"", ""Saturday"": ""8:0-22:0"", ""Sunday"": ""8:0-22:0""}"
2Sgt5ekJ7F785czScIZEYg__desserts,2Sgt5ekJ7F785czScIZEYg,Piccola Gelateria,Desserts,2Sgt5ekJ7F785czScIZEYg,Desserts,29.9203904,-90.1027833,-2463.948219,-4012.329374,New Orleans,LA,4.5,229,1,1,true,true,true,true,none,free,casual|classy|trendy,"{""Monday"": ""0:0-0:0"", ""Tuesday"": ""8:0-20:0"", ""Wednesday"": ""10:0-20:0"", ""Thursday"": ""10:0-20:0"", ""Friday"": ""10:0-17:0"", ""Saturday"": ""10:0-17:0"", ""Sunday"": ""10:0-17:0""}"
QMy7L2NgLjegsJq2Sshn3A__art_galleries,QMy7L2NgLjegsJq2Sshn3A,Nola Rock Co.,Art Galleries,QMy7L2NgLjegsJq2Sshn3A,Art Galleries,29.9608736,-90.0588503,1768.556632,489.208336,New Orleans,LA,4.5,40,1,2,,,,,,free,,"{""Monday"": ""0:0-0:0"", ""Tuesday"": ""11:0-20:0"", ""Wednesday"": ""11:0-20:0"", ""Thursday"": ""11:0-20:0"", ""Friday"": ""11:0-20:0"", ""Saturday"": ""11:0-20:0"", ""Sunday"": ""10:30-21:0""}"
nTBStZYJfHGdSZJbpaBiPA__burgers,nTBStZYJfHGdSZJbpaBiPA,The Grill,Burgers,nTBStZYJfHGdSZJbpaBiPA,Burgers,29.9564315,-90.0645150,1222.819591,-4.731330,New Orleans,LA,4.0,933,0,1,true,false,false,true,full_bar,no,casual,"{""Monday"": ""8:0-20:0"", ""Tuesday"": ""8:0-20:0"", ""Wednesday"": ""8:0-20:0"", ""Thursday"": ""8:0-20:0"", ""Friday"": ""8:0-23:0"", ""Saturday"": ""8:0-23:0"", ""Sunday"": ""8:0-21:0""}"
4-vRC6g1LOXyXXe4EfxBwg__seafood,4-vRC6g1LOXyXXe4EfxBwg,Manchu Food Store & Chinese Kitchen,Seafood,4-vRC6g1LOXyXXe4EfxBwg,Seafood,29.9699028,-90.0686731,822.228352,1493.210954,New Orleans,LA,4.5,190,1,1,true,false,false,true,beer_and_wine,no,classy|divey,"{""Monday"": ""10:30-21:0"", ""Tuesday"": ""10:30-21:0"", ""Wednesday"": ""10:30-21:0"", ""Thursday"": ""10:30-21:0"", ""Friday"": ""10:30-21:0"", ""Saturday"": ""10:30-21:0"", ""Sunday"": ""11:30-19:0""}"
ngosa7gVH134bQfXR5JboQ__american_(traditional),ngosa7gVH134bQfXR5JboQ,Morton's The Steakhouse,American (Traditional),ngosa7gVH134bQfXR5JboQ,American (Traditional),29.9514124,-90.0656978,1108.868672,-562.830557,New Orleans,LA,3.5,174,0,3,true,true,false,false,full_bar,free,classy|upscale,"{""Monday"": ""12:0-20:0"", ""Tuesday"": ""12:0-20:0"", ""Wednesday"": ""12:0-20:0"", ""Thursday"": ""12:0-22:0"", ""Friday"": ""12:0-20:0"", ""Saturday"": ""15:0-20:0"", ""Sunday"": ""15:0-20:0""}"
jQNmnjrNd1tJXOg9bfB5hA__burgers,jQNmnjrNd1tJXOg9bfB5hA,St Charles Tavern,Burgers,jQNmnjrNd1tJXOg9bfB5hA,Burgers,29.9393505,-90.0756895,146.268571,-1904.054496,New Orleans,LA,3.0,244,0,2,true,false,false,true,full_bar,no,divey,"{""Monday"": ""6:0-5:30"", ""Tuesday"": ""6:0-5:30"", ""Wednesday"": ""6:0-5:30"", ""Thursday"": ""6:0-5:30"", ""Friday"": ""6:0-5:30"", ""Saturday"": ""6:0-5:30"", ""Sunday"": ""6:0-5:30""}"
zRWtPxp8lHfcGtIl15_iXA__seafood,zRWtPxp8lHfcGtIl15_iXA,Poke Loa,Seafood,zRWtPxp8lHfcGtIl15_iXA,Seafood,29.9480889,-90.0742015,289.618278,-932.382358,New Orleans,LA,4.0,37,1,2,true,true,true,,full_bar,no,,"{""Monday"": ""10:45-21:0"", ""Tuesday"": ""10:45-21:0"", ""Wednesday"": ""10:45-21:0"", ""Thursday"": ""10:45-21:0"", ""Friday"": ""10:45-21:0""}"
wGhlVNlqJmMFYqLIva3COw__specialty_food,wGhlVNlqJmMFYqLIva3COw,Read Seafood,Specialty Food,wGhlVNlqJmMFYqLIva3COw,Specialty Food,30.0423070,-89.9807800,9289.847173,9544.201782,New Orleans,LA,4.0,25,1,2,true,false,false,true,beer_and_wine,no,,"{""Monday"": ""0:0-0:0"", ""Tuesday"": ""10:0-20:0"", ""Wednesday"": ""10:0-20:0"", ""Thursday"": ""10:0-20:0"", ""Friday"": ""10:0-20:0"", ""Saturday"": ""10:0-20:0""}"
PaR2isOWxfREi7KmzUNZfg__cajun_creole,PaR2isOWxfREi7KmzUNZfg,Cajun Seafood 2,Cajun/Creole,PaR2isOWxfREi7KmzUNZfg,Cajun/Creole,29.9774360,-90.0473480,2876.687896,2330.865732,New Orleans,LA,3.5,5,1,1,,,,,,,,"{""Monday"": ""10:30-20:0"", ""Tuesday"": ""10:30-20:0"", ""Wednesday"": ""10:30-20:0"", ""Thursday"": ""10:30-20:0"", ""Friday"": ""10:30-20:30"", ""Saturday"": ""10:30-20:30"", ""Sunday"": ""10:30-20:0""}"
8J-hkpk56R9UX69YKNTtPw__coffee_and_tea,8J-hkpk56R9UX69YKNTtPw,Starbucks,Coffee & Tea,8J-hkpk56R9UX69YKNTtPw,Coffee & Tea,29.9200675,-90.0150150,5991.648221,-4048.229228,New Orleans,LA,2.0,38,1,,,,,,,free,,"{""Monday"": ""5:30-20:0"", ""Tuesday"": ""5:30-20:0"", ""Wednesday"": ""5:30-20:0"", ""Thursday"": ""5:30-20:0"", ""Friday"": ""5:30-20:0"", ""Saturday"": ""5:30-20:0"", ""Sunday"": ""6:0-20:0""}"
jar_5KMQZtgOseRdUN3L0w__desserts,jar_5KMQZtgOseRdUN3L0w,Sucré,Desserts,jar_5KMQZtgOseRdUN3L0w,Desserts,29.9249433,-90.0853176,-781.302317,-3506.064256,New Orleans,LA,4.0,872,1,2,true,,true,true,none,free,,"{""Monday"": ""0:0-0:0"", ""Tuesday"": ""10:0-21:0"", ""Wednesday"": ""10:0-21:0"", ""Thursday"": ""10:0-21:0"", ""Friday"": ""10:0-22:0"", ""Saturday"": ""10:0-22:0"", ""Sunday"": ""10:0-21:0""}"
vAlG57_mZtazKbHBH39T8w__specialty_food,vAlG57_mZtazKbHBH39T8w,The Füd Bar,Specialty Food,vAlG57_mZtazKbHBH39T8w,Specialty Food,30.0207669,-90.0768371,35.708818,7149.048635,New Orleans,LA,4.5,60,0,2,true,true,true,true,full_bar,free,casual,"{""Monday"": ""0:0-0:0"", ""Tuesday"": ""8:0-21:0"", ""Wednesday"": ""8:0-21:0"", ""Thursday"": ""8:0-21:0"", ""Friday"": ""8:0-21:0""}"
M2h3vq8WeSiQAmyJtrPvbQ__american_(traditional),M2h3vq8WeSiQAmyJtrPvbQ,Emeril's Delmonico,American (Traditional),M2h3vq8WeSiQAmyJtrPvbQ,American (Traditional),29.9402520,-90.0742160,288.225520,-1803.812131,New Orleans,LA,4.0,751,1,3,false,false,false,false,full_bar,no,classy|upscale,"{""Monday"": ""0:0-0:0"", ""Wednesday"": ""17:30-22:0"", ""Thursday"": ""17:30-22:0"", ""Friday"": ""17:30-22:0"", ""Saturday"": ""5:30-10:0"", ""Sunday"": ""17:30-22:0""}"
_LdViafM7oxU9LH8cZBiMw__cafes,_LdViafM7oxU9LH8cZBiMw,Maple Street Patisserie Et Deli,Cafes,_LdViafM7oxU9LH8cZBiMw,Cafes,29.9238146,-90.0862341,-869.597901,-3631.570143,New Orleans,LA,3.5,38,0,1,true,false,true,true,none,no,casual,"{""Tuesday"": ""7:30-15:0"", ""Wednesday"": ""7:30-15:0"", ""Thursday"": ""7:30-15:0"", ""Friday"": ""7:30-15:0"", ""Saturday"": ""8:30-15:0"", ""Sunday"": ""8:30-15:0""}"
QIffr_fNUkbISage89uPYA__southern,QIffr_fNUkbISage89uPYA,Willie's Chicken Shack,Southern,QIffr_fNUkbISage89uPYA,Southern,29.9634590,-90.0578540,1864.540147,776.692096,New Orleans,LA,3.5,19,1,,true,false,false,,full_bar,,casual,
B4zE07aML4DoLFd8gMVMPQ__cafes,B4zE07aML4DoLFd8gMVMPQ,HEY Coffee Co.,Cafes,B4zE07aML4DoLFd8gMVMPQ,Cafes,29.9678617,-90.0835287,-608.959740,1266.250676,New Orleans,LA,4.5,31,1,,true,,true,,,free,,"{""Monday"": ""7:0-20:0"", ""Tuesday"": ""7:0-20:0"", ""Wednesday"": ""7:0-20:0"", ""Thursday"": ""8:0-14:0"", ""Friday"": ""7:0-20:0"", ""Saturday"": ""7:0-20:0"", ""Sunday"": ""7:0-20:0""}"
jQ2yK-xIOvoxeM3lIJWMdA__coffee_and_tea,jQ2yK-xIOvoxeM3lIJWMdA,Bittersweet Confections Mid-City,Coffee & Tea,jQ2yK-xIOvoxeM3lIJWMdA,Coffee & Tea,29.9713630,-90.1078232,-2949.491198,1655.578010,New Orleans,LA,4.5,35,0,,,,true,,,free,,"{""Monday"": ""7:0-17:30"", ""Tuesday"": ""7:0-17:30"", ""Wednesday"": ""7:0-17:30"", ""Thursday"": ""7:0-17:30"", ""Friday"": ""7:0-17:30"", ""Saturday"": ""7:0-16:0"", ""Sunday"": ""7:30-14:0""}"
x3JvbhU7wIYcpMVCdMMTqw__burgers,x3JvbhU7wIYcpMVCdMMTqw,Frankie & Johnny's,Burgers,x3JvbhU7wIYcpMVCdMMTqw,Burgers,29.9170101,-90.1189204,-4018.595138,-4388.197066,New Orleans,LA,4.0,325,1,2,true,true,true,true,full_bar,no,casual,"{""Monday"": ""11:0-20:0"", ""Tuesday"": ""11:0-20:0"", ""Wednesday"": ""11:0-20:0"", ""Thursday"": ""11:0-20:0"", ""Friday"": ""11:0-21:0"", ""Saturday"": ""11:0-21:0"", ""Sunday"": ""11:0-20:0""}"
0uxg3_noVCE78Wgjb8DSyA__specialty_food,0uxg3_noVCE78Wgjb8DSyA,Aunt Sally's Pralines,Specialty Food,0uxg3_noVCE78Wgjb8DSyA,Specialty Food,29.9576669,-90.0617022,1493.804665,132.639072,New Orleans,LA,4.0,135,1,2,false,false,,,,,,"{""Monday"": ""9:0-17:0"", ""Tuesday"": ""9:0-17:0"", ""Friday"": ""9:0-17:0"", ""Saturday"": ""9:0-17:0"", ""Sunday"": ""9:0-17:0""}"
5xrMRQ1GW0SnIxweOcvDQw__specialty_food,5xrMRQ1GW0SnIxweOcvDQw,Smoothie King,Specialty Food,5xrMRQ1GW0SnIxweOcvDQw,Specialty Food,29.9462520,-90.1128510,-3433.869310,-1136.641650,New Orleans,LA,3.0,16,1,1,true,true,,,,no,,"{""Monday"": ""0:0-0:0"", ""Tuesday"": ""7:0-21:0"", ""Wednesday"": ""7:0-19:0"", ""Thursday"": ""7:0-19:0"", ""Friday"": ""7:0-19:0"", ""Saturday"": ""9:0-20:0"", ""Sunday"": ""11:0-18:0""}"
0vi741BLMGl2QPeTXWeG2w__southern,0vi741BLMGl2QPeTXWeG2w,The Trolley Stop Cafe,Southern,0vi741BLMGl2QPeTXWeG2w,Southern,29.9357457,-90.0788195,-155.275543,-2304.890521,New Orleans,LA,3.5,550,0,2,true,false,false,true,full_bar,no,casual,"{""Monday"": ""0:0-0:0"", ""Thursday"": ""7:0-15:0"", ""Friday"": ""7:0-15:0"", ""Saturday"": ""7:0-15:0"", ""Sunday"": ""7:0-15:0""}"
XncT8ubN1EcqJDfIYNUiEQ__venues_and_event_spaces,XncT8ubN1EcqJDfIYNUiEQ,Happy Raptor Distilling,Venues & Event Spaces,XncT8ubN1EcqJDfIYNUiEQ,Venues & Event Spaces,29.9398351,-90.0767455,44.533560,-1850.169360,New Orleans,LA,5.0,41,1,,true,false,true,true,full_bar,free,classy,"{""Monday"": ""0:0-0:0"", ""Tuesday"": ""12:0-19:0"", ""Wednesday"": ""12:0-19:0"", ""Thursday"": ""12:0-20:0"", ""Friday"": ""12:0-20:0"", ""Saturday"": ""12:0-20:0"", ""Sunday"": ""12:0-18:0""}"
u9-j3bwMcaMq9CWwuucqsA__breakfast_and_brunch,u9-j3bwMcaMq9CWwuucqsA,Eco Café,Breakfast & Brunch,u9-j3bwMcaMq9CWwuucqsA,Breakfast & Brunch,29.9733642,-90.0986040,-2061.313725,1878.101605,New Orleans,LA,3.5,43,0,2,true,false,true,true,full_bar,free,casual,"{""Monday"": ""8:0-17:0"", ""Wednesday"": ""18:0-22:0"", ""Thursday"": ""18:0-22:0"", ""Friday"": ""18:0-22:0"", ""Saturday"": ""8:0-2:30"", ""Sunday"": ""8:0-14:30""}"
f7VTjCHVPRpBOxhFNI-lhg__beer,f7VTjCHVPRpBOxhFNI-lhg,Verret's Bar and Lounge,Beer,f7VTjCHVPRpBOxhFNI-lhg,Beer,29.9323895,-90.0873977,-981.702504,-2678.080725,New Orleans,LA,4.5,23,1,1,,,true,false,full_bar,free,classy|divey,"{""Monday"": ""16:0-2:0"", ""Tuesday"": ""16:0-2:0"", ""Wednesday"": ""16:0-2:0"", ""Thursday"": ""16:0-2:0"", ""Friday"": ""16:0-4:0"", ""Saturday"": ""11:0-4:0"", ""Sunday"": ""11:0-2:0""}"
hNuRKVOgigDdcvwqH7v8Jw__fast_food,hNuRKVOgigDdcvwqH7v8Jw,Subway,Fast Food,hNuRKVOgigDdcvwqH7v8Jw,Fast Food,29.9365968,-90.0689540,795.166454,-2210.252388,New Orleans,LA,1.5,9,1,1,false,true,,true,,,,"{""Monday"": ""7:0-21:0"", ""Tuesday"": ""7:0-21:0"", ""Wednesday"": ""7:0-21:0"", ""Thursday"": ""7:0-22:0"", ""Friday"": ""7:0-22:0"", ""Saturday"": ""7:0-22:0"", ""Sunday"": ""9:0-20:0""}"
aIVk0IEUj7rPaAMeAmBSGg__burgers,aIVk0IEUj7rPaAMeAmBSGg,Frey Smoked Meat,Burgers,aIVk0IEUj7rPaAMeAmBSGg,Burgers,29.9775386,-90.1000152,-2197.268694,2342.274348,New Orleans,LA,3.5,381,1,2,true,true,,true,full_bar,free,casual,"{""Monday"": ""11:0-21:0"", ""Wednesday"": ""11:0-21:0"", ""Thursday"": ""11:0-21:0"", ""Friday"": ""11:0-21:0"", ""Saturday"": ""11:0-21:0"", ""Sunday"": ""11:0-21:0""}"
rVRh3PnjYwSaVvGs0joh5w__fast_food,rVRh3PnjYwSaVvGs0joh5w,Five Guys,Fast Food,rVRh3PnjYwSaVvGs0joh5w,Fast Food,29.9775610,-90.0978130,-1985.108807,2344.765118,New Orleans,LA,3.0,87,1,2,true,true,true,true,none,no,casual,"{""Monday"": ""0:0-0:0"", ""Tuesday"": ""11:0-22:0"", ""Wednesday"": ""11:0-22:0"", ""Thursday"": ""11:0-22:0"", ""Friday"": ""11:0-16:0"", ""Saturday"": ""11:0-22:0"", ""Sunday"": ""11:0-22:0""}"
6LEDNjDyBh_Vin_uZrPvoQ__seafood,6LEDNjDyBh_Vin_uZrPvoQ,Natals Seafood & Grill,Seafood,6LEDNjDyBh_Vin_uZrPvoQ,Seafood,30.0116097,-90.0017207,7272.420715,6130.813046,New Orleans,LA,3.5,10,0,1,true,false,false,true,beer_and_wine,free,,"{""Monday"": ""5:0-19:0"", ""Tuesday"": ""5:0-19:0"", ""Wednesday"": ""5:0-19:0"", ""Thursday"": ""5:0-19:0"", ""Friday"": ""5:0-19:0"", ""Saturday"": ""5:0-19:0""}"
NtglwXi9aLXenlprL49MjQ__fast_food,NtglwXi9aLXenlprL49MjQ,Pizza Hut,Fast Food,NtglwXi9aLXenlprL49MjQ,Fast Food,29.9280060,-90.0686962,820.000597,-3165.510675,New Orleans,LA,1.5,44,1,1,true,true,false,,,,,"{""Monday"": ""10:30-23:0"", ""Tuesday"": ""10:30-23:0"", ""Wednesday"": ""10:30-23:0"", ""Thursday"": ""10:30-23:0"", ""Friday"": ""10:30-23:0"", ""Saturday"": ""10:30-23:0"", ""Sunday"": ""10:30-23:0""}"
gcboPfvHc2Kv8s_f5L0HIw__cocktail_bars,gcboPfvHc2Kv8s_f5L0HIw,Batture Bistro and Bar,Cocktail Bars,gcboPfvHc2Kv8s_f5L0HIw,Cocktail Bars,29.9519718,-90.0648050,1194.880999,-500.628030,New Orleans,LA,5.0,23,1,,true,false,true,,full_bar,free,classy,"{""Monday"": ""15:0-21:0"", ""Tuesday"": ""15:0-21:0"", ""Wednesday"": ""15:0-21:0"", ""Thursday"": ""15:0-21:0"", ""Friday"": ""15:0-21:0"", ""Saturday"": ""7:0-21:0"", ""Sunday"": ""7:0-21:0""}"
JEzCDS9mTwTHUqdPiWScXw__breakfast_and_brunch,JEzCDS9mTwTHUqdPiWScXw,The Daily Beet,Breakfast & Brunch,JEzCDS9mTwTHUqdPiWScXw,Breakfast & Brunch,29.9232270,-90.0878542,-1025.678291,-3696.908372,New Orleans,LA,4.5,64,1,2,true,true,true,true,none,free,,"{""Monday"": ""8:0-20:0"", ""Tuesday"": ""8:0-20:0"", ""Wednesday"": ""8:0-20:0"", ""Thursday"": ""8:0-20:0"", ""Friday"": ""8:0-20:0"", ""Saturday"": ""8:0-20:0"", ""Sunday"": ""8:0-20:0""}"
FSvFk1lWR0YBYP_-L_iLTQ__coffee_and_tea,FSvFk1lWR0YBYP_-L_iLTQ,Rue De La Course,Coffee & Tea,FSvFk1lWR0YBYP_-L_iLTQ,Coffee & Tea,29.9473419,-90.1299849,-5084.548762,-1015.450132,New Orleans,LA,3.5,255,1,1,true,false,true,false,,free,,"{""Monday"": ""7:30-19:30"", ""Tuesday"": ""7:30-19:30"", ""Wednesday"": ""7:30-19:30"", ""Thursday"": ""7:30-19:30"", ""Friday"": ""7:30-19:30"", ""Saturday"": ""8:0-19:30"", ""Sunday"": ""8:0-19:30""}"
CQQHON44VFVqcCwsalwLQg__burgers,CQQHON44VFVqcCwsalwLQg,Beachcorner Bar & Grill,Burgers,CQQHON44VFVqcCwsalwLQg,Burgers,29.9804902,-90.1086173,-3025.994770,2670.477747,New Orleans,LA,3.5,165,1,2,true,false,true,false,full_bar,free,casual|divey,"{""Monday"": ""11:0-1:0"", ""Tuesday"": ""11:0-1:0"", ""Wednesday"": ""11:0-1:0"", ""Thursday"": ""11:0-0:0"", ""Friday"": ""11:0-1:0"", ""Saturday"": ""11:0-0:0"", ""Sunday"": ""11:0-1:0""}"
ecGqst5qksmuh9qImAzXKg__pizza,ecGqst5qksmuh9qImAzXKg,Industry Bar & Kitchen,Pizza,ecGqst5qksmuh9qImAzXKg,Pizza,29.9533944,-90.0656017,1118.126943,-342.441908,New Orleans,LA,3.5,59,1,1,true,true,false,false,none,free,casual,"{""Monday"": ""11:0-3:0"", ""Tuesday"": ""11:0-3:0"", ""Wednesday"": ""11:0-3:0"", ""Thursday"": ""11:0-3:0"", ""Friday"": ""11:0-5:0"", ""Saturday"": ""11:0-5:0"", ""Sunday"": ""11:0-3:0""}"
tJeIs6nUl2590FrgqntBBA__specialty_food,tJeIs6nUl2590FrgqntBBA,91 Area Restaurant,Specialty Food,tJeIs6nUl2590FrgqntBBA,Specialty Food,29.9610900,-90.0583610,1815.695781,513.270951,New Orleans,LA,4.5,19,0,,true,,true,,full_bar,free,casual,"{""Monday"": ""0:0-0:0"", ""Wednesday"": ""11:0-21:0"", ""Thursday"": ""11:0-21:0"", ""Friday"": ""11:0-22:0"", ""Saturday"": ""11:0-22:0"", ""Sunday"": ""11:0-21:0""}"
FNsMxoaTa-HCbAxP0Baj9Q__american_(traditional),FNsMxoaTa-HCbAxP0Baj9Q,Powdered Sugar,American (Traditional),FNsMxoaTa-HCbAxP0Baj9Q,American (Traditional),29.9549447,-90.0701819,676.867269,-170.059067,New Orleans,LA,4.0,58,1,2,true,true,false,true,none,free,,"{""Monday"": ""6:0-22:0"", ""Tuesday"": ""6:0-22:0"", ""Wednesday"": ""6:0-22:0"", ""Thursday"": ""6:0-22:0"", ""Friday"": ""6:0-23:0"", ""Saturday"": ""6:0-23:0"", ""Sunday"": ""6:0-22:0""}"
58MS8hllZrRZOvX5OchFBA__fitness_and_instruction,58MS8hllZrRZOvX5OchFBA,Crescent Lotus Dance Studio,Fitness & Instruction,58MS8hllZrRZOvX5OchFBA,Fitness & Instruction,29.9464905,-90.1136294,-3508.860345,-1110.121623,New Orleans,LA,5.0,24,1,,,,,false,,no,,"{""Monday"": ""0:0-0:0"", ""Tuesday"": ""10:0-21:30"", ""Wednesday"": ""17:30-21:0"", ""Thursday"": ""17:0-21:30"", ""Friday"": ""12:30-20:30"", ""Saturday"": ""9:0-21:0"", ""Sunday"": ""10:30-21:0""}"
3DKGhJXrqhVOQGFNiSp9Vg__cafes,3DKGhJXrqhVOQGFNiSp9Vg,Avenue Cafe,Cafes,3DKGhJXrqhVOQGFNiSp9Vg,Cafes,29.9358034,-90.0786298,-136.999850,-2298.474565,New Orleans,LA,4.0,219,1,1,true,true,true,true,beer_and_wine,free,casual,"{""Monday"": ""7:30-15:0"", ""Tuesday"": ""7:0-15:0"", ""Wednesday"": ""7:0-15:0"", ""Thursday"": ""7:0-15:0"", ""Friday"": ""7:0-15:0"", ""Saturday"": ""7:0-15:0"", ""Sunday"": ""7:0-15:0""}"
uM1ahq0ZG5utDIV3JwjHyA__pizza,uM1ahq0ZG5utDIV3JwjHyA,Pepperoni Ray's Cafe,Pizza,uM1ahq0ZG5utDIV3JwjHyA,Pizza,30.0131005,-90.0505350,2569.652404,6296.582671,New Orleans,LA,4.5,42,1,,,,,true,,free,,"{""Monday"": ""15:0-20:0"", ""Tuesday"": ""15:0-20:0"", ""Wednesday"": ""15:0-20:0"", ""Thursday"": ""15:0-20:0"", ""Friday"": ""15:0-20:0"", ""Saturday"": ""15:0-20:0""}"
tUAG5hK3O3M52isPh98DMw__coffee_and_tea,tUAG5hK3O3M52isPh98DMw,Fuel Coffee House,Coffee & Tea,tUAG5hK3O3M52isPh98DMw,Coffee & Tea,29.9206840,-90.1063940,-2811.802109,-3979.677461,New Orleans,LA,3.0,14,0,2,,,true,,,free,,
EExxDfN4Rp_n6dzK_XOoNw__southern,EExxDfN4Rp_n6dzK_XOoNw,ILYS Bistro,Southern,EExxDfN4Rp_n6dzK_XOoNw,Southern,29.9684452,-90.0573416,1913.904228,1331.129136,New Orleans,LA,3.5,20,0,1,true,true,,true,none,,,"{""Monday"": ""6:0-0:0"", ""Tuesday"": ""6:0-0:0"", ""Wednesday"": ""6:0-0:0"", ""Thursday"": ""6:0-0:0"", ""Friday"": ""6:0-4:0"", ""Saturday"": ""7:0-4:0"", ""Sunday"": ""11:0-0:0""}"
AZJpX5slpbZUTU9INbwu0g__american_(traditional),AZJpX5slpbZUTU9INbwu0g,Nice Guys Bar and Grill,American (Traditional),AZJpX5slpbZUTU9INbwu0g,American (Traditional),29.9600060,-90.1136530,-3511.133968,392.735484,New Orleans,LA,3.5,109,1,2,true,,true,,full_bar,free,casual|hipster|trendy,"{""Monday"": ""11:0-23:0"", ""Tuesday"": ""11:0-23:0"", ""Wednesday"": ""11:0-23:0"", ""Thursday"": ""11:0-23:0"", ""Friday"": ""11:0-23:0"", ""Saturday"": ""11:0-23:0"", ""Sunday"": ""10:0-18:0""}"
Tf_Oj8uWRvXmqkEmntzTdA__desserts,Tf_Oj8uWRvXmqkEmntzTdA,Cavan,Desserts,Tf_Oj8uWRvXmqkEmntzTdA,Desserts,29.9222731,-90.0919262,-1417.974658,-3802.977359,New Orleans,LA,4.0,357,0,2,true,,true,true,full_bar,free,classy|intimate|romantic|upscale,"{""Monday"": ""16:0-22:0"", ""Tuesday"": ""11:0-16:0"", ""Wednesday"": ""16:0-22:0"", ""Thursday"": ""16:0-22:0"", ""Friday"": ""10:30-22:0"", ""Saturday"": ""10:30-22:0"", ""Sunday"": ""10:30-22:0""}"
7jPySMocq3QkmTalOCJ5mg__cajun_creole,7jPySMocq3QkmTalOCJ5mg,Dunbar's Creole Cuisine,Cajun/Creole,7jPySMocq3QkmTalOCJ5mg,Cajun/Creole,29.9596436,-90.1129686,-3445.198891,352.438387,New Orleans,LA,4.0,89,0,2,true,,false,true,none,no,casual,"{""Monday"": ""11:0-16:0"", ""Tuesday"": ""11:0-16:0"", ""Wednesday"": ""11:0-16:0"", ""Thursday"": ""11:0-16:0"", ""Friday"": ""11:0-16:0""}"
1788xIG9VRrs3DZ_RhqA6A__beer,1788xIG9VRrs3DZ_RhqA6A,Pearl Wine Co,Beer,1788xIG9VRrs3DZ_RhqA6A,Beer,29.9772614,-90.0926990,-1492.426188,2311.451071,New Orleans,LA,4.0,67,0,2,true,,true,false,full_bar,free,intimate,"{""Monday"": ""0:0-0:0"", ""Tuesday"": ""12:0-20:0"", ""Wednesday"": ""11:0-0:0"", ""Thursday"": ""11:0-0:0"", ""Friday"": ""11:0-0:0"", ""Saturday"": ""10:0-0:0"", ""Sunday"": ""12:0-21:0""}"
luwB0KsvoiXUewBvRdcYiA__coffee_and_tea,luwB0KsvoiXUewBvRdcYiA,Starbucks,Coffee & Tea,luwB0KsvoiXUewBvRdcYiA,Coffee & Tea,29.9429120,-90.0952430,-1737.515078,-1508.033217,New Orleans,LA,3.0,31,1,2,,,,,,free,,"{""Monday"": ""5:0-14:0"", ""Tuesday"": ""5:0-14:0"", ""Wednesday"": ""5:0-14:0"", ""Thursday"": ""5:0-14:0"", ""Friday"": ""5:0-14:0"", ""Saturday"": ""5:0-14:0"", ""Sunday"": ""5:0-14:0""}"
FxyGTyC98dVsVMhPiHXyOQ__desserts,FxyGTyC98dVsVMhPiHXyOQ,The Buttermilk Drop,Desserts,FxyGTyC98dVsVMhPiHXyOQ,Desserts,29.9815769,-90.0713554,563.815645,2791.313440,New Orleans,LA,4.0,240,1,1,true,,,,,,,"{""Monday"": ""6:0-16:0"", ""Tuesday"": ""6:0-16:0"", ""Wednesday"": ""6:0-16:0"", ""Thursday"": ""6:0-16:0"", ""Friday"": ""6:0-16:0"", ""Saturday"": ""6:0-16:0"", ""Sunday"": ""6:0-15:0""}"
O2GVUlmHngFoaKbKlHR_yw__art_galleries,O2GVUlmHngFoaKbKlHR_yw,Dutch Alley Artist's Co-op,Art Galleries,O2GVUlmHngFoaKbKlHR_yw,Art Galleries,29.9582840,-90.0609920,1562.225314,201.257556,New Orleans,LA,4.5,31,1,3,,,,false,,,,"{""Monday"": ""10:0-18:0"", ""Tuesday"": ""10:0-18:0"", ""Wednesday"": ""10:0-16:0"", ""Thursday"": ""10:0-16:0"", ""Friday"": ""10:0-18:0"", ""Saturday"": ""10:0-10:30"", ""Sunday"": ""10:0-16:0""}"
V9VLhHdSFpFi4yXFqVcVEA__seafood,V9VLhHdSFpFi4yXFqVcVEA,Pêche,Seafood,V9VLhHdSFpFi4yXFqVcVEA,Seafood,29.9450884,-90.0690928,781.794466,-1266.028245,New Orleans,LA,4.0,1926,1,3,true,true,true,false,full_bar,no,classy|trendy,"{""Monday"": ""11:0-21:0"", ""Tuesday"": ""11:0-21:0"", ""Wednesday"": ""11:0-21:0"", ""Thursday"": ""11:0-21:0"", ""Friday"": ""11:0-22:0"", ""Saturday"": ""11:0-22:0"", ""Sunday"": ""11:0-21:0""}"
eObo_Ox6xQkTAQadT6i_1w__american_(traditional),eObo_Ox6xQkTAQadT6i_1w,University Of New Orleans Cafeteria,American (Traditional),eObo_Ox6xQkTAQadT6i_1w,American (Traditional),30.0269839,-90.0678313,903.327341,7840.348448,New Orleans,LA,3.0,8,1,1,true,true,true,true,none,,,
4Fgyjm3Hh-z5NiPUzfbLSw__desserts,4Fgyjm3Hh-z5NiPUzfbLSw,Sweet Savors Bakery,Desserts,4Fgyjm3Hh-z5NiPUzfbLSw,Desserts,30.0121426,-90.0607256,1587.890282,6190.068904,New Orleans,LA,2.5,12,0,1,true,false,,,,,,"{""Monday"": ""6:30-18:0"", ""Tuesday"": ""6:30-18:0"", ""Wednesday"": ""6:30-18:0"", ""Thursday"": ""6:30-18:0"", ""Friday"": ""6:30-18:0"", ""Saturday"": ""7:0-18:0""}"
hVS67L6bYtNZyuvqDX2O6w__pizza,hVS67L6bYtNZyuvqDX2O6w,JB's Fuel Dock,Pizza,hVS67L6bYtNZyuvqDX2O6w,Pizza,30.0238812,-90.1148646,-3627.859479,7495.343473,New Orleans,LA,4.0,53,1,,true,true,true,true,full_bar,no,casual,"{""Monday"": ""11:0-21:0"", ""Tuesday"": ""15:0-21:0"", ""Wednesday"": ""11:0-21:0"", ""Thursday"": ""11:0-21:0"", ""Friday"": ""11:0-23:0"", ""Saturday"": ""11:0-23:0"", ""Sunday"": ""11:0-21:0""}"
9zlspOuU7cXAVesgah7udA__venues_and_event_spaces,9zlspOuU7cXAVesgah7udA,La Casita on the Patio,Venues & Event Spaces,9zlspOuU7cXAVesgah7udA,Venues & Event Spaces,29.9452587,-90.0733993,366.906375,-1247.091723,New Orleans,LA,3.5,68,0,2,true,false,true,true,full_bar,free,casual,"{""Tuesday"": ""12:0-22:0"", ""Wednesday"": ""12:0-22:0"", ""Thursday"": ""12:0-22:0"", ""Friday"": ""12:0-23:0"", ""Saturday"": ""10:0-23:0"", ""Sunday"": ""12:0-17:0""}"
FIUCEBg9hqVA-ZScn7N2IA__pizza,FIUCEBg9hqVA-ZScn7N2IA,Tavolino Pizza & Lounge,Pizza,FIUCEBg9hqVA-ZScn7N2IA,Pizza,29.9521360,-90.0545370,2184.099835,-482.369797,New Orleans,LA,4.5,120,1,2,true,false,true,true,full_bar,free,casual,"{""Monday"": ""0:0-0:0"", ""Tuesday"": ""16:0-21:0"", ""Wednesday"": ""16:0-21:0"", ""Thursday"": ""16:0-21:0"", ""Friday"": ""16:0-21:0"", ""Saturday"": ""16:0-21:0""}"
2EOinQpyU4ChpyJ4KusO2A__cafes,2EOinQpyU4ChpyJ4KusO2A,Good Eden Nola Plantmade,Cafes,2EOinQpyU4ChpyJ4KusO2A,Cafes,29.9673057,-90.0906374,-1293.811701,1204.426211,New Orleans,LA,4.5,152,1,2,true,true,true,true,none,free,casual,"{""Monday"": ""0:0-0:0""}"
P6CozR7yKUvGEyXH7s-VMg__fitness_and_instruction,P6CozR7yKUvGEyXH7s-VMg,Friday Night Fights Gym,Fitness & Instruction,P6CozR7yKUvGEyXH7s-VMg,Fitness & Instruction,29.9396756,-90.0798781,-257.261037,-1867.904975,New Orleans,LA,4.0,10,1,,,,,false,,,,"{""Monday"": ""8:0-21:0"", ""Tuesday"": ""8:0-21:0"", ""Wednesday"": ""8:0-21:0"", ""Thursday"": ""8:0-21:0"", ""Friday"": ""8:0-21:0"", ""Saturday"": ""8:0-18:0"", ""Sunday"": ""8:0-18:0""}"
08k4NrsUfGyjmir9NMO8Mw__beer,08k4NrsUfGyjmir9NMO8Mw,Red Zone 2,Beer,08k4NrsUfGyjmir9NMO8Mw,Beer,29.9328715,-90.0871978,-962.440733,-2624.487421,New Orleans,LA,3.5,6,1,,true,false,,false,,,,"{""Monday"": ""7:0-0:0"", ""Tuesday"": ""7:0-0:0"", ""Wednesday"": ""7:0-0:0"", ""Thursday"": ""7:0-0:0"", ""Friday"": ""7:0-0:0"", ""Saturday"": ""7:0-0:0"", ""Sunday"": ""7:0-0:0""}"
GSHT0JSXO7GIvZxZbxrIUw__pizza,GSHT0JSXO7GIvZxZbxrIUw,Papa John's Pizza,Pizza,GSHT0JSXO7GIvZxZbxrIUw,Pizza,29.9760651,-90.0996008,-2157.345409,2178.428397,New Orleans,LA,2.0,6,0,2,,,,,,,,
W6de6OniXm3HttgRJvhvsA__coffee_and_tea,W6de6OniXm3HttgRJvhvsA,CC's Coffee House,Coffee & Tea,W6de6OniXm3HttgRJvhvsA,Coffee & Tea,29.9631532,-90.0835871,-614.585995,742.688641,New Orleans,LA,4.5,10,0,2,true,,true,,,free,,"{""Monday"": ""6:0-21:0"", ""Tuesday"": ""6:0-21:0"", ""Wednesday"": ""6:0-21:0"", ""Thursday"": ""6:0-21:0"", ""Friday"": ""6:0-21:0"", ""Saturday"": ""6:0-21:0"", ""Sunday"": ""7:0-19:0""}"
nYzCXMzSk8pjMnYVI6z3RA__beer,nYzCXMzSk8pjMnYVI6z3RA,Rouses Market,Beer,nYzCXMzSk8pjMnYVI6z3RA,Beer,29.9477429,-90.0743117,279.005785,-970.860904,New Orleans,LA,4.0,136,1,2,true,,,true,,,,"{""Monday"": ""7:0-22:0"", ""Tuesday"": ""7:0-22:0"", ""Wednesday"": ""7:0-22:0"", ""Thursday"": ""7:0-22:0"", ""Friday"": ""7:0-22:0"", ""Saturday"": ""7:0-22:0"", ""Sunday"": ""7:0-22:0""}"
iuScyUBSGVuFCD2inFoX-Q__specialty_food,iuScyUBSGVuFCD2inFoX-Q,Emmett's Specialty Meats,Specialty Food,iuScyUBSGVuFCD2inFoX-Q,Specialty Food,29.9444912,-90.1845498,-10341.329717,-1332.433947,New Orleans,LA,4.0,5,0,2,false,,,,,,,"{""Monday"": ""0:0-0:0"", ""Tuesday"": ""10:0-18:0"", ""Wednesday"": ""10:0-18:0"", ""Thursday"": ""10:0-18:0"", ""Friday"": ""10:0-18:0"", ""Saturday"": ""9:0-16:0""}"
OmsjHUh-b1Y7yVtB_DNotg__american_(new),OmsjHUh-b1Y7yVtB_DNotg,Ten Eleven,American (New),OmsjHUh-b1Y7yVtB_DNotg,American (New),29.9531420,-90.0737480,333.312627,-370.507547,New Orleans,LA,4.0,7,0,2,false,false,true,false,full_bar,free,romantic,"{""Monday"": ""16:0-22:0"", ""Tuesday"": ""16:0-22:0"", ""Wednesday"": ""16:0-22:0"", ""Thursday"": ""16:0-22:0"", ""Friday"": ""16:0-23:0"", ""Saturday"": ""16:0-23:0""}"
XhGLpXHdnA481n0aHDdkpQ__american_(traditional),XhGLpXHdnA481n0aHDdkpQ,Swizzle Stick Bar,American (Traditional),XhGLpXHdnA481n0aHDdkpQ,American (Traditional),29.9479951,-90.0661447,1065.814338,-942.817505,New Orleans,LA,4.0,145,0,2,true,false,false,false,full_bar,free,classy,"{""Monday"": ""11:0-23:0"", ""Tuesday"": ""11:0-23:0"", ""Wednesday"": ""11:0-23:0"", ""Thursday"": ""11:0-23:0"", ""Friday"": ""11:0-23:0"", ""Saturday"": ""10:0-23:0"", ""Sunday"": ""10:0-23:0""}"
L1rZAQjCJ8qNhpOsNqHGwA__cocktail_bars,L1rZAQjCJ8qNhpOsNqHGwA,Bourrée,Cocktail Bars,L1rZAQjCJ8qNhpOsNqHGwA,Cocktail Bars,29.9498047,-90.1278156,-4875.556861,-741.597476,New Orleans,LA,3.5,20,0,2,true,false,false,true,beer_and_wine,no,,"{""Tuesday"": ""12:0-0:0"", ""Wednesday"": ""12:0-0:0"", ""Thursday"": ""12:0-0:0"", ""Friday"": ""12:0-0:0"", ""Saturday"": ""12:0-0:0"", ""Sunday"": ""12:0-0:0""}"
boKv2_AvOSF2JRwrSoRI3g__sandwiches,boKv2_AvOSF2JRwrSoRI3g,City Greens,Sandwiches,boKv2_AvOSF2JRwrSoRI3g,Sandwiches,29.9641645,-90.1868914,-10566.915630,855.142538,New Orleans,LA,3.5,113,0,2,true,,true,true,none,free,casual,"{""Monday"": ""0:0-0:0"", ""Tuesday"": ""10:30-21:0"", ""Wednesday"": ""10:30-21:0"", ""Thursday"": ""10:30-21:0"", ""Friday"": ""10:30-21:0"", ""Saturday"": ""10:30-21:0"", ""Sunday"": ""10:30-20:0""}"
M_kUmrxKKvyxSC2VxtnMZQ__burgers,M_kUmrxKKvyxSC2VxtnMZQ,Winks World Famous Buttermilk Drop Bakery and Bistro,Burgers,M_kUmrxKKvyxSC2VxtnMZQ,Burgers,29.9485328,-90.0629003,1378.379745,-883.027911,New Orleans,LA,2.5,13,0,1,true,false,true,true,,,,"{""Monday"": ""9:0-21:0"", ""Tuesday"": ""9:0-21:0"", ""Wednesday"": ""9:0-21:0"", ""Thursday"": ""9:0-21:0"", ""Friday"": ""9:0-21:0"", ""Saturday"": ""9:0-21:0"", ""Sunday"": ""9:0-19:0""}"
Hz0p2RasO5tjll-AdjpJqw__cajun_creole,Hz0p2RasO5tjll-AdjpJqw,Corporation Bar & Grill,Cajun/Creole,Hz0p2RasO5tjll-AdjpJqw,Cajun/Creole,29.9419873,-90.0660822,1071.835587,-1610.855308,New Orleans,LA,4.0,185,1,1,true,false,true,false,full_bar,no,casual|divey,"{""Monday"": ""11:0-23:0"", ""Tuesday"": ""11:0-23:0"", ""Wednesday"": ""11:0-23:0"", ""Thursday"": ""11:0-0:0"", ""Friday"": ""11:0-2:0"", ""Saturday"": ""11:0-3:0"", ""Sunday"": ""11:0-0:0""}"
nBUkuRQKka_Li-cqdR_MBA__desserts,nBUkuRQKka_Li-cqdR_MBA,Pinkberry,Desserts,nBUkuRQKka_Li-cqdR_MBA,Desserts,29.9600446,-90.1850908,-10393.448525,397.029994,New Orleans,LA,3.5,14,0,1,true,,,,,no,,"{""Monday"": ""12:0-22:0"", ""Tuesday"": ""12:0-22:0"", ""Wednesday"": ""12:0-22:0"", ""Thursday"": ""12:0-22:0"", ""Friday"": ""12:0-23:0"", ""Saturday"": ""11:0-23:0"", ""Sunday"": ""11:0-23:0""}"
Cj8XGYTnuFQYpORBbOywUA__pizza,Cj8XGYTnuFQYpORBbOywUA,Italian Pie,Pizza,Cj8XGYTnuFQYpORBbOywUA,Pizza,29.9753170,-90.1003110,-2225.766058,2095.243357,New Orleans,LA,2.5,15,0,1,true,true,false,true,none,no,,"{""Monday"": ""11:0-22:0"", ""Tuesday"": ""11:0-22:0"", ""Wednesday"": ""11:0-22:0"", ""Thursday"": ""11:0-22:0"", ""Friday"": ""11:0-23:0"", ""Saturday"": ""11:0-23:0""}"
lok1BFflfV17T04k-Q-G9Q__venues_and_event_spaces,lok1BFflfV17T04k-Q-G9Q,Baldwin & Co.,Venues & Event Spaces,lok1BFflfV17T04k-Q-G9Q,Venues & Event Spaces,29.9682370,-90.0572160,1926.005049,1307.982189,New Orleans,LA,5.0,55,1,2,true,,true,,,,,"{""Monday"": ""7:0-18:0"", ""Tuesday"": ""7:0-18:0"", ""Wednesday"": ""7:0-18:0"", ""Thursday"": ""7:0-18:0"", ""Friday"": ""7:0-18:0"", ""Saturday"": ""7:0-18:0"", ""Sunday"": ""7:0-15:0""}"
QwawOSEJKaFd5yCYtrN6DQ__specialty_food,QwawOSEJKaFd5yCYtrN6DQ,Royal Praline Company,Specialty Food,QwawOSEJKaFd5yCYtrN6DQ,Specialty Food,29.9548726,-90.0673830,946.516551,-178.073341,New Orleans,LA,4.0,66,1,2,false,false,false,true,none,no,casual|touristy,"{""Monday"": ""0:0-0:0"", ""Tuesday"": ""9:0-22:0"", ""Wednesday"": ""9:0-22:0"", ""Thursday"": ""9:0-22:0"", ""Friday"": ""9:0-22:0"", ""Saturday"": ""9:0-22:0"", ""Sunday"": ""9:0-22:0""}"
z_37EXfWEVMV4telxsbGMw__coffee_and_tea,z_37EXfWEVMV4telxsbGMw,Cafe Du Monde Coffee Stand,Coffee & Tea,z_37EXfWEVMV4telxsbGMw,Coffee & Tea,29.9494290,-90.0628010,1387.946304,-783.374880,New Orleans,LA,4.0,140,0,1,,,true,,,no,,
OrpS_YNDY-pPevfnWXzV2Q__fast_food,OrpS_YNDY-pPevfnWXzV2Q,Burger King,Fast Food,OrpS_YNDY-pPevfnWXzV2Q,Fast Food,29.9899832,-90.0590222,1751.995791,3726.052643,New Orleans,LA,2.5,12,1,1,false,true,false,true,full_bar,free,,"{""Monday"": ""7:0-22:0"", ""Tuesday"": ""7:0-22:0"", ""Wednesday"": ""7:0-22:0"", ""Thursday"": ""7:0-22:0"", ""Friday"": ""6:0-20:0"", ""Saturday"": ""10:0-23:59"", ""Sunday"": ""7:0-22:0""}"
kjz72NN70ReOr-SnakKh_Q__pizza,kjz72NN70ReOr-SnakKh_Q,Papa John's Pizza,Pizza,kjz72NN70ReOr-SnakKh_Q,Pizza,30.0234592,-90.0239148,5134.241735,7448.419149,New Orleans,LA,1.5,5,0,1,,,,,,,,"{""Monday"": ""10:30-23:0"", ""Tuesday"": ""10:30-23:0"", ""Wednesday"": ""10:30-23:0"", ""Thursday"": ""10:30-23:0"", ""Friday"": ""10:30-0:0"", ""Saturday"": ""10:30-0:0"", ""Sunday"": ""10:30-23:0""}"
XwpjTjy_jwWGAlG_rt1Hrg__coffee_and_tea,XwpjTjy_jwWGAlG_rt1Hrg,Fatma's Cozy Corner,Coffee & Tea,XwpjTjy_jwWGAlG_rt1Hrg,Coffee & Tea,29.9664243,-90.0696219,730.820987,1106.418867,New Orleans,LA,5.0,128,1,1,true,true,true,true,none,free,casual|classy|intimate,"{""Monday"": ""7:0-17:0"", ""Tuesday"": ""7:0-17:0"", ""Wednesday"": ""7:0-17:0"", ""Thursday"": ""7:0-17:0"", ""Friday"": ""7:0-17:0"", ""Saturday"": ""7:0-17:0"", ""Sunday"": ""7:0-15:0""}"
5GctUoyvvfVS43ZMWtLKFA__cocktail_bars,5GctUoyvvfVS43ZMWtLKFA,Thalia,Cocktail Bars,5GctUoyvvfVS43ZMWtLKFA,Cocktail Bars,29.9380978,-90.0703153,664.018850,-2043.348573,New Orleans,LA,4.5,28,0,,,,,,full_bar,,classy,"{""Tuesday"": ""17:0-22:0"", ""Wednesday"": ""17:0-22:0"", ""Thursday"": ""17:0-22:0"", ""Friday"": ""17:0-22:0"", ""Saturday"": ""17:0-22:0""}"
1JXJbmiVaLK2Wc2-reqQ5w__fast_food,1JXJbmiVaLK2Wc2-reqQ5w,McDonald's,Fast Food,1JXJbmiVaLK2Wc2-reqQ5w,Fast Food,29.9335813,-90.0077431,6692.221469,-2545.561153,New Orleans,LA,1.5,17,1,1,true,true,false,true,none,free,,"{""Monday"": ""6:0-23:0"", ""Tuesday"": ""6:0-23:0"", ""Wednesday"": ""6:0-23:0"", ""Thursday"": ""6:0-23:0"", ""Friday"": ""6:0-0:0"", ""Saturday"": ""6:0-0:0"", ""Sunday"": ""6:0-23:0""}"
06NHXjVHiGKNpZ2XeajVkA__specialty_food,06NHXjVHiGKNpZ2XeajVkA,Magasin Vietnamese Cafe,Specialty Food,06NHXjVHiGKNpZ2XeajVkA,Specialty Food,29.9209952,-90.0991277,-2111.766968,-3945.073552,New Orleans,LA,4.0,295,1,2,true,false,true,true,none,no,casual,"{""Monday"": ""17:0-20:0"", ""Tuesday"": ""17:0-20:0"", ""Wednesday"": ""17:0-20:0"", ""Thursday"": ""17:0-20:0"", ""Friday"": ""17:0-20:0"", ""Saturday"": ""12:0-20:0""}"
uDYln8JtfxBpj5Vg04BRKQ__cajun_creole,uDYln8JtfxBpj5Vg04BRKQ,K Joe's,Cajun/Creole,uDYln8JtfxBpj5Vg04BRKQ,Cajun/Creole,29.9566959,-90.0666355,1018.530680,24.668649,New Orleans,LA,3.0,30,0,2,,,false,true,full_bar,,,
JlHO0nd0yXCQbiIIvJm2jQ__burgers,JlHO0nd0yXCQbiIIvJm2jQ,Bourbon Heat,Burgers,JlHO0nd0yXCQbiIIvJm2jQ,Burgers,29.9589054,-90.0655896,1119.292657,270.354179,New Orleans,LA,3.5,151,1,2,true,false,true,,full_bar,no,casual|classy|touristy,"{""Monday"": ""11:0-2:0"", ""Tuesday"": ""11:0-2:0"", ""Wednesday"": ""11:0-2:0"", ""Thursday"": ""11:0-2:0"", ""Friday"": ""11:0-2:0"", ""Saturday"": ""11:0-2:0"", ""Sunday"": ""11:0-2:0""}"
rZm_ttIRjTaQyVmD-Rk55A__coffee_and_tea,rZm_ttIRjTaQyVmD-Rk55A,PJ's Coffee,Coffee & Tea,rZm_ttIRjTaQyVmD-Rk55A,Coffee & Tea,29.9909660,-90.1091750,-3079.723572,3835.335168,New Orleans,LA,4.5,30,1,1,true,false,true,,,free,,"{""Monday"": ""6:0-18:0"", ""Tuesday"": ""6:0-18:0"", ""Wednesday"": ""6:0-18:0"", ""Thursday"": ""6:0-14:0"", ""Friday"": ""6:0-18:0"", ""Saturday"": ""6:0-17:0"", ""Sunday"": ""7:0-17:0""}"
ar-SQg2423FSVxRcaxorVg__american_(traditional),ar-SQg2423FSVxRcaxorVg,Saucy's BBQ,American (Traditional),ar-SQg2423FSVxRcaxorVg,American (Traditional),29.9207829,-90.0992263,-2121.266090,-3968.680267,New Orleans,LA,4.0,169,0,2,true,true,true,true,none,free,casual,"{""Monday"": ""0:0-0:0"", ""Tuesday"": ""17:0-21:0"", ""Wednesday"": ""11:0-14:0"", ""Thursday"": ""17:0-21:0"", ""Friday"": ""11:0-21:0"", ""Saturday"": ""11:0-21:0"", ""Sunday"": ""11:0-15:0""}"
d9dVFz8aR3drOoR5VYU8NQ__beer,d9dVFz8aR3drOoR5VYU8NQ,A and M Food Store,Beer,d9dVFz8aR3drOoR5VYU8NQ,Beer,29.9679479,-90.0619258,1472.259589,1275.837215,New Orleans,LA,5.0,5,1,1,true,false,,,,no,,"{""Monday"": ""6:0-1:0"", ""Tuesday"": ""6:0-1:0"", ""Wednesday"": ""6:0-1:0"", ""Thursday"": ""6:0-1:0"", ""Friday"": ""6:0-2:0"", ""Saturday"": ""6:0-2:0"", ""Sunday"": ""8:0-0:0""}"
8pzVSfj7R3yzOlTepfcIzA__coffee_and_tea,8pzVSfj7R3yzOlTepfcIzA,Royal Blend,Coffee & Tea,8pzVSfj7R3yzOlTepfcIzA,Coffee & Tea,29.9576905,-90.0653040,1146.807353,135.263276,New Orleans,LA,4.0,97,0,1,,,true,,,free,,"{""Monday"": ""6:0-20:0"", ""Tuesday"": ""6:0-20:0"", ""Wednesday"": ""6:0-20:0"", ""Thursday"": ""6:0-20:0"", ""Sunday"": ""6:0-18:0""}"
pKvKZCB0fq4KgtK2Pc0yaQ__seafood,pKvKZCB0fq4KgtK2Pc0yaQ,Budsi's Authentic Thai,Seafood,pKvKZCB0fq4KgtK2Pc0yaQ,Seafood,29.9671241,-90.0615640,1507.118850,1184.233185,New Orleans,LA,4.5,110,1,2,true,,true,,full_bar,,trendy,"{""Tuesday"": ""11:0-21:0"", ""Wednesday"": ""11:0-21:0"", ""Thursday"": ""11:0-21:0"", ""Friday"": ""11:0-22:0"", ""Saturday"": ""11:0-22:0"", ""Sunday"": ""11:0-21:0""}"
3TNpd3OD2a6DZcx9DI9Olw__american_(new),3TNpd3OD2a6DZcx9DI9Olw,Bouche,American (New),3TNpd3OD2a6DZcx9DI9Olw,American (New),29.9442115,-90.0673792,946.881650,-1363.538068,New Orleans,LA,4.0,34,0,2,true,false,false,false,full_bar,no,hipster,"{""Wednesday"": ""16:0-23:0"", ""Thursday"": ""16:0-23:0"", ""Friday"": ""16:0-1:0"", ""Saturday"": ""16:0-1:0""}"
EagkHaaC-kUozD3MPzbRIw__breakfast_and_brunch,EagkHaaC-kUozD3MPzbRIw,Stanley,Breakfast & Brunch,EagkHaaC-kUozD3MPzbRIw,Breakfast & Brunch,29.9582502,-90.0629232,1376.169763,197.495937,New Orleans,LA,4.0,2406,1,2,,true,,true,full_bar,no,casual|classy,"{""Monday"": ""0:0-0:0"", ""Thursday"": ""8:0-15:0"", ""Friday"": ""8:0-16:0"", ""Saturday"": ""8:0-16:0"", ""Sunday"": ""8:0-16:0""}"
E8_9MKASoMIDD6HWl8gZwg__coffee_and_tea,E8_9MKASoMIDD6HWl8gZwg,Lovage,Coffee & Tea,E8_9MKASoMIDD6HWl8gZwg,Coffee & Tea,29.9482258,-90.0721782,484.547115,-917.164800,New Orleans,LA,4.0,10,1,,true,false,true,,beer_and_wine,free,classy,"{""Monday"": ""7:0-21:0"", ""Tuesday"": ""7:0-21:0"", ""Wednesday"": ""7:0-21:0"", ""Thursday"": ""7:0-21:0"", ""Friday"": ""7:0-21:0"", ""Saturday"": ""7:0-21:0"", ""Sunday"": ""7:0-21:0""}"
KGfw-g_JtizLJb4YmRB2Ig__american_(new),KGfw-g_JtizLJb4YmRB2Ig,Mariza,American (New),KGfw-g_JtizLJb4YmRB2Ig,American (New),29.9628451,-90.0481033,2803.922604,708.427813,New Orleans,LA,4.0,169,0,2,true,false,false,false,full_bar,no,trendy,"{""Monday"": ""0:0-0:0"", ""Tuesday"": ""17:0-22:0"", ""Wednesday"": ""17:0-22:0"", ""Thursday"": ""17:0-22:0"", ""Friday"": ""17:0-23:0"", ""Saturday"": ""17:0-23:0""}"
g0xusCGinC1EZEWO_mQOlA__art_galleries,g0xusCGinC1EZEWO_mQOlA,A to Z Framing,Art Galleries,g0xusCGinC1EZEWO_mQOlA,Art Galleries,30.0166270,-90.0566141,1983.992079,6688.712122,New Orleans,LA,5.0,7,1,,,,,,,,,"{""Monday"": ""0:0-0:0"", ""Tuesday"": ""9:30-17:0"", ""Wednesday"": ""9:30-17:0"", ""Thursday"": ""9:30-17:0"", ""Friday"": ""9:30-17:0""}"
auZbZhgtKOppjDEikrIeNw__seafood,auZbZhgtKOppjDEikrIeNw,Bacco Restaurant,Seafood,auZbZhgtKOppjDEikrIeNw,Seafood,29.9544888,-90.0663571,1045.351728,-220.750013,New Orleans,LA,4.0,57,0,3,false,false,true,false,full_bar,,,"{""Monday"": ""11:30-21:30"", ""Tuesday"": ""11:30-21:30"", ""Wednesday"": ""11:30-21:30"", ""Thursday"": ""11:30-21:30"", ""Friday"": ""11:30-22:0"", ""Saturday"": ""11:30-22:0"", ""Sunday"": ""11:0-21:30""}"
GIo6CTonm96GbnHqLsw04g__venues_and_event_spaces,GIo6CTonm96GbnHqLsw04g,House of Blues New Orleans,Venues & Event Spaces,GIo6CTonm96GbnHqLsw04g,Venues & Event Spaces,29.9533488,-90.0662829,1052.500154,-347.512404,New Orleans,LA,3.5,479,1,2,true,,true,true,full_bar,free,casual,"{""Thursday"": ""15:0-21:0"", ""Friday"": ""15:0-22:0"", ""Saturday"": ""15:0-22:0""}"
95d60_mjUg2kLy-bhDLC6w__pizza,95d60_mjUg2kLy-bhDLC6w,Theo's Neighborhood Pizza,Pizza,95d60_mjUg2kLy-bhDLC6w,Pizza,29.9738573,-90.1003987,-2234.215073,1932.931899,New Orleans,LA,4.0,144,1,2,true,false,true,true,beer_and_wine,no,casual,"{""Tuesday"": ""11:0-21:0"", ""Wednesday"": ""11:0-21:0"", ""Thursday"": ""11:0-21:0"", ""Friday"": ""11:0-22:0"", ""Saturday"": ""11:0-22:0"", ""Sunday"": ""12:0-21:0""}"
RLlOK2fL6xU1sfIPiP2QBw__southern,RLlOK2fL6xU1sfIPiP2QBw,Deanie's Seafood,Southern,RLlOK2fL6xU1sfIPiP2QBw,Southern,29.9553470,-90.0698060,713.084798,-125.322395,New Orleans,LA,3.5,2473,1,2,true,false,false,true,full_bar,free,casual|classy,"{""Monday"": ""0:0-0:0"", ""Tuesday"": ""11:0-22:0"", ""Wednesday"": ""11:0-22:0"", ""Thursday"": ""11:0-22:0"", ""Friday"": ""11:0-22:0"", ""Saturday"": ""11:0-22:0"", ""Sunday"": ""11:0-22:0""}"
YxZJXr_a-Oie6O-Lk9C6zA__cafes,YxZJXr_a-Oie6O-Lk9C6zA,Another Broken Egg Cafe,Cafes,YxZJXr_a-Oie6O-Lk9C6zA,Cafes,30.0050572,-90.1090495,-3067.632906,5402.207283,New Orleans,LA,3.5,359,1,2,true,true,,true,full_bar,free,casual,"{""Monday"": ""0:0-0:0"", ""Tuesday"": ""7:0-14:0"", ""Wednesday"": ""7:0-14:0"", ""Thursday"": ""7:0-14:0"", ""Friday"": ""7:0-14:0"", ""Saturday"": ""7:0-14:0"", ""Sunday"": ""7:0-14:0""}"
G6BsgXWHqddv-bGKS1NcyA__cafes,G6BsgXWHqddv-bGKS1NcyA,Hickory Cafe & Grill,Cafes,G6BsgXWHqddv-bGKS1NcyA,Cafes,29.9572432,-90.2029787,-12116.769433,85.525716,New Orleans,LA,4.0,57,1,1,true,true,false,true,none,no,casual,"{""Monday"": ""0:0-0:0"", ""Tuesday"": ""7:0-15:0"", ""Wednesday"": ""7:0-15:0"", ""Thursday"": ""7:0-15:0"", ""Friday"": ""7:0-15:0"", ""Saturday"": ""9:0-14:30""}"
u7rm1NtXdBqmwxx5hbMNjw__fitness_and_instruction,u7rm1NtXdBqmwxx5hbMNjw,Crossfit NOLA -Downtown,Fitness & Instruction,u7rm1NtXdBqmwxx5hbMNjw,Fitness & Instruction,29.9380040,-90.0716990,530.713230,-2053.778671,New Orleans,LA,5.0,22,1,,,,,true,,,,"{""Monday"": ""5:30-19:0"", ""Tuesday"": ""5:30-19:0"", ""Wednesday"": ""5:30-19:0"", ""Thursday"": ""5:30-19:0"", ""Friday"": ""5:30-19:0"", ""Saturday"": ""9:0-12:0"", ""Sunday"": ""9:30-11:30""}"
yYr6etwcJPbJCXVc2FvOIg__beer,yYr6etwcJPbJCXVc2FvOIg,Ursa Major,Beer,yYr6etwcJPbJCXVc2FvOIg,Beer,29.9501148,-90.0742893,281.163800,-707.117294,New Orleans,LA,3.5,31,0,3,true,false,false,false,full_bar,no,trendy,"{""Monday"": ""11:0-22:0"", ""Tuesday"": ""11:0-22:0"", ""Wednesday"": ""11:0-22:0"", ""Thursday"": ""11:0-22:0"", ""Friday"": ""11:0-23:0"", ""Saturday"": ""17:0-23:0"", ""Sunday"": ""17:0-22:0""}"
Tpc-9OGNmHSGzxa5RT4IDA__coffee_and_tea,Tpc-9OGNmHSGzxa5RT4IDA,Edison’s Espresso & Tea Bar,Coffee & Tea,Tpc-9OGNmHSGzxa5RT4IDA,Coffee & Tea,29.9535726,-90.0749712,215.467492,-322.630003,New Orleans,LA,3.5,15,1,,true,false,,,none,free,,"{""Monday"": ""8:0-19:0"", ""Tuesday"": ""8:0-19:0"", ""Wednesday"": ""8:0-19:0"", ""Thursday"": ""8:0-19:0"", ""Friday"": ""8:0-19:0"", ""Saturday"": ""8:0-19:0"", ""Sunday"": ""8:0-19:0""}"
zVUgD30JzlxUke3IHTlGTg__desserts,zVUgD30JzlxUke3IHTlGTg,Leo’s Bread,Desserts,zVUgD30JzlxUke3IHTlGTg,Desserts,29.9756175,-90.0762744,89.916238,2128.657323,New Orleans,LA,4.5,11,1,,,,true,,,,,"{""Wednesday"": ""8:0-14:0"", ""Thursday"": ""8:0-14:0"", ""Friday"": ""8:0-14:0"", ""Saturday"": ""8:0-14:0"", ""Sunday"": ""8:0-14:0""}"
4-by_flBJX3k2U0gVfcntQ__american_(traditional),4-by_flBJX3k2U0gVfcntQ,The Boot Bar and Grill,American (Traditional),4-by_flBJX3k2U0gVfcntQ,American (Traditional),29.9411151,-90.1234407,-4454.080715,-1707.839657,New Orleans,LA,2.5,81,1,1,true,false,true,false,full_bar,free,divey,"{""Monday"": ""11:0-5:0"", ""Tuesday"": ""11:0-5:0"", ""Wednesday"": ""11:0-5:0"", ""Thursday"": ""11:0-5:0"", ""Friday"": ""11:0-5:0"", ""Saturday"": ""11:0-5:0"", ""Sunday"": ""11:0-5:0""}"
Ztbcpzx9sQdNQnKx8yghTA__venues_and_event_spaces,Ztbcpzx9sQdNQnKx8yghTA,Sidecar Nola Patio & Oyster Bar,Venues & Event Spaces,Ztbcpzx9sQdNQnKx8yghTA,Venues & Event Spaces,29.9405400,-90.0691840,773.008261,-1771.787948,New Orleans,LA,4.5,62,1,,true,,true,,,free,,"{""Wednesday"": ""17:0-22:0"", ""Thursday"": ""17:0-22:0"", ""Friday"": ""17:0-23:0"", ""Saturday"": ""12:0-23:0"", ""Sunday"": ""11:0-22:0""}"
ChlcxTEoWBQJXJ2Xb2vm5g__southern,ChlcxTEoWBQJXJ2Xb2vm5g,NOLA Restaurant,Southern,ChlcxTEoWBQJXJ2Xb2vm5g,Southern,29.9555891,-90.0650722,1169.135991,-98.403467,New Orleans,LA,4.0,2417,1,2,false,false,false,true,full_bar,no,classy,"{""Monday"": ""11:30-22:0"", ""Tuesday"": ""17:0-22:0"", ""Wednesday"": ""11:30-22:0"", ""Thursday"": ""11:30-22:0"", ""Friday"": ""11:30-23:0"", ""Saturday"": ""11:30-23:0"", ""Sunday"": ""11:30-22:0""}"
WRFhNoO4W3-KK9tDBv49wQ__sandwiches,WRFhNoO4W3-KK9tDBv49wQ,Blue Line Sandwich,Sandwiches,WRFhNoO4W3-KK9tDBv49wQ,Sandwiches,29.9499788,-90.0748774,224.506262,-722.239824,New Orleans,LA,4.5,38,0,,true,true,true,true,full_bar,free,,"{""Monday"": ""7:0-14:0"", ""Tuesday"": ""7:0-14:0"", ""Wednesday"": ""7:0-14:0"", ""Thursday"": ""7:0-14:0"", ""Friday"": ""7:0-14:0""}"
gTC8IQ_i8zXytWSly3Ttvg__specialty_food,gTC8IQ_i8zXytWSly3Ttvg,Cochon Butcher,Specialty Food,gTC8IQ_i8zXytWSly3Ttvg,Specialty Food,29.9422359,-90.0670981,973.959888,-1583.216003,New Orleans,LA,4.5,3837,1,2,true,true,true,true,full_bar,no,casual|classy,"{""Monday"": ""11:0-22:0"", ""Tuesday"": ""11:0-22:0"", ""Wednesday"": ""11:0-22:0"", ""Thursday"": ""11:0-22:0"", ""Friday"": ""11:0-22:0"", ""Saturday"": ""11:0-22:0"", ""Sunday"": ""11:0-22:0""}"
CG1Bb2MTraJYTHCPFm72XA__cocktail_bars,CG1Bb2MTraJYTHCPFm72XA,Red Dog Diner,Cocktail Bars,CG1Bb2MTraJYTHCPFm72XA,Cocktail Bars,29.9244039,-90.0860022,-847.255091,-3566.037445,New Orleans,LA,4.5,800,1,2,true,true,true,true,full_bar,no,casual|classy,"{""Monday"": ""0:0-0:0"", ""Tuesday"": ""11:0-15:0"", ""Wednesday"": ""11:0-15:0"", ""Thursday"": ""11:0-15:0"", ""Friday"": ""11:0-15:0""}"
cp2ZSHXibAxCHvJoPPyLag__cafes,cp2ZSHXibAxCHvJoPPyLag,Schiro's Cafe,Cafes,cp2ZSHXibAxCHvJoPPyLag,Cafes,29.9649917,-90.0519297,2435.287074,947.124387,New Orleans,LA,4.0,65,0,1,true,false,true,true,full_bar,free,divey,"{""Monday"": ""9:0-22:0"", ""Tuesday"": ""9:0-22:0"", ""Wednesday"": ""9:0-22:0"", ""Thursday"": ""9:0-22:0"", ""Friday"": ""9:0-22:0"", ""Saturday"": ""9:0-22:0""}"
T3hRVrL3Yyy27iOvvKW8Ig__beer,T3hRVrL3Yyy27iOvvKW8Ig,NOLA Smokehouse,Beer,T3hRVrL3Yyy27iOvvKW8Ig,Beer,29.9335594,-90.0700051,693.903509,-2547.996325,New Orleans,LA,4.5,12,0,2,true,true,true,false,full_bar,free,,
ECOUuwE5H1HHE8xBfNAjFg__venues_and_event_spaces,ECOUuwE5H1HHE8xBfNAjFg,Crescent City Brewhouse,Venues & Event Spaces,ECOUuwE5H1HHE8xBfNAjFg,Venues & Event Spaces,29.9556850,-90.0638880,1283.224754,-87.738458,New Orleans,LA,3.5,929,1,2,true,false,true,true,full_bar,no,casual|classy,"{""Monday"": ""12:0-20:0"", ""Thursday"": ""12:0-20:0"", ""Friday"": ""11:0-22:0"", ""Saturday"": ""11:0-22:0"", ""Sunday"": ""11:0-20:0""}"
wXyHGKmlvQUBGexb2my0JQ__burgers,wXyHGKmlvQUBGexb2my0JQ,Tru Burger,Burgers,wXyHGKmlvQUBGexb2my0JQ,Burgers,29.9477866,-90.1300950,-5095.155793,-966.001679,New Orleans,LA,3.5,244,1,1,true,false,false,true,none,free,casual,"{""Tuesday"": ""11:0-17:0"", ""Wednesday"": ""11:0-17:0"", ""Thursday"": ""11:0-17:0"", ""Friday"": ""11:0-17:0"", ""Saturday"": ""11:0-17:0""}"
gnA8OvQ7GmXaMmJ1mdiOtg__specialty_food,gnA8OvQ7GmXaMmJ1mdiOtg,Robért Fresh Market,Specialty Food,gnA8OvQ7GmXaMmJ1mdiOtg,Specialty Food,30.0201570,-90.1124661,-3396.788055,7081.230755,New Orleans,LA,3.5,43,1,2,true,true,,,,,,"{""Monday"": ""7:0-21:0"", ""Tuesday"": ""7:0-21:0"", ""Wednesday"": ""7:0-21:0"", ""Thursday"": ""7:0-21:0"", ""Friday"": ""7:0-21:0"", ""Saturday"": ""7:0-21:0"", ""Sunday"": ""7:0-21:0""}"
QsgDdC2znJ763rFHilncZQ__pizza,QsgDdC2znJ763rFHilncZQ,Wood Pizza Bistro and Taphouse,Pizza,QsgDdC2znJ763rFHilncZQ,Pizza,29.9421671,-90.0678338,903.086491,-1590.862433,New Orleans,LA,3.5,266,0,2,true,false,true,true,full_bar,free,casual,
956T4LrfnQCeiCtm9YXxTg__cafes,956T4LrfnQCeiCtm9YXxTg,G & O Food Company,Cafes,956T4LrfnQCeiCtm9YXxTg,Cafes,29.9529310,-90.0731310,392.754390,-393.969709,New Orleans,LA,3.5,13,0,1,true,false,true,true,full_bar,,trendy,"{""Monday"": ""6:0-18:0"", ""Tuesday"": ""6:0-18:0"", ""Wednesday"": ""6:0-18:0"", ""Thursday"": ""6:0-18:0"", ""Friday"": ""6:0-18:0""}"
eLjXnfYwkr8zz0VhwMhOGw__pizza,eLjXnfYwkr8zz0VhwMhOGw,Pizza Domenica,Pizza,eLjXnfYwkr8zz0VhwMhOGw,Pizza,29.9204508,-90.1088673,-3050.076160,-4005.608309,New Orleans,LA,4.0,419,1,2,true,true,true,true,full_bar,free,casual|classy|trendy,"{""Monday"": ""0:0-0:0"", ""Tuesday"": ""12:0-21:0"", ""Wednesday"": ""12:0-21:0"", ""Thursday"": ""12:0-21:0"", ""Friday"": ""12:0-21:0"", ""Saturday"": ""12:0-21:0"", ""Sunday"": ""15:0-21:0""}"
SKF4qb2uwAvvvDeVEGSrPw__fitness_and_instruction,SKF4qb2uwAvvvDeVEGSrPw,NOLA Aikido,Fitness & Instruction,SKF4qb2uwAvvvDeVEGSrPw,Fitness & Instruction,29.9753940,-90.0967569,-1883.367544,2103.808081,New Orleans,LA,5.0,5,1,,,,,true,,,,"{""Monday"": ""16:0-20:0"", ""Tuesday"": ""16:0-20:0"", ""Wednesday"": ""16:0-20:30"", ""Thursday"": ""16:0-20:0"", ""Friday"": ""11:0-12:0"", ""Saturday"": ""10:0-13:0"", ""Sunday"": ""15:30-17:30""}"
6XZlRSgdUsEDPlYurRgpMw__coffee_and_tea,6XZlRSgdUsEDPlYurRgpMw,Sacred Grinds,Coffee & Tea,6XZlRSgdUsEDPlYurRgpMw,Coffee & Tea,29.9817117,-90.1108610,-3242.157014,2806.302748,New Orleans,LA,4.5,81,1,1,true,,true,,,free,,"{""Monday"": ""7:0-19:0"", ""Tuesday"": ""7:0-19:0"", ""Wednesday"": ""7:0-19:0"", ""Thursday"": ""7:0-19:0"", ""Friday"": ""7:0-19:0"", ""Saturday"": ""7:0-19:0"", ""Sunday"": ""7:0-18:0""}"
Yr2SUyNncEwy-LgE-eU7kQ__specialty_food,Yr2SUyNncEwy-LgE-eU7kQ,Nola Crawfish King Seafood & Barbecue,Specialty Food,Yr2SUyNncEwy-LgE-eU7kQ,Specialty Food,30.0127688,-90.0506133,2562.108984,6259.699263,New Orleans,LA,4.0,40,1,2,true,true,,true,,,,"{""Wednesday"": ""11:0-19:0"", ""Thursday"": ""11:0-19:0"", ""Friday"": ""11:0-19:0"", ""Saturday"": ""11:0-19:0"", ""Sunday"": ""11:0-19:0""}"
cIBr1KeRLTpgvTpF8z2nFQ__beer,cIBr1KeRLTpgvTpF8z2nFQ,The Jimani,Beer,cIBr1KeRLTpgvTpF8z2nFQ,Beer,29.9535100,-90.0675470,930.716795,-329.587757,New Orleans,LA,3.5,226,1,1,true,,false,false,full_bar,no,divey,"{""Monday"": ""11:30-8:0"", ""Tuesday"": ""11:30-8:0"", ""Wednesday"": ""11:30-8:0"", ""Thursday"": ""11:30-8:0"", ""Friday"": ""11:30-8:0"", ""Saturday"": ""11:30-8:0"", ""Sunday"": ""11:30-8:0""}"
6C0IhZMfk7mhpjTBcdsX1g__desserts,6C0IhZMfk7mhpjTBcdsX1g,Lakeview Brew Coffee Cafe,Desserts,6C0IhZMfk7mhpjTBcdsX1g,Desserts,29.9921184,-90.1099872,-3157.970898,3963.476379,New Orleans,LA,4.0,61,1,2,true,true,true,true,none,free,,"{""Monday"": ""0:0-0:0"", ""Tuesday"": ""7:0-14:0"", ""Wednesday"": ""7:0-15:0"", ""Thursday"": ""7:0-15:0"", ""Friday"": ""7:0-15:0"", ""Saturday"": ""7:0-15:0""}"
07Oi7QojmT30vgNEtWgoCA__art_galleries,07Oi7QojmT30vgNEtWgoCA,Derby Pottery & Tile,Art Galleries,07Oi7QojmT30vgNEtWgoCA,Art Galleries,29.9307800,-90.0754270,171.557813,-2857.051931,New Orleans,LA,4.5,11,1,3,,,,,,,,"{""Monday"": ""10:30-17:0"", ""Tuesday"": ""10:30-17:0"", ""Wednesday"": ""10:30-17:0"", ""Thursday"": ""10:30-17:0"", ""Friday"": ""10:30-17:0"", ""Saturday"": ""10:30-17:0""}"
GdBAh4I4UEHyMyUnBg9Gqw__specialty_food,GdBAh4I4UEHyMyUnBg9Gqw,Van's Snowballs,Specialty Food,GdBAh4I4UEHyMyUnBg9Gqw,Specialty Food,29.9326762,-90.0048644,6969.556744,-2646.203820,New Orleans,LA,3.0,20,1,1,true,false,,,none,no,,"{""Monday"": ""11:0-18:0"", ""Tuesday"": ""11:0-18:0"", ""Wednesday"": ""11:0-18:0"", ""Thursday"": ""11:0-18:0"", ""Friday"": ""11:0-18:0"", ""Saturday"": ""11:0-18:0"", ""Sunday"": ""11:0-18:0""}"
kqh6VqnflT0PD78A9VAEgA__desserts,kqh6VqnflT0PD78A9VAEgA,Ye Olde Bake Shoppe,Desserts,kqh6VqnflT0PD78A9VAEgA,Desserts,29.9606099,-90.1160464,-3741.714058,459.886193,New Orleans,LA,2.5,6,0,1,true,false,true,true,,,,"{""Monday"": ""7:0-17:0"", ""Tuesday"": ""7:0-17:0"", ""Wednesday"": ""7:0-17:0"", ""Thursday"": ""7:0-17:0"", ""Friday"": ""7:0-17:0"", ""Saturday"": ""7:0-17:0""}"
a0EbgidUvF5DdlOumRh9_g__fast_food,a0EbgidUvF5DdlOumRh9_g,Wendy's,Fast Food,a0EbgidUvF5DdlOumRh9_g,Fast Food,29.9159975,-90.1186644,-3993.929495,-4500.790358,New Orleans,LA,1.5,30,1,1,true,true,false,true,none,,,"{""Monday"": ""10:30-1:0"", ""Tuesday"": ""10:30-1:0"", ""Wednesday"": ""10:30-1:0"", ""Thursday"": ""10:30-1:0"", ""Friday"": ""10:30-2:0"", ""Saturday"": ""10:30-2:0"", ""Sunday"": ""10:30-1:0""}"
854d-ziK_hQFmbNdvF3ZsA__cafes,854d-ziK_hQFmbNdvF3ZsA,LUCA eats,Cafes,854d-ziK_hQFmbNdvF3ZsA,Cafes,29.9487468,-90.1199507,-4117.856697,-859.232908,New Orleans,LA,4.5,166,1,1,true,false,true,true,none,free,casual,"{""Monday"": ""7:0-14:30"", ""Tuesday"": ""7:0-14:30"", ""Wednesday"": ""7:0-14:30"", ""Thursday"": ""7:0-14:30"", ""Friday"": ""7:0-14:30"", ""Saturday"": ""7:0-14:30"", ""Sunday"": ""7:0-14:30""}"
SeLObMnlgTwz8PoT_gSZ0Q__cocktail_bars,SeLObMnlgTwz8PoT_gSZ0Q,The Bower Bar,Cocktail Bars,SeLObMnlgTwz8PoT_gSZ0Q,Cocktail Bars,29.9377653,-90.0712579,573.208792,-2080.320937,New Orleans,LA,4.5,54,1,2,,,true,,full_bar,,classy,"{""Monday"": ""16:0-21:0"", ""Tuesday"": ""16:0-21:0"", ""Wednesday"": ""16:0-21:0"", ""Thursday"": ""16:0-21:0"", ""Friday"": ""16:0-22:0"", ""Saturday"": ""16:0-22:0""}"
Ye5nmTmZ7cL7BQshqZeIWQ__burgers,Ye5nmTmZ7cL7BQshqZeIWQ,McClure's,Burgers,Ye5nmTmZ7cL7BQshqZeIWQ,Burgers,29.9200402,-90.0812295,-387.454876,-4051.264854,New Orleans,LA,4.0,276,0,2,true,false,false,true,none,no,casual,"{""Monday"": ""11:0-21:0"", ""Tuesday"": ""11:0-21:0"", ""Wednesday"": ""11:0-21:0"", ""Thursday"": ""11:0-21:0"", ""Friday"": ""11:0-21:0"", ""Saturday"": ""11:0-21:0"", ""Sunday"": ""11:0-21:0""}"
nDAPnat5OFsNYAqFUCtVxg__american_(new),nDAPnat5OFsNYAqFUCtVxg,Empanada Intifada,American (New),nDAPnat5OFsNYAqFUCtVxg,American (New),29.9682679,-90.0326531,4292.394155,1311.418117,New Orleans,LA,4.0,6,0,1,,,false,,,,,
DsQw8P9fU8rfaKj2OFHZEw__breakfast_and_brunch,DsQw8P9fU8rfaKj2OFHZEw,Diva Dawg,Breakfast & Brunch,DsQw8P9fU8rfaKj2OFHZEw,Breakfast & Brunch,29.9312990,-90.0738930,319.343331,-2799.341684,New Orleans,LA,3.5,34,0,2,true,true,true,true,none,free,divey|trendy,"{""Monday"": ""11:0-20:0"", ""Tuesday"": ""11:0-18:0"", ""Wednesday"": ""8:0-18:0"", ""Thursday"": ""8:0-20:0"", ""Friday"": ""8:0-21:0"", ""Saturday"": ""10:0-21:0"", ""Sunday"": ""10:0-16:0""}"
DoINRSXLGdZLYEKxs0gOPA__cajun_creole,DoINRSXLGdZLYEKxs0gOPA,Jazz Gumbo,Cajun/Creole,DoINRSXLGdZLYEKxs0gOPA,Cajun/Creole,29.9512480,-90.0667556,1006.955635,-581.108805,New Orleans,LA,2.5,7,1,1,,,false,,beer_and_wine,,,
qs9HgJkLAqd2B5QvjJEx2A__american_(new),qs9HgJkLAqd2B5QvjJEx2A,Slidershak Food Truck,American (New),qs9HgJkLAqd2B5QvjJEx2A,American (New),29.9219677,-90.1073935,-2908.093912,-3836.936336,New Orleans,LA,3.5,8,0,1,true,false,true,true,none,,,
s_uuOfUsRMr8jxr1ofsE-Q__fast_food,s_uuOfUsRMr8jxr1ofsE-Q,Ming Garden,Fast Food,s_uuOfUsRMr8jxr1ofsE-Q,Fast Food,29.9749520,-90.0796956,-239.678992,2054.657153,New Orleans,LA,3.5,50,1,1,true,true,false,true,none,no,casual,"{""Monday"": ""10:30-22:0"", ""Tuesday"": ""10:30-22:0"", ""Wednesday"": ""10:30-22:0"", ""Thursday"": ""10:30-22:0"", ""Friday"": ""10:30-22:0"", ""Saturday"": ""10:30-22:0"", ""Sunday"": ""11:0-22:0""}"
LckFAbXUoRLQDE0EoDfmiQ__cajun_creole,LckFAbXUoRLQDE0EoDfmiQ,Magazine Discount Market,Cajun/Creole,LckFAbXUoRLQDE0EoDfmiQ,Cajun/Creole,29.9306515,-90.0746463,246.770430,-2871.340499,New Orleans,LA,1.5,5,1,1,,,,,,,,
RatJCtQ8j4cG80vAPr9UAw__fast_food,RatJCtQ8j4cG80vAPr9UAw,Subway,Fast Food,RatJCtQ8j4cG80vAPr9UAw,Fast Food,29.9831659,-90.1048695,-2664.929789,2967.999376,New Orleans,LA,2.5,5,1,1,true,true,false,true,none,free,,"{""Monday"": ""8:0-21:0"", ""Tuesday"": ""8:0-21:0"", ""Wednesday"": ""8:0-21:0"", ""Thursday"": ""8:0-21:0"", ""Friday"": ""8:0-21:0"", ""Saturday"": ""8:0-21:0"", ""Sunday"": ""9:0-21:0""}"
EYh3aE3mqmQ3k9Laznc58A__specialty_food,EYh3aE3mqmQ3k9Laznc58A,Mary's Ace Hardware,Specialty Food,EYh3aE3mqmQ3k9Laznc58A,Specialty Food,29.9610501,-90.0675783,927.701354,508.834267,New Orleans,LA,4.0,47,1,2,,,,,,,,"{""Monday"": ""8:0-18:0"", ""Tuesday"": ""8:0-18:0"", ""Wednesday"": ""8:0-18:0"", ""Thursday"": ""8:0-18:0"", ""Friday"": ""8:0-18:0"", ""Saturday"": ""9:0-18:0"", ""Sunday"": ""10:0-17:0""}"
zurZgdE3W9jJnU6VAgTdSg__cafes,zurZgdE3W9jJnU6VAgTdSg,Cherry Coffee Roasters,Cafes,zurZgdE3W9jJnU6VAgTdSg,Cafes,29.9328800,-90.0731803,388.004829,-2623.542262,New Orleans,LA,4.5,53,0,1,true,false,true,true,none,free,,"{""Monday"": ""7:0-13:0"", ""Tuesday"": ""7:0-17:0"", ""Wednesday"": ""7:0-13:0"", ""Thursday"": ""7:0-17:0"", ""Friday"": ""7:0-17:0"", ""Saturday"": ""7:0-17:0"", ""Sunday"": ""7:0-17:0""}"
i5oTNLL81YW4Y9-xdGb4xw__coffee_and_tea,i5oTNLL81YW4Y9-xdGb4xw,Twisted Waffles,Coffee & Tea,i5oTNLL81YW4Y9-xdGb4xw,Coffee & Tea,29.9356040,-90.0692593,765.753861,-2320.646864,New Orleans,LA,4.0,116,1,2,true,true,true,,,free,,"{""Friday"": ""7:30-15:0"", ""Saturday"": ""7:30-15:0"", ""Sunday"": ""7:30-15:0""}"
PiWXuHFgv7YcxSMJ2pTGAQ__venues_and_event_spaces,PiWXuHFgv7YcxSMJ2pTGAQ,Pat O's On The River,Venues & Event Spaces,PiWXuHFgv7YcxSMJ2pTGAQ,Venues & Event Spaces,29.9559253,-90.0629624,1372.397032,-61.018280,New Orleans,LA,4.5,7,1,3,,false,,,full_bar,,,"{""Monday"": ""12:0-0:0"", ""Tuesday"": ""12:0-0:0"", ""Wednesday"": ""12:0-0:0"", ""Thursday"": ""12:0-0:0"", ""Friday"": ""10:0-0:0"", ""Saturday"": ""10:0-0:0"", ""Sunday"": ""10:0-0:0""}"
CcAtO2dgxzG58x6sze8dlg__desserts,CcAtO2dgxzG58x6sze8dlg,Loretta's Authentic Pralines,Desserts,CcAtO2dgxzG58x6sze8dlg,Desserts,29.9602863,-90.0588577,1767.843717,423.903465,New Orleans,LA,4.5,279,1,1,true,true,,true,,,,"{""Monday"": ""0:0-0:0"", ""Thursday"": ""9:0-17:0"", ""Friday"": ""9:0-17:0"", ""Saturday"": ""9:0-17:0"", ""Sunday"": ""9:0-17:0""}"
lUiBqk_EDh5ZkaWPsv-3iw__american_(new),lUiBqk_EDh5ZkaWPsv-3iw,Kermit's Treme Speakeasy Restaurant,American (New),lUiBqk_EDh5ZkaWPsv-3iw,American (New),29.9637960,-90.0719390,507.591637,814.164838,New Orleans,LA,4.0,29,0,1,true,false,false,false,full_bar,no,casual,"{""Monday"": ""12:0-20:0"", ""Wednesday"": ""12:0-20:0"", ""Thursday"": ""12:0-20:0"", ""Friday"": ""12:0-20:0"", ""Saturday"": ""12:0-20:0"", ""Sunday"": ""12:0-22:0""}"
Xr4uSGL7ybckctT80JvALg__specialty_food,Xr4uSGL7ybckctT80JvALg,New Orleans Food Co-Op,Specialty Food,Xr4uSGL7ybckctT80JvALg,Specialty Food,29.9685946,-90.0523981,2390.161402,1347.745550,New Orleans,LA,3.5,77,1,3,true,,,,,,,"{""Monday"": ""9:0-21:0"", ""Tuesday"": ""9:0-21:0"", ""Wednesday"": ""9:0-21:0"", ""Thursday"": ""9:0-21:0"", ""Friday"": ""9:0-21:0"", ""Saturday"": ""9:0-21:0"", ""Sunday"": ""9:0-21:0""}"
Bj7DL3SwmYHZYqPduAsa2w__sandwiches,Bj7DL3SwmYHZYqPduAsa2w,Johnny's Po-Boys,Sandwiches,Bj7DL3SwmYHZYqPduAsa2w,Sandwiches,29.9554051,-90.0644766,1226.519046,-118.861961,New Orleans,LA,3.5,1451,1,2,true,false,false,true,beer_and_wine,no,classy|divey,"{""Monday"": ""8:0-16:30"", ""Tuesday"": ""8:0-16:30"", ""Wednesday"": ""8:0-16:30"", ""Thursday"": ""8:0-16:30"", ""Friday"": ""8:0-16:30"", ""Saturday"": ""8:0-16:30"", ""Sunday"": ""8:0-16:30""}"
YMei9hfoUxI3sDie4M2IWA__fitness_and_instruction,YMei9hfoUxI3sDie4M2IWA,Bayou Paddlesports,Fitness & Instruction,YMei9hfoUxI3sDie4M2IWA,Fitness & Instruction,29.9917110,-90.0862455,-870.696177,3918.175503,New Orleans,LA,4.5,52,1,,,,,true,,,,"{""Monday"": ""9:0-19:0"", ""Thursday"": ""9:0-19:0"", ""Friday"": ""9:0-19:0"", ""Saturday"": ""9:0-19:0"", ""Sunday"": ""9:0-19:0""}"
JV99g4Lth5iSt0HukavSiA__desserts,JV99g4Lth5iSt0HukavSiA,Bittersweet Confections,Desserts,JV99g4Lth5iSt0HukavSiA,Desserts,29.9693909,-90.0521636,2412.753125,1436.290193,New Orleans,LA,4.5,15,0,2,true,false,true,,,free,,"{""Monday"": ""7:0-21:0"", ""Tuesday"": ""7:0-21:0"", ""Wednesday"": ""7:0-21:0"", ""Thursday"": ""7:0-21:0"", ""Friday"": ""7:0-23:0"", ""Saturday"": ""7:0-23:0"", ""Sunday"": ""7:0-21:0""}"
OSi2ColCxhS9oCoAUNbPig__cajun_creole,OSi2ColCxhS9oCoAUNbPig,Mandina's Restaurant,Cajun/Creole,OSi2ColCxhS9oCoAUNbPig,Cajun/Creole,29.9723234,-90.0979882,-2001.987570,1762.369765,New Orleans,LA,4.0,669,1,2,true,true,true,true,full_bar,no,casual|classy,"{""Monday"": ""11:0-21:0"", ""Tuesday"": ""11:0-21:0"", ""Wednesday"": ""11:0-21:0"", ""Thursday"": ""11:0-21:0"", ""Friday"": ""11:0-21:30"", ""Saturday"": ""11:0-21:30"", ""Sunday"": ""11:0-20:0""}"
GwfFkFb7RDbq4qHD_CUuIA__seafood,GwfFkFb7RDbq4qHD_CUuIA,Danny's Seafood,Seafood,GwfFkFb7RDbq4qHD_CUuIA,Seafood,29.9207187,-90.1052723,-2703.737562,-3975.818992,New Orleans,LA,4.0,10,0,1,,false,,,none,,,
fy4AG0M9fIN2QqgRvihxNw__specialty_food,fy4AG0M9fIN2QqgRvihxNw,Smoothie King,Specialty Food,fy4AG0M9fIN2QqgRvihxNw,Specialty Food,29.9535390,-90.0686400,825.417206,-326.363100,New Orleans,LA,4.0,25,1,1,true,true,,,,no,,"{""Monday"": ""0:0-0:0"", ""Tuesday"": ""9:0-15:0"", ""Wednesday"": ""7:0-19:0"", ""Thursday"": ""7:0-19:0"", ""Friday"": ""7:0-19:0"", ""Saturday"": ""9:0-20:0"", ""Sunday"": ""11:0-18:0""}"
BRJwJjDrnO4OA4MTCK3mcg__fast_food,BRJwJjDrnO4OA4MTCK3mcg,Krystal,Fast Food,BRJwJjDrnO4OA4MTCK3mcg,Fast Food,29.9542351,-90.0694800,744.491629,-248.960204,New Orleans,LA,3.0,228,1,1,true,true,false,true,none,free,casual,"{""Monday"": ""0:0-0:0"", ""Tuesday"": ""0:0-0:0"", ""Wednesday"": ""0:0-0:0"", ""Thursday"": ""0:0-0:0"", ""Friday"": ""0:0-0:0"", ""Saturday"": ""0:0-0:0"", ""Sunday"": ""0:0-0:0""}"
F7J-Kc3fR0vdjcpN9TYLJw__southern,F7J-Kc3fR0vdjcpN9TYLJw,Cafe Henri,Southern,F7J-Kc3fR0vdjcpN9TYLJw,Southern,29.9639853,-90.0435576,3241.853617,835.215557,New Orleans,LA,4.0,56,0,2,true,false,true,true,full_bar,free,casual|trendy,"{""Monday"": ""15:0-22:0"", ""Tuesday"": ""15:0-22:0"", ""Wednesday"": ""15:0-22:0"", ""Thursday"": ""15:0-22:0"", ""Friday"": ""15:0-22:0"", ""Saturday"": ""10:0-22:0"", ""Sunday"": ""10:0-22:0""}"
ue31I5s8KoqDwxA1J0lLzg__fitness_and_instruction,ue31I5s8KoqDwxA1J0lLzg,Franco's Athletic Club,Fitness & Instruction,ue31I5s8KoqDwxA1J0lLzg,Fitness & Instruction,29.9298061,-90.0760272,113.734562,-2965.344820,New Orleans,LA,4.0,21,1,,,,,false,,,,"{""Monday"": ""5:0-22:0"", ""Tuesday"": ""5:0-22:0"", ""Wednesday"": ""5:0-22:0"", ""Thursday"": ""5:0-22:0"", ""Friday"": ""5:0-20:0"", ""Saturday"": ""7:0-19:0"", ""Sunday"": ""9:0-18:0""}"
XFY-rv032rtKYNYVRWqQaA__american_(new),XFY-rv032rtKYNYVRWqQaA,Phillips Bar & Restaurant,American (New),XFY-rv032rtKYNYVRWqQaA,American (New),29.9404421,-90.1279718,-4890.603247,-1782.673913,New Orleans,LA,3.5,81,1,2,true,false,false,false,full_bar,free,classy|trendy,"{""Tuesday"": ""16:0-1:0"", ""Wednesday"": ""16:0-1:0"", ""Thursday"": ""16:0-1:0"", ""Friday"": ""16:0-2:0"", ""Saturday"": ""17:0-2:0""}"
gFKBOko7RzBGWUhMzP_92w__art_galleries,gFKBOko7RzBGWUhMzP_92w,New Orleans Glassworks & Printmaking Studio,Art Galleries,gFKBOko7RzBGWUhMzP_92w,Art Galleries,29.9461583,-90.0691800,773.392474,-1147.055302,New Orleans,LA,3.0,38,1,2,,,,false,,,,"{""Monday"": ""10:0-17:0"", ""Tuesday"": ""10:0-17:0"", ""Wednesday"": ""10:0-17:0"", ""Thursday"": ""10:0-17:0"", ""Friday"": ""10:0-17:0"", ""Saturday"": ""10:0-17:0""}"
9XjXIqQFQ2SfeHTwPRngIA__coffee_and_tea,9XjXIqQFQ2SfeHTwPRngIA,Deville Coffee House & Crêperie,Coffee & Tea,9XjXIqQFQ2SfeHTwPRngIA,Coffee & Tea,29.9305016,-90.0755985,155.033090,-2888.006806,New Orleans,LA,4.5,160,1,1,true,false,true,true,none,free,casual,"{""Monday"": ""9:0-14:0"", ""Thursday"": ""9:0-14:0"", ""Friday"": ""9:0-14:0"", ""Saturday"": ""9:0-14:0"", ""Sunday"": ""9:0-14:0""}"
aYrsT_ReL6vlQIP2GrvLWQ__cafes,aYrsT_ReL6vlQIP2GrvLWQ,Cafe Fleur De Lis,Cafes,aYrsT_ReL6vlQIP2GrvLWQ,Cafes,29.9610611,-90.0582977,1821.794101,510.057413,New Orleans,LA,4.0,103,0,2,true,false,false,true,full_bar,free,casual,"{""Monday"": ""7:0-15:0"", ""Tuesday"": ""7:0-15:0"", ""Wednesday"": ""7:0-15:0"", ""Thursday"": ""7:0-15:0"", ""Friday"": ""7:0-15:0"", ""Saturday"": ""7:0-18:0"", ""Sunday"": ""7:0-18:0""}"
fy-vfMF2fQywsIyA3yJQoQ__american_(new),fy-vfMF2fQywsIyA3yJQoQ,Freret Beer Room,American (New),fy-vfMF2fQywsIyA3yJQoQ,American (New),29.9348225,-90.1089280,-3055.927599,-2407.545819,New Orleans,LA,4.5,104,0,2,true,false,true,false,full_bar,free,casual|classy|trendy,"{""Monday"": ""11:30-22:0"", ""Wednesday"": ""11:30-22:0"", ""Thursday"": ""11:30-22:0"", ""Friday"": ""11:30-0:0"", ""Saturday"": ""10:30-0:0"", ""Sunday"": ""11:0-22:0""}"
qeHyTZiRQfNYS1R3Xg6hYA__venues_and_event_spaces,qeHyTZiRQfNYS1R3Xg6hYA,The New Movement,Venues & Event Spaces,qeHyTZiRQfNYS1R3Xg6hYA,Venues & Event Spaces,29.9684811,-90.0490570,2712.042883,1335.124909,New Orleans,LA,4.0,45,1,1,,,true,false,full_bar,no,classy,"{""Monday"": ""9:0-2:0"", ""Tuesday"": ""9:0-2:0"", ""Wednesday"": ""9:0-2:0"", ""Thursday"": ""9:0-2:0"", ""Friday"": ""9:0-2:0"", ""Saturday"": ""17:0-2:0"", ""Sunday"": ""17:0-2:0""}"
0yRYIODkl8da3ZDdOmMAZA__american_(traditional),0yRYIODkl8da3ZDdOmMAZA,Vyoone's Restaurant,American (Traditional),0yRYIODkl8da3ZDdOmMAZA,American (Traditional),29.9464290,-90.0680970,877.729810,-1116.960120,New Orleans,LA,4.5,148,1,3,true,true,true,true,full_bar,free,casual|classy,"{""Monday"": ""0:0-0:0"", ""Thursday"": ""17:0-23:0"", ""Friday"": ""17:0-23:0"", ""Saturday"": ""17:0-23:0"", ""Sunday"": ""10:30-15:0""}"
z8_BLUNQdQjDTIRqjbJGeA__venues_and_event_spaces,z8_BLUNQdQjDTIRqjbJGeA,Barrilleaux’s Restaurant and Wine Bar,Venues & Event Spaces,z8_BLUNQdQjDTIRqjbJGeA,Venues & Event Spaces,29.9662840,-90.0589310,1760.781997,1090.818198,New Orleans,LA,4.5,8,1,,,,true,,,,,"{""Thursday"": ""17:0-22:0"", ""Friday"": ""17:0-22:0"", ""Saturday"": ""17:0-22:0"", ""Sunday"": ""11:0-15:0""}"
_PLiDYKbU2-ApZsnH9vKFA__specialty_food,_PLiDYKbU2-ApZsnH9vKFA,Verdure Olive Oil,Specialty Food,_PLiDYKbU2-ApZsnH9vKFA,Specialty Food,29.9216400,-90.0926565,-1488.331740,-3873.374964,New Orleans,LA,5.0,15,1,2,,,,,,,,"{""Monday"": ""10:0-13:0"", ""Tuesday"": ""10:0-13:0"", ""Wednesday"": ""10:0-17:0"", ""Thursday"": ""10:0-17:0"", ""Friday"": ""10:0-17:0"", ""Saturday"": ""10:0-17:0"", ""Sunday"": ""12:0-17:0""}"
3rRESenaBw-AyT0Jt7eJNg__american_(new),3rRESenaBw-AyT0Jt7eJNg,Junior's on Harrison,American (New),3rRESenaBw-AyT0Jt7eJNg,American (New),30.0048791,-90.1058775,-2762.042514,5382.403439,New Orleans,LA,4.0,94,1,,true,true,true,,full_bar,free,casual,"{""Monday"": ""8:30-21:0"", ""Tuesday"": ""8:30-21:0"", ""Wednesday"": ""8:30-21:0"", ""Thursday"": ""8:30-22:0"", ""Friday"": ""8:30-22:0"", ""Saturday"": ""8:30-22:0"", ""Sunday"": ""9:0-15:0""}"
6Ty-KKWq6hLZYW8DWEHYvg__beer,6Ty-KKWq6hLZYW8DWEHYvg,Pat O'Brien’s,Beer,6Ty-KKWq6hLZYW8DWEHYvg,Beer,29.9581828,-90.0652974,1147.443197,190.004614,New Orleans,LA,4.0,2367,1,2,,false,true,true,full_bar,free,casual|classy|touristy,"{""Wednesday"": ""12:0-0:0"", ""Thursday"": ""12:0-0:0"", ""Friday"": ""12:0-18:0"", ""Saturday"": ""16:0-2:0"", ""Sunday"": ""12:0-0:0""}"
Z4qfMpj8jymG3_XjTBKN0A__cocktail_bars,Z4qfMpj8jymG3_XjTBKN0A,Felipe's Mexican Taqueria - Uptown,Cocktail Bars,Z4qfMpj8jymG3_XjTBKN0A,Cocktail Bars,29.9467433,-90.1129108,-3439.627763,-1082.007604,New Orleans,LA,4.0,341,1,1,true,true,true,true,full_bar,free,casual,"{""Monday"": ""0:0-0:0"", ""Tuesday"": ""11:0-22:0"", ""Wednesday"": ""11:0-22:0"", ""Thursday"": ""11:0-16:0"", ""Friday"": ""11:0-22:0"", ""Saturday"": ""11:0-22:0"", ""Sunday"": ""11:0-22:0""}"
P4E0Lv494T0OvvupBjvUIQ__pizza,P4E0Lv494T0OvvupBjvUIQ,Echo's,Pizza,P4E0Lv494T0OvvupBjvUIQ,Pizza,29.9659200,-90.0946750,-1682.793974,1050.343189,New Orleans,LA,4.0,86,0,2,true,false,true,true,full_bar,free,casual|classy|hipster|trendy,"{""Wednesday"": ""17:0-21:0"", ""Thursday"": ""17:0-21:0"", ""Friday"": ""17:0-22:0"", ""Saturday"": ""10:0-22:0"", ""Sunday"": ""10:0-21:0""}"
y3ApB9iM9tlsksQJEANHkg__coffee_and_tea,y3ApB9iM9tlsksQJEANHkg,Serenitea-Relax,Coffee & Tea,y3ApB9iM9tlsksQJEANHkg,Coffee & Tea,29.9509320,-90.0664106,1040.197540,-616.248674,New Orleans,LA,2.5,10,1,2,,,,,,,,"{""Monday"": ""10:0-22:0"", ""Tuesday"": ""10:0-22:0"", ""Wednesday"": ""10:0-22:0"", ""Thursday"": ""10:0-22:0"", ""Friday"": ""10:0-22:0"", ""Saturday"": ""10:0-22:0"", ""Sunday"": ""10:0-22:0""}"
1FPChonc6BxH-qKXyFcq4w__specialty_food,1FPChonc6BxH-qKXyFcq4w,The Herb Import,Specialty Food,1FPChonc6BxH-qKXyFcq4w,Specialty Food,29.9582281,-90.0650115,1174.986968,195.038460,New Orleans,LA,4.0,10,1,2,,,,,,,,"{""Monday"": ""10:0-23:0"", ""Tuesday"": ""10:0-23:0"", ""Wednesday"": ""10:0-23:0"", ""Thursday"": ""10:0-23:0"", ""Friday"": ""10:0-23:0"", ""Saturday"": ""10:0-23:0"", ""Sunday"": ""10:0-23:0""}"
8hF8nEXiwgmoFu6EM98Xow__fitness_and_instruction,8hF8nEXiwgmoFu6EM98Xow,Anytime Fitness,Fitness & Instruction,8hF8nEXiwgmoFu6EM98Xow,Fitness & Instruction,29.9346321,-90.1057043,-2745.356671,-2428.720765,New Orleans,LA,3.0,23,1,,,,,false,,,,"{""Monday"": ""0:0-0:0"", ""Tuesday"": ""0:0-0:0"", ""Wednesday"": ""0:0-0:0"", ""Thursday"": ""0:0-0:0"", ""Friday"": ""0:0-0:0"", ""Saturday"": ""0:0-0:0"", ""Sunday"": ""0:0-0:0""}"
_YfdFmhYhaelhlQXoGCktA__venues_and_event_spaces,_YfdFmhYhaelhlQXoGCktA,Petite Amelie,Venues & Event Spaces,_YfdFmhYhaelhlQXoGCktA,Venues & Event Spaces,29.9597003,-90.0631485,1354.468163,358.743148,New Orleans,LA,4.0,150,0,2,true,true,false,true,beer_and_wine,no,casual,"{""Monday"": ""0:0-0:0"", ""Tuesday"": ""8:0-18:0"", ""Wednesday"": ""8:0-18:0"", ""Thursday"": ""8:0-18:0"", ""Friday"": ""8:0-18:0"", ""Saturday"": ""8:0-18:0"", ""Sunday"": ""8:0-18:0""}"
Z4PF4EtM12L7nwOHZHFJNA__american_(traditional),Z4PF4EtM12L7nwOHZHFJNA,Seed,American (Traditional),Z4PF4EtM12L7nwOHZHFJNA,American (Traditional),29.9390921,-90.0733445,372.185806,-1932.787304,New Orleans,LA,4.0,967,1,2,true,true,true,true,full_bar,free,casual|classy,"{""Monday"": ""17:30-20:0"", ""Tuesday"": ""17:30-20:0"", ""Wednesday"": ""17:30-20:0"", ""Thursday"": ""17:30-20:0"", ""Friday"": ""17:30-20:0"", ""Saturday"": ""17:30-20:0"", ""Sunday"": ""17:30-20:0""}"
QW3Y7RWlDLqbmodWrd2rfA__sandwiches,QW3Y7RWlDLqbmodWrd2rfA,Court Tavern Poboys,Sandwiches,QW3Y7RWlDLqbmodWrd2rfA,Sandwiches,29.9580276,-90.0660148,1078.328901,172.747137,New Orleans,LA,2.5,76,1,2,true,false,false,true,beer_and_wine,no,divey,"{""Monday"": ""5:0-22:0"", ""Tuesday"": ""5:0-22:0"", ""Wednesday"": ""5:0-22:0"", ""Thursday"": ""5:0-22:0"", ""Friday"": ""5:0-22:0"", ""Saturday"": ""5:0-22:0"", ""Sunday"": ""5:0-22:0""}"
8mU6-jF9Pf5aF8K1zbszSA__specialty_food,8mU6-jF9Pf5aF8K1zbszSA,Maypop Community Herb Shop,Specialty Food,8mU6-jF9Pf5aF8K1zbszSA,Specialty Food,29.9688812,-90.0489513,2722.221712,1379.614060,New Orleans,LA,4.5,10,1,1,true,true,,,,,,"{""Monday"": ""16:0-18:0"", ""Wednesday"": ""12:0-18:0"", ""Thursday"": ""12:0-18:0"", ""Friday"": ""12:0-18:0"", ""Saturday"": ""12:0-18:0"", ""Sunday"": ""12:0-18:0""}"
Aiw98bl_AW38ROeChXuwxQ__pizza,Aiw98bl_AW38ROeChXuwxQ,Papa John's Pizza,Pizza,Aiw98bl_AW38ROeChXuwxQ,Pizza,29.9188580,-90.0163841,5859.749165,-4182.719677,New Orleans,LA,2.5,16,1,1,true,true,false,true,none,,,
4iKNV1ijEygUYWvx85w-jw__southern,4iKNV1ijEygUYWvx85w-jw,Empanola,Southern,4iKNV1ijEygUYWvx85w-jw,Southern,29.9414600,-90.1254400,-4646.693222,-1669.488474,New Orleans,LA,4.5,92,1,2,true,true,true,true,,free,,"{""Monday"": ""11:30-20:30"", ""Tuesday"": ""11:30-20:30"", ""Wednesday"": ""11:30-20:30"", ""Thursday"": ""11:30-20:30"", ""Friday"": ""11:30-20:30"", ""Saturday"": ""11:30-20:30"", ""Sunday"": ""11:30-20:30""}"
jRfAvkWpjpfOKwIlOvl8IQ__art_galleries,jRfAvkWpjpfOKwIlOvl8IQ,Galerie Rue Royale,Art Galleries,jRfAvkWpjpfOKwIlOvl8IQ,Art Galleries,29.9567255,-90.0660583,1074.138112,27.960023,New Orleans,LA,3.0,6,1,,,,,,,,,"{""Monday"": ""0:0-0:0"", ""Tuesday"": ""9:30-23:0"", ""Wednesday"": ""9:30-23:0"", ""Thursday"": ""9:30-17:0"", ""Friday"": ""9:30-9:45"", ""Saturday"": ""9:30-23:0"", ""Sunday"": ""10:0-18:0""}"
BK3KoKtev1h8e_GfmcD-iw__venues_and_event_spaces,BK3KoKtev1h8e_GfmcD-iw,The Gallery Venue at Tomas Bistro,Venues & Event Spaces,BK3KoKtev1h8e_GfmcD-iw,Venues & Event Spaces,29.9451489,-90.0676513,920.668536,-1259.300943,New Orleans,LA,4.0,237,1,3,false,false,false,false,full_bar,no,classy,"{""Monday"": ""17:30-22:0"", ""Tuesday"": ""17:30-22:0"", ""Wednesday"": ""17:30-22:0"", ""Thursday"": ""17:30-22:0"", ""Friday"": ""17:30-23:0"", ""Saturday"": ""17:30-23:0"", ""Sunday"": ""17:30-22:0""}"
PVieWiYn8GK9GSLnNFmOyA__cafes,PVieWiYn8GK9GSLnNFmOyA,Morning Call Coffee Stand,Cafes,PVieWiYn8GK9GSLnNFmOyA,Cafes,29.9854452,-90.0951782,-1731.272248,3221.449369,New Orleans,LA,3.5,737,0,1,true,false,true,true,none,free,casual|touristy,"{""Monday"": ""0:0-0:0"", ""Tuesday"": ""0:0-0:0"", ""Wednesday"": ""0:0-0:0"", ""Thursday"": ""0:0-0:0"", ""Friday"": ""0:0-0:0"", ""Saturday"": ""0:0-0:0"", ""Sunday"": ""0:0-0:0""}"
F1RbPpfowIOqUhwWMOuKMw__art_galleries,F1RbPpfowIOqUhwWMOuKMw,Ooh La La Gallerie,Art Galleries,F1RbPpfowIOqUhwWMOuKMw,Art Galleries,29.9570258,-90.0634135,1328.938071,61.351906,New Orleans,LA,4.5,9,1,2,,,,false,,,,"{""Monday"": ""10:0-17:0"", ""Tuesday"": ""10:0-17:0"", ""Wednesday"": ""10:0-17:0"", ""Thursday"": ""10:0-17:0"", ""Friday"": ""10:0-17:0"", ""Saturday"": ""11:0-17:0"", ""Sunday"": ""11:0-17:0""}"
n07XNC-z_uWZWG8xJZ8YfA__desserts,n07XNC-z_uWZWG8xJZ8YfA,Stella's Donation Cafe and Coffee Shop,Desserts,n07XNC-z_uWZWG8xJZ8YfA,Desserts,29.9561495,-90.1279653,-4889.980554,-36.088343,New Orleans,LA,5.0,11,0,1,true,,true,,,free,,"{""Tuesday"": ""7:30-15:0"", ""Wednesday"": ""7:30-15:0"", ""Thursday"": ""7:30-15:0"", ""Friday"": ""7:30-15:0"", ""Saturday"": ""7:30-15:0""}"
EiyCdQjYboFVuHsVOoq4Fw__venues_and_event_spaces,EiyCdQjYboFVuHsVOoq4Fw,Latrobe's On Royal,Venues & Event Spaces,EiyCdQjYboFVuHsVOoq4Fw,Venues & Event Spaces,29.9559008,-90.0669215,990.977448,-63.742559,New Orleans,LA,4.5,21,1,4,false,false,false,true,full_bar,no,,
_ljP8KWwMTSMOv_zGW6nBA__fast_food,_ljP8KWwMTSMOv_zGW6nBA,McDonald's,Fast Food,_ljP8KWwMTSMOv_zGW6nBA,Fast Food,29.9251150,-90.0701560,679.365807,-3486.972060,New Orleans,LA,1.5,13,1,1,true,true,false,true,,free,,"{""Monday"": ""5:45-22:0"", ""Tuesday"": ""6:0-22:0"", ""Wednesday"": ""6:0-22:0"", ""Thursday"": ""6:0-22:0"", ""Friday"": ""6:0-22:0"", ""Saturday"": ""6:0-22:0"", ""Sunday"": ""6:0-22:0""}"
kXbzA3rrsW32N78rrLovgA__american_(traditional),kXbzA3rrsW32N78rrLovgA,Anita's Restaurant,American (Traditional),kXbzA3rrsW32N78rrLovgA,American (Traditional),29.9587817,-90.0846239,-714.471278,256.599347,New Orleans,LA,4.0,65,1,1,true,false,false,true,none,no,casual,"{""Monday"": ""6:0-14:0"", ""Tuesday"": ""6:0-14:0"", ""Wednesday"": ""6:0-14:0"", ""Thursday"": ""6:0-14:0"", ""Friday"": ""22:0-5:0"", ""Saturday"": ""22:0-5:0"", ""Sunday"": ""6:30-14:0""}"
lcTR-NewLIrTTYwyAJJzUg__fast_food,lcTR-NewLIrTTYwyAJJzUg,Subway,Fast Food,lcTR-NewLIrTTYwyAJJzUg,Fast Food,29.9649693,-90.1121672,-3367.994908,944.635552,New Orleans,LA,3.0,5,1,1,true,true,false,true,none,no,,"{""Monday"": ""0:0-0:0"", ""Tuesday"": ""10:0-18:0"", ""Wednesday"": ""8:0-16:0"", ""Thursday"": ""10:0-18:0"", ""Friday"": ""8:0-16:0"", ""Saturday"": ""10:0-18:0"", ""Sunday"": ""10:0-18:0""}"
Jd9sra_Gj_8tgL3NK_6Djw__fast_food,Jd9sra_Gj_8tgL3NK_6Djw,Popeyes Louisiana Kitchen,Fast Food,Jd9sra_Gj_8tgL3NK_6Djw,Fast Food,29.9399470,-90.1018478,-2373.821327,-1837.726630,New Orleans,LA,2.0,51,1,1,true,true,false,true,none,free,,"{""Monday"": ""10:0-0:0"", ""Tuesday"": ""10:0-0:0"", ""Wednesday"": ""10:0-0:0"", ""Thursday"": ""10:0-0:0"", ""Friday"": ""10:0-0:0"", ""Saturday"": ""10:0-0:0"", ""Sunday"": ""10:0-0:0""}"
qXjfSLBoS81kled6fTNX7Q__desserts,qXjfSLBoS81kled6fTNX7Q,Nola Snow Snoballs,Desserts,qXjfSLBoS81kled6fTNX7Q,Desserts,30.0039132,-90.1034307,-2526.315316,5275.002691,New Orleans,LA,3.5,16,1,1,true,false,,,,no,,"{""Sunday"": ""11:0-21:0""}"
AhdYBzgWzCWrDX2kTSrSgw__art_galleries,AhdYBzgWzCWrDX2kTSrSgw,Arthur Roger Gallery,Art Galleries,AhdYBzgWzCWrDX2kTSrSgw,Art Galleries,29.9448095,-90.0686549,823.981740,-1297.040553,New Orleans,LA,5.0,5,1,4,,,,false,,free,,"{""Tuesday"": ""10:0-17:0"", ""Wednesday"": ""10:0-17:0"", ""Thursday"": ""10:0-17:0"", ""Friday"": ""10:0-17:0"", ""Saturday"": ""10:0-17:0""}"
HJxqXDJFJsm3YVDYms0VCQ__american_(traditional),HJxqXDJFJsm3YVDYms0VCQ,Remoulade,American (Traditional),HJxqXDJFJsm3YVDYms0VCQ,American (Traditional),29.9557193,-90.0684542,843.317172,-83.924466,New Orleans,LA,3.5,388,1,2,true,false,false,true,full_bar,no,casual|classy,"{""Monday"": ""11:30-23:0"", ""Tuesday"": ""11:30-23:0"", ""Wednesday"": ""11:30-23:0"", ""Thursday"": ""11:30-23:0"", ""Friday"": ""11:30-23:0"", ""Saturday"": ""11:30-23:0"", ""Sunday"": ""11:30-23:0""}"
9_DJMSzn5PtMit78KFrwaw__fast_food,9_DJMSzn5PtMit78KFrwaw,Subway,Fast Food,9_DJMSzn5PtMit78KFrwaw,Fast Food,29.9531714,-90.0653524,1142.144498,-367.243504,New Orleans,LA,2.5,18,1,1,true,false,false,true,none,no,,"{""Monday"": ""9:0-18:30"", ""Tuesday"": ""9:0-18:30"", ""Wednesday"": ""9:0-18:30"", ""Thursday"": ""9:0-18:30"", ""Friday"": ""9:0-18:30"", ""Saturday"": ""9:0-18:0"", ""Sunday"": ""10:0-17:0""}"
E8mdOaq6YxMiJhT-9CMD6w__fitness_and_instruction,E8mdOaq6YxMiJhT-9CMD6w,S & W Z Fitness,Fitness & Instruction,E8mdOaq6YxMiJhT-9CMD6w,Fitness & Instruction,29.9743273,-90.0987396,-2074.377425,1985.191251,New Orleans,LA,5.0,7,1,,,,,,,,,"{""Monday"": ""0:0-0:0"", ""Tuesday"": ""18:30-19:30"", ""Thursday"": ""18:30-19:30"", ""Saturday"": ""9:15-11:30""}"
Wy5xhN0J6pU_AMjSU1iHVQ__specialty_food,Wy5xhN0J6pU_AMjSU1iHVQ,GNC,Specialty Food,Wy5xhN0J6pU_AMjSU1iHVQ,Specialty Food,29.9774041,-90.0980357,-2006.567871,2327.319043,New Orleans,LA,4.0,6,1,2,,,,,,,,"{""Monday"": ""9:0-20:0"", ""Tuesday"": ""9:0-20:0"", ""Wednesday"": ""9:0-20:0"", ""Thursday"": ""9:0-20:0"", ""Friday"": ""9:0-20:0"", ""Saturday"": ""9:0-20:0"", ""Sunday"": ""12:0-18:0""}"
ER4EQkOV0ZL8WU7Hc_vyFg__cocktail_bars,ER4EQkOV0ZL8WU7Hc_vyFg,Public Belt,Cocktail Bars,ER4EQkOV0ZL8WU7Hc_vyFg,Cocktail Bars,29.9463932,-90.0637286,1298.581346,-1120.940904,New Orleans,LA,4.0,31,1,2,,,false,,full_bar,paid,intimate,"{""Monday"": ""16:0-0:0"", ""Tuesday"": ""16:0-0:0"", ""Wednesday"": ""16:0-0:0"", ""Thursday"": ""16:0-0:0"", ""Friday"": ""16:0-0:0"", ""Saturday"": ""16:0-0:0"", ""Sunday"": ""16:0-0:0""}"
FEFi0AmjHzgSceeLYW3Glw__fast_food,FEFi0AmjHzgSceeLYW3Glw,McDonald's,Fast Food,FEFi0AmjHzgSceeLYW3Glw,Fast Food,30.0437153,-89.9583490,11450.849092,9700.797814,New Orleans,LA,1.5,21,1,1,true,true,false,true,none,free,,"{""Monday"": ""0:0-0:0"", ""Tuesday"": ""0:0-0:0"", ""Wednesday"": ""0:0-0:0"", ""Thursday"": ""0:0-0:0"", ""Friday"": ""0:0-0:0"", ""Saturday"": ""0:0-0:0"", ""Sunday"": ""0:0-0:0""}"
VilDB2AuwZ5vudf99mH37A__desserts,VilDB2AuwZ5vudf99mH37A,Soulé Cafe,Desserts,VilDB2AuwZ5vudf99mH37A,Desserts,29.9620770,-90.0879828,-1038.067611,623.020495,New Orleans,LA,4.0,34,1,,true,true,true,,full_bar,free,,"{""Monday"": ""16:0-19:0"", ""Tuesday"": ""16:0-19:0"", ""Wednesday"": ""16:0-19:0"", ""Thursday"": ""16:0-19:0"", ""Friday"": ""16:0-19:0"", ""Saturday"": ""16:0-19:0""}"
p8V4zEEYZvZnZh9f8k5KZA__beer,p8V4zEEYZvZnZh9f8k5KZA,New Orleans Original Daiquiris,Beer,p8V4zEEYZvZnZh9f8k5KZA,Beer,29.9430648,-90.1345944,-5528.627864,-1491.042609,New Orleans,LA,3.5,52,1,1,true,false,false,false,full_bar,no,casual,"{""Monday"": ""11:0-23:0"", ""Tuesday"": ""11:0-23:0"", ""Wednesday"": ""11:0-23:0"", ""Thursday"": ""11:0-23:0"", ""Friday"": ""10:0-23:0"", ""Saturday"": ""10:0-23:0"", ""Sunday"": ""10:0-23:0""}"
me3mlZsR26fV89fMw2uR6Q__american_(new),me3mlZsR26fV89fMw2uR6Q,Rib Room,American (New),me3mlZsR26fV89fMw2uR6Q,American (New),29.9562854,-90.0657355,1105.236655,-20.976931,New Orleans,LA,3.5,221,1,3,false,false,false,false,full_bar,no,classy|upscale,"{""Monday"": ""17:0-21:0"", ""Tuesday"": ""17:0-21:0"", ""Wednesday"": ""17:0-21:0"", ""Thursday"": ""17:0-21:0"", ""Friday"": ""17:0-22:0"", ""Saturday"": ""17:0-22:0"", ""Sunday"": ""17:0-21:0""}"
dul6XjaCh1GgA-YHpuChUg__american_(traditional),dul6XjaCh1GgA-YHpuChUg,Avery's On Tulane,American (Traditional),dul6XjaCh1GgA-YHpuChUg,American (Traditional),29.9604800,-90.0883200,-1070.553450,445.441952,New Orleans,LA,4.5,296,0,2,true,false,true,true,full_bar,free,casual,"{""Monday"": ""11:0-16:0"", ""Tuesday"": ""11:0-16:0"", ""Wednesday"": ""11:0-16:0"", ""Thursday"": ""11:0-16:0"", ""Friday"": ""11:0-16:0"", ""Saturday"": ""11:0-16:0""}"
nd8TE5AUsMhebDRvhijZmA__cocktail_bars,nd8TE5AUsMhebDRvhijZmA,Rockrose,Cocktail Bars,nd8TE5AUsMhebDRvhijZmA,Cocktail Bars,29.9513480,-90.0688767,802.613534,-569.991521,New Orleans,LA,5.0,24,0,2,true,false,false,,full_bar,,classy,"{""Monday"": ""0:0-0:0"", ""Tuesday"": ""7:0-14:0"", ""Thursday"": ""7:0-14:0"", ""Friday"": ""17:0-21:0"", ""Saturday"": ""17:0-21:0""}"
EkKjWUP2o_5M8u6Hi10VJg__sandwiches,EkKjWUP2o_5M8u6Hi10VJg,Smoothies N Things Café,Sandwiches,EkKjWUP2o_5M8u6Hi10VJg,Sandwiches,29.9558349,-90.0810217,-367.435430,-71.070315,New Orleans,LA,4.5,10,0,1,,,,,,free,,
9Dudx4ZtC6yqeK4vKc4YJw__specialty_food,9Dudx4ZtC6yqeK4vKc4YJw,Quicky's Meat,Specialty Food,9Dudx4ZtC6yqeK4vKc4YJw,Specialty Food,29.9736220,-90.0485776,2758.228266,1906.767696,New Orleans,LA,2.0,8,1,2,true,,,,,,,
i6YvzoCYT6vCxBxqD7nR-g__venues_and_event_spaces,i6YvzoCYT6vCxBxqD7nR-g,Sazerac Bar,Venues & Event Spaces,i6YvzoCYT6vCxBxqD7nR-g,Venues & Event Spaces,29.9540573,-90.0715694,543.196049,-268.729266,New Orleans,LA,4.0,493,1,3,false,false,false,false,full_bar,no,classy|upscale,"{""Monday"": ""14:0-1:0"", ""Tuesday"": ""14:0-1:0"", ""Wednesday"": ""14:0-1:0"", ""Thursday"": ""14:0-1:0"", ""Friday"": ""12:0-1:0"", ""Saturday"": ""12:0-1:0"", ""Sunday"": ""12:0-1:0""}"
yWrk4Ayxxuq95120ygE4ow__southern,yWrk4Ayxxuq95120ygE4ow,Riteway Soul Food,Southern,yWrk4Ayxxuq95120ygE4ow,Southern,29.9976372,-90.0605725,1602.639932,4577.139787,New Orleans,LA,4.0,9,1,1,true,true,,true,none,,,"{""Monday"": ""10:0-18:0"", ""Tuesday"": ""10:0-18:0"", ""Wednesday"": ""10:0-18:0"", ""Thursday"": ""10:0-18:0"", ""Friday"": ""10:0-18:0"", ""Saturday"": ""10:0-17:0""}"
-psN_5Jmi2zn0J89pyLl_w__specialty_food,-psN_5Jmi2zn0J89pyLl_w,Chris' Specialty Foods,Specialty Food,-psN_5Jmi2zn0J89pyLl_w,Specialty Food,30.0049944,-90.1143896,-3582.097992,5395.224232,New Orleans,LA,4.5,64,1,2,true,,,,,,,"{""Monday"": ""9:0-18:0"", ""Tuesday"": ""9:0-18:0"", ""Wednesday"": ""9:0-18:0"", ""Thursday"": ""9:0-18:0"", ""Friday"": ""9:0-18:0"", ""Saturday"": ""9:0-18:0"", ""Sunday"": ""10:0-17:0""}"
dYq6OUxFtMVHwqcmum5kOg__coffee_and_tea,dYq6OUxFtMVHwqcmum5kOg,Uxi Duxi,Coffee & Tea,dYq6OUxFtMVHwqcmum5kOg,Coffee & Tea,29.9802678,-90.1086284,-3027.061455,2645.748261,New Orleans,LA,4.5,25,1,2,true,false,true,false,none,free,,"{""Monday"": ""12:0-18:0"", ""Tuesday"": ""12:0-18:0"", ""Wednesday"": ""12:0-18:0"", ""Thursday"": ""12:0-18:0"", ""Friday"": ""12:0-22:0"", ""Saturday"": ""12:0-22:0"", ""Sunday"": ""12:0-18:0""}"
8ASzjS3ITg5bQSyObsCx5w__burgers,8ASzjS3ITg5bQSyObsCx5w,Russell's Marina Grill,Burgers,8ASzjS3ITg5bQSyObsCx5w,Burgers,30.0213474,-90.1142741,-3570.970725,7213.597379,New Orleans,LA,4.0,309,1,2,true,true,true,true,full_bar,free,casual,"{""Monday"": ""7:0-15:0"", ""Tuesday"": ""7:0-15:0"", ""Wednesday"": ""7:0-15:0"", ""Thursday"": ""7:0-15:0"", ""Friday"": ""7:0-15:0"", ""Saturday"": ""7:0-15:0"", ""Sunday"": ""7:0-15:0""}"
umq4JEgX4U6TIdMv-odD0Q__cajun_creole,umq4JEgX4U6TIdMv-odD0Q,Willies Chicken Shack,Cajun/Creole,umq4JEgX4U6TIdMv-odD0Q,Cajun/Creole,29.9586364,-90.0613570,1527.061224,240.442702,New Orleans,LA,3.5,115,1,2,true,false,false,true,full_bar,no,casual|divey|touristy,"{""Monday"": ""11:0-1:0"", ""Tuesday"": ""11:0-1:0"", ""Wednesday"": ""11:0-1:0"", ""Thursday"": ""11:0-1:0"", ""Friday"": ""10:0-1:0"", ""Saturday"": ""10:0-1:0"", ""Sunday"": ""10:0-1:0""}"
kNcyGQotdLw7QfW-L9J4dw__art_galleries,kNcyGQotdLw7QfW-L9J4dw,Disco Furniture Warehouse,Art Galleries,kNcyGQotdLw7QfW-L9J4dw,Art Galleries,29.9195899,-90.0821071,-472.002836,-4101.335998,New Orleans,LA,4.5,10,1,2,,,,,,free,,"{""Monday"": ""0:0-0:0"", ""Tuesday"": ""12:0-17:0"", ""Wednesday"": ""10:0-18:0"", ""Thursday"": ""10:0-18:0"", ""Friday"": ""8:0-18:0"", ""Saturday"": ""10:0-18:0"", ""Sunday"": ""10:0-18:0""}"
sB4xcTwwCO8IHiK15VDC_A__desserts,sB4xcTwwCO8IHiK15VDC_A,Plum Street Snoball,Desserts,sB4xcTwwCO8IHiK15VDC_A,Desserts,29.9461800,-90.1264590,-4744.863654,-1144.647695,New Orleans,LA,4.5,184,1,1,true,,,,,no,,"{""Monday"": ""14:0-20:0"", ""Tuesday"": ""14:0-20:0"", ""Wednesday"": ""14:0-20:0"", ""Thursday"": ""14:0-20:0"", ""Friday"": ""14:0-20:0"", ""Saturday"": ""12:0-20:0"", ""Sunday"": ""14:0-20:0""}"
27x17_lW-rawrzv367mpNA__coffee_and_tea,27x17_lW-rawrzv367mpNA,Provisions at The Higgins Hotel New Orleans,Coffee & Tea,27x17_lW-rawrzv367mpNA,Coffee & Tea,29.9425275,-90.0697679,716.755351,-1550.787726,New Orleans,LA,2.5,5,1,,true,false,true,,beer_and_wine,free,,"{""Monday"": ""6:0-22:0"", ""Tuesday"": ""6:0-22:0"", ""Wednesday"": ""6:0-22:0"", ""Thursday"": ""6:0-22:0"", ""Friday"": ""6:0-22:0"", ""Saturday"": ""6:0-22:0"", ""Sunday"": ""6:0-22:0""}"
Rve7ITGDzt5Di-1j-fDE5Q__sandwiches,Rve7ITGDzt5Di-1j-fDE5Q,Roly Poly Sandwiches,Sandwiches,Rve7ITGDzt5Di-1j-fDE5Q,Sandwiches,29.9165981,-90.1164857,-3784.036208,-4434.009439,New Orleans,LA,3.0,24,0,1,true,true,true,true,,,,
Y1FU2s1OytJGdXksraIGFw__beer,Y1FU2s1OytJGdXksraIGFw,Wayfare,Beer,Y1FU2s1OytJGdXksraIGFw,Beer,29.9350491,-90.1045793,-2636.976804,-2382.344266,New Orleans,LA,4.0,318,0,2,true,false,true,true,full_bar,free,casual|classy|trendy,"{""Monday"": ""11:0-22:0"", ""Tuesday"": ""11:0-22:0"", ""Wednesday"": ""11:0-22:0"", ""Thursday"": ""11:0-22:0"", ""Friday"": ""11:0-23:0"", ""Saturday"": ""10:0-23:0"", ""Sunday"": ""10:0-21:0""}"
W60RsIaGaex7M1As1T7cxQ__fast_food,W60RsIaGaex7M1As1T7cxQ,Burger King,Fast Food,W60RsIaGaex7M1As1T7cxQ,Fast Food,30.0423786,-89.9572883,11553.034444,9552.166608,New Orleans,LA,1.5,19,1,1,false,true,,true,,,,"{""Monday"": ""5:30-1:0"", ""Tuesday"": ""5:30-1:0"", ""Wednesday"": ""5:30-1:0"", ""Thursday"": ""5:30-1:0"", ""Friday"": ""5:30-22:0"", ""Saturday"": ""11:0-2:0"", ""Sunday"": ""6:0-1:0""}"
Sz1dRPQ_MrZx8dDIvnimzg__southern,Sz1dRPQ_MrZx8dDIvnimzg,Bourbon & Bailey's BBQ,Southern,Sz1dRPQ_MrZx8dDIvnimzg,Southern,29.9670180,-90.0713600,563.372481,1172.435387,New Orleans,LA,4.5,26,1,2,true,false,true,true,,free,casual,"{""Monday"": ""11:0-19:0"", ""Tuesday"": ""11:0-19:0"", ""Wednesday"": ""11:0-19:0"", ""Thursday"": ""11:0-19:0"", ""Friday"": ""11:0-19:0"", ""Saturday"": ""11:0-19:0"", ""Sunday"": ""11:0-19:0""}"
KXY-Ff8ji6FmVMEDw5Xc7Q__venues_and_event_spaces,KXY-Ff8ji6FmVMEDw5Xc7Q,The Paris Room,Venues & Event Spaces,KXY-Ff8ji6FmVMEDw5Xc7Q,Venues & Event Spaces,29.9565785,-90.0667025,1012.075902,11.614347,New Orleans,LA,3.5,9,0,,true,false,true,,full_bar,no,,"{""Monday"": ""11:0-22:0"", ""Wednesday"": ""11:0-22:0"", ""Thursday"": ""11:0-22:0"", ""Friday"": ""11:0-23:0"", ""Saturday"": ""10:0-23:0"", ""Sunday"": ""10:0-22:0""}"
XxLUOR6RZaUL18TNF3WKZg__american_(new),XxLUOR6RZaUL18TNF3WKZg,Elysian Seafood,American (New),XxLUOR6RZaUL18TNF3WKZg,American (New),29.9451704,-90.0696037,732.574374,-1256.910248,New Orleans,LA,3.5,32,1,,true,true,true,,full_bar,free,classy,"{""Monday"": ""9:0-21:0"", ""Tuesday"": ""9:0-21:0"", ""Wednesday"": ""9:0-21:0"", ""Thursday"": ""9:0-21:0"", ""Friday"": ""9:0-22:0"", ""Saturday"": ""9:0-22:0"", ""Sunday"": ""9:0-21:0""}"
Q1hBOIqr_p6MRnMLawz6cA__american_(new),Q1hBOIqr_p6MRnMLawz6cA,True Food Kitchen,American (New),Q1hBOIqr_p6MRnMLawz6cA,American (New),29.9458410,-90.0718420,516.936614,-1182.342827,New Orleans,LA,4.5,172,1,2,true,true,true,true,full_bar,no,casual|classy|hipster|trendy,"{""Monday"": ""0:0-0:0"", ""Tuesday"": ""11:0-21:0"", ""Wednesday"": ""11:0-15:0"", ""Thursday"": ""11:0-21:0"", ""Friday"": ""11:0-21:0"", ""Saturday"": ""10:0-22:0"", ""Sunday"": ""10:0-21:0""}"
pllvqx8yMnLnQVFjj3oYGg__pizza,pllvqx8yMnLnQVFjj3oYGg,Venezia Restaurant,Pizza,pllvqx8yMnLnQVFjj3oYGg,Pizza,29.9750548,-90.0995404,-2151.526475,2066.088007,New Orleans,LA,4.0,268,1,2,true,true,,true,full_bar,no,casual,"{""Wednesday"": ""11:0-22:0"", ""Thursday"": ""11:0-22:0"", ""Friday"": ""11:0-22:0"", ""Saturday"": ""17:0-22:0"", ""Sunday"": ""12:0-21:0""}"
jBENOpAysGOh-Qti0GmKCA__fitness_and_instruction,jBENOpAysGOh-Qti0GmKCA,Off Broadway Dance Studio,Fitness & Instruction,jBENOpAysGOh-Qti0GmKCA,Fitness & Instruction,29.9437354,-90.1345355,-5522.953440,-1416.475188,New Orleans,LA,3.5,6,1,,,,,false,,no,,"{""Monday"": ""0:0-0:0"", ""Tuesday"": ""16:0-20:0"", ""Wednesday"": ""16:0-19:0"", ""Thursday"": ""16:0-20:0"", ""Saturday"": ""9:0-12:0""}"
11oJkLpheKBkgTfmE1mEDA__cafes,11oJkLpheKBkgTfmE1mEDA,Cafe Beignet,Cafes,11oJkLpheKBkgTfmE1mEDA,Cafes,29.9597216,-90.0601658,1641.821399,361.111603,New Orleans,LA,3.5,13,0,2,true,false,false,true,none,,,
WT8Xrlie27iXnZAzsrf5ig__breakfast_and_brunch,WT8Xrlie27iXnZAzsrf5ig,Panchita's Mexican Criolla,Breakfast & Brunch,WT8Xrlie27iXnZAzsrf5ig,Breakfast & Brunch,29.9494438,-90.1277928,-4873.361909,-781.729192,New Orleans,LA,3.5,169,1,2,true,true,true,true,beer_and_wine,free,casual,"{""Monday"": ""11:0-21:30"", ""Tuesday"": ""11:0-21:30"", ""Wednesday"": ""11:0-21:30"", ""Thursday"": ""11:0-21:30"", ""Friday"": ""11:0-21:30"", ""Saturday"": ""11:0-21:30"", ""Sunday"": ""11:0-21:0""}"
3q9-zixznvM6aj8XKYd6lg__fast_food,3q9-zixznvM6aj8XKYd6lg,Tasty Treat Food Truck,Fast Food,3q9-zixznvM6aj8XKYd6lg,Fast Food,29.9510658,-90.0715323,546.773104,-601.370772,New Orleans,LA,3.0,51,1,2,true,true,,,none,no,,"{""Monday"": ""10:0-18:0"", ""Tuesday"": ""12:0-20:0"", ""Wednesday"": ""12:0-18:0"", ""Thursday"": ""11:0-18:0"", ""Friday"": ""12:0-18:0"", ""Saturday"": ""12:0-20:0"", ""Sunday"": ""11:0-17:0""}"
Q4ldlTaxytDURcD3NWcxmg__specialty_food,Q4ldlTaxytDURcD3NWcxmg,Magnolia Candy Kitchen,Specialty Food,Q4ldlTaxytDURcD3NWcxmg,Specialty Food,29.9538670,-90.0656800,1110.583524,-289.891114,New Orleans,LA,3.5,11,0,2,false,true,,,none,,,"{""Monday"": ""10:0-22:0"", ""Tuesday"": ""10:0-22:0"", ""Wednesday"": ""10:0-22:0"", ""Thursday"": ""10:0-22:0"", ""Friday"": ""10:0-22:0"", ""Saturday"": ""10:0-22:0"", ""Sunday"": ""10:0-22:0""}"
pDZWkTn-8qja2C4sZ6CLFA__cocktail_bars,pDZWkTn-8qja2C4sZ6CLFA,Cuban Creations Cigar Bar,Cocktail Bars,pDZWkTn-8qja2C4sZ6CLFA,Cocktail Bars,29.9565233,-90.0642121,1252.000969,5.476378,New Orleans,LA,4.5,104,1,2,,,true,,full_bar,free,casual|intimate|upscale,"{""Monday"": ""10:0-0:0"", ""Tuesday"": ""10:0-0:0"", ""Wednesday"": ""10:0-0:0"", ""Thursday"": ""10:0-0:0"", ""Friday"": ""10:0-2:0"", ""Saturday"": ""10:0-2:0"", ""Sunday"": ""10:0-0:0""}"
EONd-1BeBm04FBLvWe6KMQ__burgers,EONd-1BeBm04FBLvWe6KMQ,Bub’s Nola,Burgers,EONd-1BeBm04FBLvWe6KMQ,Burgers,29.9746089,-90.1066355,-2835.068213,2016.506121,New Orleans,LA,4.5,45,1,2,,,true,,,,casual|hipster|trendy,"{""Tuesday"": ""11:0-21:0"", ""Wednesday"": ""11:0-21:0"", ""Thursday"": ""11:0-21:0"", ""Friday"": ""11:0-21:0"", ""Saturday"": ""11:0-21:0"", ""Sunday"": ""11:0-21:0""}"
I6h5LoGq2vSC1M-WGWF0Kw__american_(traditional),I6h5LoGq2vSC1M-WGWF0Kw,JIMS,American (Traditional),I6h5LoGq2vSC1M-WGWF0Kw,American (Traditional),29.9636825,-90.0470096,2909.289343,801.544197,New Orleans,LA,4.0,37,0,2,true,false,true,true,none,free,casual,"{""Monday"": ""11:0-16:0"", ""Tuesday"": ""11:0-16:0"", ""Wednesday"": ""11:0-16:0"", ""Thursday"": ""11:0-16:0"", ""Friday"": ""11:0-16:0"", ""Saturday"": ""9:0-16:0"", ""Sunday"": ""9:0-16:0""}"
a_S1eIAtdKLIvFEGA8nY8Q__pizza,a_S1eIAtdKLIvFEGA8nY8Q,The Balcony Kitchen,Pizza,a_S1eIAtdKLIvFEGA8nY8Q,Pizza,29.9241291,-90.0866773,-912.295777,-3596.599290,New Orleans,LA,3.5,19,1,2,true,true,true,false,,free,casual,"{""Monday"": ""17:0-1:0"", ""Tuesday"": ""17:0-1:0"", ""Wednesday"": ""17:0-1:0"", ""Thursday"": ""17:0-1:0"", ""Friday"": ""17:0-2:0"", ""Saturday"": ""17:0-2:0"", ""Sunday"": ""17:0-1:0""}"
Skb9QnlE0wle-0KlCpT5pw__fitness_and_instruction,Skb9QnlE0wle-0KlCpT5pw,CYCLEBAR,Fitness & Instruction,Skb9QnlE0wle-0KlCpT5pw,Fitness & Instruction,29.9215564,-90.0948268,-1697.420067,-3882.674798,New Orleans,LA,4.0,42,1,,,,,false,,,,"{""Monday"": ""15:0-19:30"", ""Tuesday"": ""15:0-19:30"", ""Wednesday"": ""15:0-19:30"", ""Thursday"": ""15:0-19:30"", ""Friday"": ""15:0-19:30"", ""Saturday"": ""8:30-13:30"", ""Sunday"": ""9:0-13:30""}"
ol6aagHm1hDZV7HsirMh_A__cocktail_bars,ol6aagHm1hDZV7HsirMh_A,Napoleon's Itch,Cocktail Bars,ol6aagHm1hDZV7HsirMh_A,Cocktail Bars,29.9593614,-90.0648769,1187.949579,321.053687,New Orleans,LA,4.0,59,1,2,,,false,,full_bar,no,casual,"{""Monday"": ""14:0-2:0"", ""Tuesday"": ""14:0-2:0"", ""Wednesday"": ""14:0-2:0"", ""Thursday"": ""14:0-2:0"", ""Friday"": ""12:0-2:0"", ""Saturday"": ""12:0-2:0"", ""Sunday"": ""12:0-2:0""}"
xbtjVXai4d-kg0GFW6fvRA__cajun_creole,xbtjVXai4d-kg0GFW6fvRA,Cafe Opera,Cajun/Creole,xbtjVXai4d-kg0GFW6fvRA,Cajun/Creole,29.9577981,-90.0666116,1020.833205,147.227866,New Orleans,LA,2.5,9,1,1,true,true,false,true,full_bar,free,,"{""Monday"": ""6:30-11:0"", ""Tuesday"": ""6:30-11:0"", ""Wednesday"": ""6:30-11:0"", ""Thursday"": ""6:30-11:0"", ""Friday"": ""6:30-11:0"", ""Saturday"": ""6:30-11:0"", ""Sunday"": ""6:30-11:0""}"
iqsuevOqxP7Wh_mVX5ut7Q__venues_and_event_spaces,iqsuevOqxP7Wh_mVX5ut7Q,Magnolia Yoga Studio,Venues & Event Spaces,iqsuevOqxP7Wh_mVX5ut7Q,Venues & Event Spaces,29.9579546,-90.0720752,494.471963,164.626171,New Orleans,LA,5.0,28,1,,,,,false,,,,"{""Monday"": ""6:0-22:0"", ""Tuesday"": ""6:0-22:0"", ""Wednesday"": ""6:0-22:0"", ""Thursday"": ""6:0-22:0"", ""Friday"": ""6:0-18:0"", ""Saturday"": ""7:30-15:0"", ""Sunday"": ""7:30-13:0""}"
ZW5RwyoMuAjXsAsrHxMv3w__venues_and_event_spaces,ZW5RwyoMuAjXsAsrHxMv3w,Rendon Inn,Venues & Event Spaces,ZW5RwyoMuAjXsAsrHxMv3w,Venues & Event Spaces,29.9547920,-90.1048820,-2666.136071,-187.035664,New Orleans,LA,4.0,51,1,2,true,true,true,false,full_bar,free,casual|divey,"{""Monday"": ""11:0-0:0"", ""Tuesday"": ""11:0-0:0"", ""Wednesday"": ""11:0-0:0"", ""Thursday"": ""11:0-0:0"", ""Friday"": ""11:0-2:0"", ""Saturday"": ""11:0-2:0"", ""Sunday"": ""11:0-0:0""}"
lSwPJt2ZPX03tEpfXE1BFw__coffee_and_tea,lSwPJt2ZPX03tEpfXE1BFw,New Orleans Cake Café & Bakery,Coffee & Tea,lSwPJt2ZPX03tEpfXE1BFw,Coffee & Tea,29.9637520,-90.0529638,2335.663643,809.268429,New Orleans,LA,4.5,696,0,2,true,false,true,true,none,free,casual,"{""Monday"": ""7:0-15:0"", ""Wednesday"": ""7:0-15:0"", ""Thursday"": ""7:0-15:0"", ""Friday"": ""7:0-15:0"", ""Saturday"": ""7:0-15:0"", ""Sunday"": ""7:0-15:0""}"
g72o_iR4i9DUzX7FnNc9eA__fitness_and_instruction,g72o_iR4i9DUzX7FnNc9eA,Club Pilates - Uptown,Fitness & Instruction,g72o_iR4i9DUzX7FnNc9eA,Fitness & Instruction,29.9223759,-90.1218486,-4300.694300,-3791.546783,New Orleans,LA,5.0,5,1,,,,,,,,,"{""Monday"": ""6:30-19:0"", ""Tuesday"": ""7:0-19:30"", ""Wednesday"": ""7:0-20:0"", ""Thursday"": ""6:0-19:30"", ""Friday"": ""6:0-13:30"", ""Saturday"": ""8:30-14:0"", ""Sunday"": ""9:0-13:30""}"
M1BDVcmq7s8pox_YRdPxqw__burgers,M1BDVcmq7s8pox_YRdPxqw,AVO TACO,Burgers,M1BDVcmq7s8pox_YRdPxqw,Burgers,29.9170045,-90.0982725,-2029.377024,-4388.819759,New Orleans,LA,4.0,19,1,,true,true,true,,,,,"{""Monday"": ""0:0-0:0"", ""Tuesday"": ""11:0-22:0"", ""Wednesday"": ""11:0-22:0"", ""Thursday"": ""11:0-22:0"", ""Friday"": ""11:0-22:0"", ""Saturday"": ""11:0-22:0"", ""Sunday"": ""11:0-22:0""}"
rvF-BwyaCHeb30u3Xf7FbQ__american_(new),rvF-BwyaCHeb30u3Xf7FbQ,The Elysian Bar,American (New),rvF-BwyaCHeb30u3Xf7FbQ,American (New),29.9668829,-90.0549542,2143.906799,1157.412931,New Orleans,LA,4.5,140,1,2,true,false,true,,full_bar,,classy,"{""Monday"": ""17:0-22:0"", ""Tuesday"": ""7:0-11:0"", ""Wednesday"": ""17:0-22:0"", ""Thursday"": ""17:0-22:0"", ""Friday"": ""17:0-21:0"", ""Saturday"": ""17:0-22:0"", ""Sunday"": ""17:0-22:0""}"
GBRQ70B7TOhs8M40w6WGbw__coffee_and_tea,GBRQ70B7TOhs8M40w6WGbw,Sólo Espresso,Coffee & Tea,GBRQ70B7TOhs8M40w6WGbw,Coffee & Tea,29.9667392,-90.0307198,4478.647260,1141.429995,New Orleans,LA,4.5,70,1,1,true,false,true,,none,no,,"{""Monday"": ""0:0-0:0"", ""Tuesday"": ""7:0-12:0"", ""Wednesday"": ""7:0-12:0"", ""Thursday"": ""7:0-12:0"", ""Friday"": ""7:0-12:0"", ""Saturday"": ""8:0-13:0""}"
5KzQpZJOtT81nvDT9s1UbQ__seafood,5KzQpZJOtT81nvDT9s1UbQ,China House,Seafood,5KzQpZJOtT81nvDT9s1UbQ,Seafood,29.9252800,-90.0195304,5556.636088,-3468.625128,New Orleans,LA,2.5,14,1,2,true,true,false,true,,,,
TMBbCDQG6bENJoQSST0XiA__southern,TMBbCDQG6bENJoQSST0XiA,Brigtsen's Restaurant,Southern,TMBbCDQG6bENJoQSST0XiA,Southern,29.9456059,-90.1346452,-5533.521935,-1208.484791,New Orleans,LA,4.5,335,1,3,true,false,false,false,full_bar,no,classy|intimate,"{""Tuesday"": ""17:30-22:0"", ""Wednesday"": ""17:30-22:0"", ""Thursday"": ""17:30-22:0"", ""Friday"": ""17:30-22:0"", ""Saturday"": ""17:30-22:0""}"
OUTwI15MSuK-MoB_QErmog__seafood,OUTwI15MSuK-MoB_QErmog,Don Villavaso,Seafood,OUTwI15MSuK-MoB_QErmog,Seafood,30.0404246,-89.9548874,11784.341255,9334.888386,New Orleans,LA,3.5,9,1,2,true,true,true,,full_bar,free,,"{""Monday"": ""16:0-0:0"", ""Tuesday"": ""16:0-0:0"", ""Wednesday"": ""16:0-0:0"", ""Thursday"": ""16:0-0:0"", ""Friday"": ""16:0-2:0"", ""Saturday"": ""16:0-2:0"", ""Sunday"": ""16:0-0:0""}"
iZ7-gwaBWYHiWhez4514jA__breakfast_and_brunch,iZ7-gwaBWYHiWhez4514jA,Pythian Market,Breakfast & Brunch,iZ7-gwaBWYHiWhez4514jA,Breakfast & Brunch,29.9535980,-90.0749210,220.305839,-319.802590,New Orleans,LA,4.5,186,1,2,true,false,true,true,full_bar,free,casual|hipster|trendy,"{""Monday"": ""0:0-0:0"", ""Tuesday"": ""8:0-20:0"", ""Wednesday"": ""8:0-20:0"", ""Thursday"": ""8:0-21:0"", ""Friday"": ""8:0-21:0"", ""Saturday"": ""8:0-21:0"", ""Sunday"": ""8:0-15:0""}"
tEB0XJTK02RKMk7m4KsPmQ__venues_and_event_spaces,tEB0XJTK02RKMk7m4KsPmQ,Saenger Theatre,Venues & Event Spaces,tEB0XJTK02RKMk7m4KsPmQ,Venues & Event Spaces,29.9557881,-90.0727615,428.352010,-76.274245,New Orleans,LA,4.5,102,1,,,,false,true,full_bar,,,"{""Monday"": ""10:0-17:0"", ""Tuesday"": ""10:0-17:0"", ""Wednesday"": ""10:0-17:0"", ""Thursday"": ""10:0-17:0"", ""Friday"": ""10:0-17:0""}"
SsiPsj8NyiCBg84uU6y4Eg__american_(new),SsiPsj8NyiCBg84uU6y4Eg,Koz's Lakeview,American (New),SsiPsj8NyiCBg84uU6y4Eg,American (New),30.0052147,-90.1098502,-3144.772322,5419.720508,New Orleans,LA,3.0,66,0,2,true,false,true,true,none,free,casual,"{""Monday"": ""10:30-15:0"", ""Tuesday"": ""10:30-15:0"", ""Wednesday"": ""10:30-20:0"", ""Thursday"": ""10:30-20:0"", ""Friday"": ""10:30-21:0"", ""Saturday"": ""10:30-20:0"", ""Sunday"": ""10:30-15:0""}"
GKBMG4pyC7dBTlN9vAkRBg__fitness_and_instruction,GKBMG4pyC7dBTlN9vAkRBg,Footprints To Fitness,Fitness & Instruction,GKBMG4pyC7dBTlN9vAkRBg,Fitness & Instruction,30.0044020,-90.0993868,-2136.728655,5329.352266,New Orleans,LA,5.0,5,1,,,,,true,,,,"{""Monday"": ""0:0-0:0"", ""Tuesday"": ""0:0-0:0"", ""Wednesday"": ""0:0-0:0"", ""Thursday"": ""0:0-0:0"", ""Friday"": ""0:0-0:0"", ""Saturday"": ""0:0-0:0"", ""Sunday"": ""0:0-0:0""}"
KFXnlnzeeQiIx9krxuupMg__cocktail_bars,KFXnlnzeeQiIx9krxuupMg,Cru by Chef Marlon Alexander,Cocktail Bars,KFXnlnzeeQiIx9krxuupMg,Cocktail Bars,29.9637470,-90.0516130,2465.797914,808.716279,New Orleans,LA,4.0,72,0,2,true,true,true,,full_bar,free,classy,"{""Monday"": ""16:0-22:0"", ""Tuesday"": ""16:0-22:0"", ""Wednesday"": ""16:0-22:0"", ""Thursday"": ""16:0-22:0"", ""Friday"": ""16:0-22:0"", ""Saturday"": ""10:0-2:0"", ""Sunday"": ""10:0-16:0""}"
W2qQxXVHtwQA9dkNQKPiNw__art_galleries,W2qQxXVHtwQA9dkNQKPiNw,A Gallery For Fine Photography,Art Galleries,W2qQxXVHtwQA9dkNQKPiNw,Art Galleries,29.9542859,-90.0668211,1000.649981,-243.311494,New Orleans,LA,4.5,14,1,3,,,,false,,,,"{""Monday"": ""10:30-17:0"", ""Thursday"": ""10:30-17:0"", ""Friday"": ""10:30-17:0"", ""Saturday"": ""10:30-17:0"", ""Sunday"": ""12:0-17:0""}"
lERF8vpTeN71A-vE9DhIaQ__american_(new),lERF8vpTeN71A-vE9DhIaQ,5FIFTY5,American (New),lERF8vpTeN71A-vE9DhIaQ,American (New),29.9527220,-90.0673920,945.649491,-417.209480,New Orleans,LA,3.0,46,1,2,true,false,false,true,full_bar,free,classy,"{""Monday"": ""6:30-14:0"", ""Tuesday"": ""6:30-14:0"", ""Wednesday"": ""6:30-14:0"", ""Thursday"": ""6:30-14:0"", ""Friday"": ""6:30-14:0"", ""Saturday"": ""6:30-14:0"", ""Sunday"": ""6:30-14:0""}"
iIJ0q98bKev6CBJKo76PvA__fitness_and_instruction,iIJ0q98bKev6CBJKo76PvA,New Orleans JCC,Fitness & Instruction,iIJ0q98bKev6CBJKo76PvA,Fitness & Instruction,29.9273570,-90.1128950,-3438.108269,-3237.672691,New Orleans,LA,4.5,20,1,,,,,true,,free,,"{""Monday"": ""0:0-0:0"", ""Tuesday"": ""5:30-21:0"", ""Wednesday"": ""5:30-21:0"", ""Thursday"": ""5:30-17:0"", ""Friday"": ""5:30-18:0"", ""Saturday"": ""8:0-18:45"", ""Sunday"": ""8:0-18:45""}"
5rScKeYVjFk8VahsvJv9QA__fast_food,5rScKeYVjFk8VahsvJv9QA,Mikimoto,Fast Food,5rScKeYVjFk8VahsvJv9QA,Fast Food,29.9623346,-90.1132960,-3476.738103,651.667228,New Orleans,LA,4.0,394,1,2,true,true,,true,full_bar,no,casual,"{""Monday"": ""11:0-22:0"", ""Tuesday"": ""11:0-22:0"", ""Wednesday"": ""11:0-22:0"", ""Thursday"": ""11:0-22:0"", ""Friday"": ""11:0-22:30"", ""Saturday"": ""16:0-22:30"", ""Sunday"": ""11:30-22:0""}"
MIKYzWkBnbo3YUhqZUWlEw__pizza,MIKYzWkBnbo3YUhqZUWlEw,Crescent City Pizza Works,Pizza,MIKYzWkBnbo3YUhqZUWlEw,Pizza,29.9565270,-90.0677590,910.292721,5.887800,New Orleans,LA,4.5,439,1,1,true,true,false,true,beer_and_wine,no,casual|touristy,"{""Monday"": ""15:0-2:0"", ""Tuesday"": ""15:0-2:0"", ""Wednesday"": ""15:0-2:0"", ""Thursday"": ""15:0-2:0"", ""Friday"": ""11:0-3:0"", ""Saturday"": ""11:0-3:0"", ""Sunday"": ""11:0-2:0""}"
D9Zd-GmwJN5-u9Kfv2UXoQ__american_(new),D9Zd-GmwJN5-u9Kfv2UXoQ,French Quarter Grill,American (New),D9Zd-GmwJN5-u9Kfv2UXoQ,American (New),29.9594780,-90.0610630,1555.385176,334.024482,New Orleans,LA,4.0,7,0,2,true,true,true,true,full_bar,no,,"{""Monday"": ""12:0-22:0"", ""Tuesday"": ""12:0-22:0"", ""Wednesday"": ""12:0-22:0"", ""Thursday"": ""12:0-22:0"", ""Friday"": ""12:0-0:0"", ""Saturday"": ""12:0-0:0"", ""Sunday"": ""12:0-22:0""}"
Mcj6MC23gIny1n0GGeGDQQ__beer,Mcj6MC23gIny1n0GGeGDQQ,Bruno's Tavern,Beer,Mcj6MC23gIny1n0GGeGDQQ,Beer,29.9410281,-90.1286187,-4952.931895,-1717.510938,New Orleans,LA,3.0,116,1,2,true,true,true,false,full_bar,free,casual,"{""Monday"": ""15:0-2:0"", ""Tuesday"": ""15:0-2:0"", ""Wednesday"": ""15:0-2:0"", ""Thursday"": ""15:0-2:0"", ""Friday"": ""11:0-2:0"", ""Saturday"": ""11:0-2:0"", ""Sunday"": ""15:0-2:0""}"
NHlvOSS83Dp2ys_xCX7YQw__breakfast_and_brunch,NHlvOSS83Dp2ys_xCX7YQw,Freddie's Chicken N' Waffles,Breakfast & Brunch,NHlvOSS83Dp2ys_xCX7YQw,Breakfast & Brunch,29.9178992,-90.0079056,6676.567620,-4289.333520,New Orleans,LA,4.5,52,0,2,true,true,false,true,none,free,casual,"{""Monday"": ""16:0-22:0"", ""Tuesday"": ""16:0-22:0"", ""Thursday"": ""16:0-22:0"", ""Friday"": ""16:0-22:0"", ""Saturday"": ""16:0-22:0"", ""Sunday"": ""16:0-22:0""}"
VlqngN60qoCeOlUvWXD4qg__cocktail_bars,VlqngN60qoCeOlUvWXD4qg,Palm&Pine,Cocktail Bars,VlqngN60qoCeOlUvWXD4qg,Cocktail Bars,29.9574597,-90.0707714,620.075684,109.604121,New Orleans,LA,4.5,100,1,,false,false,true,,full_bar,free,classy,"{""Monday"": ""17:30-21:0"", ""Thursday"": ""17:30-21:0"", ""Friday"": ""17:0-1:0"", ""Saturday"": ""17:0-1:0"", ""Sunday"": ""17:30-21:0""}"
tkFVHNahcoerkZYZsdwmBQ__pizza,tkFVHNahcoerkZYZsdwmBQ,Café Roma,Pizza,tkFVHNahcoerkZYZsdwmBQ,Pizza,29.9387490,-90.0806265,-329.361873,-1970.938336,New Orleans,LA,3.5,86,1,2,true,true,false,true,none,free,casual,"{""Monday"": ""11:0-0:0"", ""Tuesday"": ""11:0-0:0"", ""Wednesday"": ""11:0-0:0"", ""Thursday"": ""11:0-0:0"", ""Friday"": ""11:0-0:0"", ""Saturday"": ""11:0-0:0"", ""Sunday"": ""11:0-0:0""}"
rkZsld6EP8r_iYRba7ug8Q__cocktail_bars,rkZsld6EP8r_iYRba7ug8Q,Wrong Iron,Cocktail Bars,rkZsld6EP8r_iYRba7ug8Q,Cocktail Bars,29.9750176,-90.0921986,-1444.219718,2061.952585,New Orleans,LA,4.0,197,1,2,,,true,,full_bar,free,classy,"{""Monday"": ""16:0-1:0"", ""Tuesday"": ""16:0-1:0"", ""Wednesday"": ""16:0-1:0"", ""Thursday"": ""16:0-1:0"", ""Friday"": ""16:0-2:0"", ""Saturday"": ""12:0-2:0"", ""Sunday"": ""12:0-0:0""}"
zXpGAg7LdcAWHrZPgyZQ0A__fitness_and_instruction,zXpGAg7LdcAWHrZPgyZQ0A,Ashtanga Yoga Room,Fitness & Instruction,zXpGAg7LdcAWHrZPgyZQ0A,Fitness & Instruction,29.9356165,-90.1041587,-2596.450103,-2319.259483,New Orleans,LA,3.5,11,1,,,,,false,,,,"{""Monday"": ""18:30-19:30"", ""Tuesday"": ""18:30-20:0"", ""Wednesday"": ""17:30-19:0"", ""Thursday"": ""6:30-22:30"", ""Friday"": ""9:0-10:0"", ""Saturday"": ""10:0-11:30"", ""Sunday"": ""9:30-11:0""}"
fyVp9XdUrcMxBUn4h1ZmmQ__pizza,fyVp9XdUrcMxBUn4h1ZmmQ,Rampart Treehouse,Pizza,fyVp9XdUrcMxBUn4h1ZmmQ,Pizza,29.9611404,-90.0675418,931.217763,518.875183,New Orleans,LA,4.0,32,1,,,,,,full_bar,,,"{""Monday"": ""13:0-1:0"", ""Tuesday"": ""13:0-1:0"", ""Wednesday"": ""13:0-1:0"", ""Thursday"": ""13:0-1:0"", ""Friday"": ""13:0-1:0"", ""Saturday"": ""13:0-1:0"", ""Sunday"": ""13:0-1:0""}"
kh5gB31SUBeV_rxoOF-2jg__pizza,kh5gB31SUBeV_rxoOF-2jg,Zee’s Pizzeria,Pizza,kh5gB31SUBeV_rxoOF-2jg,Pizza,29.9521237,-90.0975682,-1961.524782,-483.734628,New Orleans,LA,5.0,9,1,,,,,,,,,"{""Thursday"": ""16:0-20:0"", ""Saturday"": ""13:0-18:0""}"
YrCOY3MmbmLKRJLblmSEgw__american_(new),YrCOY3MmbmLKRJLblmSEgw,Killer Poboys,American (New),YrCOY3MmbmLKRJLblmSEgw,American (New),29.9557105,-90.0698273,711.032756,-84.902983,New Orleans,LA,4.0,485,1,2,true,false,false,true,beer_and_wine,no,casual|hipster,"{""Monday"": ""0:0-0:0"", ""Wednesday"": ""11:0-20:0"", ""Thursday"": ""11:0-15:0"", ""Friday"": ""11:0-20:0"", ""Saturday"": ""11:0-20:0"", ""Sunday"": ""11:0-20:0""}"
GDZ0PszYSUO-5UryxN33uw__fitness_and_instruction,GDZ0PszYSUO-5UryxN33uw,Life Yoga Studio,Fitness & Instruction,GDZ0PszYSUO-5UryxN33uw,Fitness & Instruction,29.9207888,-90.1157400,-3712.195490,-3968.024217,New Orleans,LA,4.5,30,0,,,,,false,,,,"{""Monday"": ""17:30-20:30"", ""Tuesday"": ""17:30-20:30"", ""Wednesday"": ""17:30-20:30"", ""Thursday"": ""17:30-20:30"", ""Friday"": ""9:30-13:0"", ""Saturday"": ""16:0-17:0"", ""Sunday"": ""16:0-18:30""}"
eHryzSI0_fyLd5b8hQbl4w__beer,eHryzSI0_fyLd5b8hQbl4w,Saints Restaurant & Bar,Beer,eHryzSI0_fyLd5b8hQbl4w,Beer,29.9444060,-90.0853930,-788.566351,-1341.907768,New Orleans,LA,3.0,6,1,,true,true,true,,full_bar,free,,"{""Tuesday"": ""11:0-20:0"", ""Wednesday"": ""11:0-20:0"", ""Thursday"": ""11:0-20:0"", ""Friday"": ""11:0-20:0"", ""Saturday"": ""11:0-20:0""}"
LXPOh6K2N4b1zA8wgahlKg__fast_food,LXPOh6K2N4b1zA8wgahlKg,Wendy's,Fast Food,LXPOh6K2N4b1zA8wgahlKg,Fast Food,29.9404465,-90.0749504,217.473444,-1782.184688,New Orleans,LA,2.0,53,1,1,true,true,false,true,none,free,,"{""Monday"": ""6:0-2:0"", ""Tuesday"": ""6:0-2:0"", ""Wednesday"": ""6:0-2:0"", ""Thursday"": ""6:0-2:0"", ""Friday"": ""6:0-3:0"", ""Saturday"": ""6:30-3:0"", ""Sunday"": ""7:0-2:0""}"
IGna30iAQJa6RMbsv-9tWg__breakfast_and_brunch,IGna30iAQJa6RMbsv-9tWg,Dong Phuong,Breakfast & Brunch,IGna30iAQJa6RMbsv-9tWg,Breakfast & Brunch,30.0357777,-89.9149015,15636.580039,8818.175745,New Orleans,LA,4.5,402,1,1,true,true,,true,none,no,casual,"{""Monday"": ""0:0-0:0"", ""Wednesday"": ""8:0-17:0"", ""Thursday"": ""8:0-17:0"", ""Friday"": ""8:0-17:0"", ""Saturday"": ""8:0-17:0"", ""Sunday"": ""8:0-17:0""}"
QtmsJGQPbhGszzk6Fggskg__desserts,QtmsJGQPbhGszzk6Fggskg,Shake Therapy,Desserts,QtmsJGQPbhGszzk6Fggskg,Desserts,29.9437683,-90.1339873,-5470.139867,-1412.816870,New Orleans,LA,4.0,53,0,1,true,,,true,,no,,"{""Monday"": ""13:0-22:0"", ""Tuesday"": ""13:0-22:0"", ""Wednesday"": ""13:0-22:0"", ""Thursday"": ""13:0-22:0"", ""Friday"": ""11:0-22:0"", ""Saturday"": ""11:0-22:0"", ""Sunday"": ""11:0-22:0""}"
N6Wo9LW3MDLzj7BxDdzESw__fast_food,N6Wo9LW3MDLzj7BxDdzESw,Raising Cane's Chicken Fingers,Fast Food,N6Wo9LW3MDLzj7BxDdzESw,Fast Food,29.9413941,-90.0959097,-1801.748406,-1676.818087,New Orleans,LA,4.0,35,1,1,true,false,false,true,none,no,casual,"{""Monday"": ""10:0-0:0"", ""Tuesday"": ""10:0-0:0"", ""Wednesday"": ""10:0-0:0"", ""Thursday"": ""10:0-0:0"", ""Friday"": ""10:0-0:0"", ""Saturday"": ""10:0-0:0"", ""Sunday"": ""10:0-0:0""}"
NuI532ndKlcbevcw68YCRA__breakfast_and_brunch,NuI532ndKlcbevcw68YCRA,River's Edge,Breakfast & Brunch,NuI532ndKlcbevcw68YCRA,Breakfast & Brunch,29.9576636,-90.0621064,1454.867257,132.273963,New Orleans,LA,2.0,191,0,2,true,false,false,true,full_bar,no,casual,
2wyats5xMAB-f5bp1pQ8dQ__cajun_creole,2wyats5xMAB-f5bp1pQ8dQ,Cajun Cafe At The Market,Cajun/Creole,2wyats5xMAB-f5bp1pQ8dQ,Cajun/Creole,29.9605440,-90.0583070,1820.898139,452.558437,New Orleans,LA,4.0,36,0,1,true,false,true,true,none,no,casual,"{""Monday"": ""10:0-18:0"", ""Tuesday"": ""10:0-18:0"", ""Wednesday"": ""10:0-18:0"", ""Thursday"": ""10:0-18:0"", ""Friday"": ""10:0-18:0"", ""Saturday"": ""10:0-18:0"", ""Sunday"": ""10:0-18:0""}"
otlORLZ8uZM3_orBFl2z7w__cocktail_bars,otlORLZ8uZM3_orBFl2z7w,El Libre,Cocktail Bars,otlORLZ8uZM3_orBFl2z7w,Cocktail Bars,29.9584208,-90.0617600,1488.236215,216.469043,New Orleans,LA,4.5,151,0,1,true,true,false,true,full_bar,free,casual,"{""Monday"": ""0:0-0:0"", ""Tuesday"": ""9:30-15:30"", ""Wednesday"": ""9:30-14:0"", ""Thursday"": ""9:30-21:30"", ""Friday"": ""9:30-21:30"", ""Saturday"": ""9:30-21:30"", ""Sunday"": ""9:30-21:30""}"
t9LiapsQABwMQeiF1Czl6w__burgers,t9LiapsQABwMQeiF1Czl6w,Port Of Call,Burgers,t9LiapsQABwMQeiF1Czl6w,Burgers,29.9644420,-90.0617760,1486.694775,885.996860,New Orleans,LA,4.0,1703,1,2,true,,true,true,full_bar,no,classy|divey,"{""Monday"": ""9:0-21:0"", ""Wednesday"": ""12:0-21:0"", ""Thursday"": ""12:0-21:0"", ""Friday"": ""12:0-0:0"", ""Saturday"": ""12:0-0:0"", ""Sunday"": ""12:0-21:0""}"
0pvEqchHi_fkxg2gbzt09A__fitness_and_instruction,0pvEqchHi_fkxg2gbzt09A,Wild Lotus Yoga Downtown,Fitness & Instruction,0pvEqchHi_fkxg2gbzt09A,Fitness & Instruction,29.9686397,-90.0523512,2394.675604,1352.757768,New Orleans,LA,4.5,22,0,,,,,true,,,,
16onZBQb4tbXOKBztMh-3A__fitness_and_instruction,16onZBQb4tbXOKBztMh-3A,NOLA Kickboxing - Uptown,Fitness & Instruction,16onZBQb4tbXOKBztMh-3A,Fitness & Instruction,29.9209091,-90.1033572,-2519.236881,-3954.647448,New Orleans,LA,5.0,15,1,,,,,true,,,,"{""Tuesday"": ""7:30-20:30"", ""Thursday"": ""7:30-20:30"", ""Friday"": ""7:30-20:30""}"
nk57ztPzISaH4JypK87DDQ__fast_food,nk57ztPzISaH4JypK87DDQ,Church's Chicken,Fast Food,nk57ztPzISaH4JypK87DDQ,Fast Food,29.9458918,-90.0880687,-1046.343215,-1176.694117,New Orleans,LA,2.5,12,1,1,true,true,false,true,none,,,"{""Monday"": ""10:0-23:0"", ""Tuesday"": ""10:0-23:0"", ""Wednesday"": ""10:0-23:0"", ""Thursday"": ""10:0-23:0"", ""Friday"": ""10:0-0:0"", ""Saturday"": ""10:0-0:0"", ""Sunday"": ""10:0-23:0""}"
xU4K9Omt5ydLIaUPFQbJqw__desserts,xU4K9Omt5ydLIaUPFQbJqw,Mr Poor Boy Restaurant,Desserts,xU4K9Omt5ydLIaUPFQbJqw,Desserts,29.9625970,-90.2229830,-14043.983141,680.841937,New Orleans,LA,4.0,41,1,1,true,,false,true,none,no,casual,"{""Monday"": ""10:30-20:0"", ""Tuesday"": ""10:30-20:0"", ""Wednesday"": ""10:30-20:0"", ""Thursday"": ""10:30-20:0"", ""Friday"": ""10:30-20:0"", ""Saturday"": ""10:30-20:0""}"
JfbMRq4Wa_XMK9RBQ3lHPA__american_(traditional),JfbMRq4Wa_XMK9RBQ3lHPA,Marie’s Kitchen,American (Traditional),JfbMRq4Wa_XMK9RBQ3lHPA,American (Traditional),29.9669518,-90.0520906,2419.785943,1165.074272,New Orleans,LA,5.0,18,0,1,true,,true,,full_bar,free,casual|divey|intimate,"{""Thursday"": ""17:0-0:0"", ""Friday"": ""17:0-0:0"", ""Saturday"": ""17:0-0:0"", ""Sunday"": ""17:0-0:0""}"
L5GAWGH1w3HN45MMnaTBjw__american_(new),L5GAWGH1w3HN45MMnaTBjw,Feast New Orleans,American (New),L5GAWGH1w3HN45MMnaTBjw,American (New),29.9444012,-90.0653718,1140.275503,-1342.441504,New Orleans,LA,3.5,23,0,3,false,false,false,false,full_bar,,casual,"{""Monday"": ""17:0-22:0"", ""Tuesday"": ""17:0-22:0"", ""Wednesday"": ""17:0-22:0"", ""Thursday"": ""17:0-22:0"", ""Friday"": ""17:0-22:0"", ""Saturday"": ""17:0-22:0""}"
WO50znGFUpQwwCMWfJ1a-w__fitness_and_instruction,WO50znGFUpQwwCMWfJ1a-w,LSU Health Fitness,Fitness & Instruction,WO50znGFUpQwwCMWfJ1a-w,Fitness & Instruction,29.9470820,-90.0337834,4183.501084,-1044.349733,New Orleans,LA,3.5,6,1,,,,,true,,,,"{""Monday"": ""5:30-20:30"", ""Tuesday"": ""5:30-20:30"", ""Wednesday"": ""5:30-20:30"", ""Thursday"": ""5:30-20:30"", ""Friday"": ""5:30-20:30"", ""Saturday"": ""8:0-17:0"", ""Sunday"": ""13:0-17:0""}"
XD6GGQWPvJVfFyiMN2wNXw__fitness_and_instruction,XD6GGQWPvJVfFyiMN2wNXw,St. Charles Avenue Athletic Club,Fitness & Instruction,XD6GGQWPvJVfFyiMN2wNXw,Fitness & Instruction,29.9380290,-90.0757352,141.865834,-2050.998794,New Orleans,LA,3.5,40,1,,,,,false,,,,"{""Monday"": ""5:0-22:0"", ""Tuesday"": ""5:0-22:0"", ""Wednesday"": ""5:0-22:0"", ""Thursday"": ""5:0-22:0"", ""Friday"": ""5:0-21:0"", ""Saturday"": ""7:0-20:0"", ""Sunday"": ""8:0-18:0""}"
LqzlL37ZOGVS8oSgKP3GGQ__burgers,LqzlL37ZOGVS8oSgKP3GGQ,The Recovery Room Bar & Grill,Burgers,LqzlL37ZOGVS8oSgKP3GGQ,Burgers,29.9634049,-90.1476472,-6786.134255,770.676442,New Orleans,LA,3.0,8,0,1,true,false,false,false,full_bar,no,,
Qo14LZITJ4fIhSdqOVsm6w__venues_and_event_spaces,Qo14LZITJ4fIhSdqOVsm6w,Pat O'Brien's Courtyard Restaurant,Venues & Event Spaces,Qo14LZITJ4fIhSdqOVsm6w,Venues & Event Spaces,29.9581881,-90.0658539,1093.830002,190.593948,New Orleans,LA,4.0,480,1,2,false,false,true,false,full_bar,no,casual|classy|touristy|trendy,"{""Monday"": ""11:0-2:0"", ""Tuesday"": ""11:0-2:0"", ""Wednesday"": ""11:0-2:0"", ""Thursday"": ""11:0-2:0"", ""Friday"": ""10:0-2:0"", ""Saturday"": ""10:0-2:0"", ""Sunday"": ""10:0-2:0""}"
Trbe4JX-oLHrrVVPcv0wog__venues_and_event_spaces,Trbe4JX-oLHrrVVPcv0wog,Broussard's,Venues & Event Spaces,Trbe4JX-oLHrrVVPcv0wog,Venues & Event Spaces,29.9566330,-90.0680740,879.945630,17.674478,New Orleans,LA,4.0,653,1,3,false,false,true,false,full_bar,free,classy|upscale,"{""Thursday"": ""17:0-21:0"", ""Friday"": ""10:0-21:0"", ""Saturday"": ""10:0-21:0"", ""Sunday"": ""10:0-17:0""}"
25hhqe_CFWcyFOVQeW7Kfw__burgers,25hhqe_CFWcyFOVQeW7Kfw,"MOOYAH Burgers, Fries & Shakes",Burgers,25hhqe_CFWcyFOVQeW7Kfw,Burgers,29.9442813,-90.0622348,1442.492821,-1355.776252,New Orleans,LA,3.0,48,1,2,true,true,false,true,none,no,touristy,"{""Monday"": ""0:0-0:0"", ""Tuesday"": ""10:0-21:0"", ""Wednesday"": ""10:0-21:0"", ""Thursday"": ""10:0-21:0"", ""Friday"": ""10:0-21:0"", ""Saturday"": ""10:0-21:0"", ""Sunday"": ""10:0-18:0""}"
Vg15z_VMQL8cJW04B-lfAA__art_galleries,Vg15z_VMQL8cJW04B-lfAA,Frenchy Galleries,Art Galleries,Vg15z_VMQL8cJW04B-lfAA,Art Galleries,29.9492116,-90.1317849,-5257.960712,-807.548690,New Orleans,LA,4.0,9,1,3,,,,true,,,,
xJ2Gp-Hb102Mltc9xztkGA__cajun_creole,xJ2Gp-Hb102Mltc9xztkGA,Huey's 24/7 Diner,Cajun/Creole,xJ2Gp-Hb102Mltc9xztkGA,Cajun/Creole,29.9563660,-90.0629140,1377.059887,-12.014608,New Orleans,LA,3.5,7,0,2,,,true,,full_bar,no,,"{""Monday"": ""6:0-6:0"", ""Tuesday"": ""6:0-6:0"", ""Wednesday"": ""6:0-6:0"", ""Thursday"": ""6:0-6:0"", ""Friday"": ""6:0-6:0"", ""Saturday"": ""6:0-6:0"", ""Sunday"": ""6:0-6:0""}"
HCAEt5uZvcE3gU46bViwvA__breakfast_and_brunch,HCAEt5uZvcE3gU46bViwvA,Petunia's Restaurant,Breakfast & Brunch,HCAEt5uZvcE3gU46bViwvA,Breakfast & Brunch,29.9572864,-90.0674261,942.364298,90.329344,New Orleans,LA,4.0,41,0,2,false,false,false,true,full_bar,,,
3ArvoGCDuPYIj-RIInT8Dw__coffee_and_tea,3ArvoGCDuPYIj-RIInT8Dw,Riverluna,Coffee & Tea,3ArvoGCDuPYIj-RIInT8Dw,Coffee & Tea,29.9312975,-90.0741309,296.424745,-2799.505953,New Orleans,LA,2.5,7,0,1,true,,true,true,,free,,
iFgoIM21C_P68N8Dk-HHEA__american_(new),iFgoIM21C_P68N8Dk-HHEA,Stella!,American (New),iFgoIM21C_P68N8Dk-HHEA,American (New),29.9603205,-90.0610674,1554.961280,427.706337,New Orleans,LA,4.0,212,0,4,false,false,false,false,full_bar,no,upscale,"{""Monday"": ""17:30-22:30"", ""Tuesday"": ""17:30-22:30"", ""Wednesday"": ""17:30-22:30"", ""Thursday"": ""17:30-22:30"", ""Friday"": ""17:30-22:30"", ""Saturday"": ""17:30-22:30"", ""Sunday"": ""17:30-22:30""}"
FL2-I_dZF0dGtpgkDqNUjw__fitness_and_instruction,FL2-I_dZF0dGtpgkDqNUjw,Wild Lotus Yoga Uptown,Fitness & Instruction,FL2-I_dZF0dGtpgkDqNUjw,Fitness & Instruction,29.9242911,-90.1077713,-2944.495488,-3578.581439,New Orleans,LA,4.5,42,1,,,,,true,,,,"{""Monday"": ""9:0-21:0"", ""Tuesday"": ""6:30-21:30"", ""Wednesday"": ""9:0-21:30"", ""Thursday"": ""6:30-19:0"", ""Friday"": ""9:0-19:0"", ""Saturday"": ""9:0-15:30"", ""Sunday"": ""9:0-19:30""}"
JIxyIXx5GmB2kSnBaRVPOg__fast_food,JIxyIXx5GmB2kSnBaRVPOg,Popeyes Louisiana Kitchen,Fast Food,JIxyIXx5GmB2kSnBaRVPOg,Fast Food,29.9531343,-90.0683531,853.057144,-371.363749,New Orleans,LA,3.0,153,1,1,true,,false,true,none,no,casual,"{""Monday"": ""10:0-22:0"", ""Tuesday"": ""10:0-22:0"", ""Wednesday"": ""10:0-22:0"", ""Thursday"": ""10:0-22:0"", ""Friday"": ""10:0-1:0"", ""Saturday"": ""10:0-1:0"", ""Sunday"": ""10:0-22:0""}"
_393npnr0Dw1aGKy83x_0A__pizza,_393npnr0Dw1aGKy83x_0A,Paladar 511,Pizza,_393npnr0Dw1aGKy83x_0A,Pizza,29.9630345,-90.0548061,2158.174749,729.489785,New Orleans,LA,4.5,507,1,2,true,false,true,false,full_bar,no,casual|classy|trendy,"{""Monday"": ""0:0-0:0"", ""Tuesday"": ""17:30-21:30"", ""Wednesday"": ""17:30-21:30"", ""Thursday"": ""17:30-21:30"", ""Friday"": ""17:30-21:30"", ""Saturday"": ""17:30-21:30"", ""Sunday"": ""17:30-21:30""}"
D2RJisBP4i8xkeua8HqtEA__cajun_creole,D2RJisBP4i8xkeua8HqtEA,Chef Scott's Creole BBQ,Cajun/Creole,D2RJisBP4i8xkeua8HqtEA,Cajun/Creole,29.9728963,-90.0806092,-327.695191,1826.073427,New Orleans,LA,3.5,5,0,2,true,true,,false,,,,"{""Monday"": ""11:0-0:0"", ""Tuesday"": ""11:0-0:0"", ""Wednesday"": ""11:0-0:0"", ""Thursday"": ""11:0-0:0"", ""Friday"": ""11:0-0:0"", ""Saturday"": ""11:0-0:0"", ""Sunday"": ""11:0-0:0""}"
hKgGCm8R_zRHl_YhVq16xA__venues_and_event_spaces,hKgGCm8R_zRHl_YhVq16xA,Three Keys,Venues & Event Spaces,hKgGCm8R_zRHl_YhVq16xA,Venues & Event Spaces,29.9483315,-90.0718664,514.585919,-905.411480,New Orleans,LA,3.5,6,1,2,,,,false,full_bar,,,"{""Monday"": ""21:0-1:0"", ""Tuesday"": ""21:0-1:0"", ""Wednesday"": ""21:0-1:0"", ""Thursday"": ""21:0-1:0"", ""Friday"": ""21:0-1:0"", ""Saturday"": ""21:0-1:0"", ""Sunday"": ""21:0-1:0""}"
bTKWAlF-Q9vsollSo1fbNQ__venues_and_event_spaces,bTKWAlF-Q9vsollSo1fbNQ,Lake Pontchartrain Basin Foundation,Venues & Event Spaces,bTKWAlF-Q9vsollSo1fbNQ,Venues & Event Spaces,30.0269753,-90.1132760,-3474.813799,7839.392171,New Orleans,LA,4.5,6,1,,,,,true,,,,"{""Monday"": ""10:0-16:0"", ""Tuesday"": ""10:0-16:0"", ""Wednesday"": ""10:0-16:0"", ""Thursday"": ""10:0-16:0"", ""Friday"": ""10:0-16:0"", ""Saturday"": ""10:0-16:0"", ""Sunday"": ""11:0-14:0""}"
-sUHs1vO_8lTzm9tstM4Cw__sandwiches,-sUHs1vO_8lTzm9tstM4Cw,The Sammich,Sandwiches,-sUHs1vO_8lTzm9tstM4Cw,Sandwiches,29.9420123,-90.1297208,-5059.105375,-1608.075431,New Orleans,LA,4.0,93,0,2,true,false,true,true,full_bar,free,casual,"{""Monday"": ""11:0-22:0"", ""Tuesday"": ""11:0-22:0"", ""Wednesday"": ""11:0-22:0"", ""Thursday"": ""11:0-22:0"", ""Friday"": ""11:0-22:0"", ""Saturday"": ""11:0-22:0"", ""Sunday"": ""11:0-22:0""}"
RPEMUwN_CDRRToQ_7hxsvA__southern,RPEMUwN_CDRRToQ_7hxsvA,Borgne,Southern,RPEMUwN_CDRRToQ_7hxsvA,Southern,29.9493166,-90.0764273,75.185220,-795.872528,New Orleans,LA,4.0,554,0,2,true,true,false,false,full_bar,free,classy,"{""Monday"": ""11:0-21:0"", ""Tuesday"": ""11:0-21:0"", ""Wednesday"": ""11:0-21:0"", ""Thursday"": ""11:0-21:0"", ""Friday"": ""11:0-22:0"", ""Saturday"": ""11:0-22:0"", ""Sunday"": ""11:0-21:0""}"
xX5X62eyo8OkvmhoI84tjw__cafes,xX5X62eyo8OkvmhoI84tjw,P's and Q's,Cafes,xX5X62eyo8OkvmhoI84tjw,Cafes,29.9214119,-90.1183360,-3962.298326,-3898.733792,New Orleans,LA,5.0,25,0,1,true,false,false,true,none,,,"{""Tuesday"": ""10:0-17:0"", ""Wednesday"": ""10:0-17:0"", ""Thursday"": ""10:0-17:0"", ""Friday"": ""10:0-18:30"", ""Saturday"": ""11:0-18:0""}"
N1we1YLrBxPOoenxJwzdOA__american_(new),N1we1YLrBxPOoenxJwzdOA,Max Well - New Orleans,American (New),N1we1YLrBxPOoenxJwzdOA,American (New),29.9229891,-90.1233870,-4448.907259,-3723.361681,New Orleans,LA,4.5,65,1,2,true,true,true,,beer_and_wine,free,,"{""Monday"": ""0:0-0:0"", ""Tuesday"": ""11:0-21:0"", ""Wednesday"": ""11:0-21:0"", ""Thursday"": ""11:0-21:0"", ""Friday"": ""11:0-21:0"", ""Saturday"": ""11:0-21:0""}"
cIzp7QZOaUyRLl3ZcwsrHw__seafood,cIzp7QZOaUyRLl3ZcwsrHw,Addis Nola,Seafood,cIzp7QZOaUyRLl3ZcwsrHw,Seafood,29.9621191,-90.0899073,-1223.473888,627.701808,New Orleans,LA,4.5,152,1,2,true,false,false,true,beer_and_wine,free,casual,"{""Monday"": ""0:0-0:0"", ""Tuesday"": ""11:0-21:0"", ""Wednesday"": ""11:0-21:0"", ""Thursday"": ""11:0-21:0"", ""Friday"": ""11:0-21:0"", ""Saturday"": ""11:0-21:0"", ""Sunday"": ""11:0-21:0""}"
0O3FAdHUwqSwdue0CEW_jw__desserts,0O3FAdHUwqSwdue0CEW_jw,The Creole Creamery,Desserts,0O3FAdHUwqSwdue0CEW_jw,Desserts,30.0040428,-90.1070647,-2876.417329,5289.410993,New Orleans,LA,4.5,165,1,1,true,false,,true,,no,,"{""Monday"": ""14:0-21:0"", ""Tuesday"": ""14:0-21:0"", ""Wednesday"": ""14:0-21:0"", ""Thursday"": ""14:0-21:0"", ""Friday"": ""14:0-21:0"", ""Saturday"": ""12:0-21:0"", ""Sunday"": ""12:0-21:0""}"
EqtIaqJq9HWUQ9jy06srwg__fitness_and_instruction,EqtIaqJq9HWUQ9jy06srwg,Sojourn Massage Therapy,Fitness & Instruction,EqtIaqJq9HWUQ9jy06srwg,Fitness & Instruction,29.9356378,-90.1041242,-2593.129640,-2316.888470,New Orleans,LA,5.0,7,1,,,,,,,no,,"{""Monday"": ""10:0-20:0"", ""Tuesday"": ""10:0-20:0"", ""Wednesday"": ""10:0-20:0"", ""Thursday"": ""10:0-20:0"", ""Friday"": ""10:0-20:0"", ""Saturday"": ""11:0-17:0""}"
UrL0BNcqqFjyBoCQZ00S5Q__fitness_and_instruction,UrL0BNcqqFjyBoCQZ00S5Q,Uptown Athletic Club,Fitness & Instruction,UrL0BNcqqFjyBoCQZ00S5Q,Fitness & Instruction,29.9250961,-90.1074464,-2913.190296,-3489.073647,New Orleans,LA,4.0,5,0,,,,,false,,,,"{""Monday"": ""5:0-22:0"", ""Tuesday"": ""5:0-22:0"", ""Wednesday"": ""5:0-22:0"", ""Thursday"": ""5:0-22:0"", ""Friday"": ""5:0-22:0"", ""Saturday"": ""5:0-22:0"", ""Sunday"": ""5:0-22:0""}"
ZLhDc0nkZMBe1bSifU1IDQ__fitness_and_instruction,ZLhDc0nkZMBe1bSifU1IDQ,Body Doctor's Gym,Fitness & Instruction,ZLhDc0nkZMBe1bSifU1IDQ,Fitness & Instruction,29.9805570,-90.1019170,-2380.488053,2677.905578,New Orleans,LA,5.0,12,1,,,,,false,,,,"{""Monday"": ""6:0-22:0"", ""Tuesday"": ""6:0-22:0"", ""Wednesday"": ""6:0-22:0"", ""Thursday"": ""6:0-22:0"", ""Friday"": ""6:0-22:0"", ""Saturday"": ""6:0-22:0"", ""Sunday"": ""6:0-22:0""}"
IvCiX_mRvmZWYuk-f3aEPw__art_galleries,IvCiX_mRvmZWYuk-f3aEPw,I. J. Reilly's Knick-knacks & Curiosities,Art Galleries,IvCiX_mRvmZWYuk-f3aEPw,Art Galleries,29.9643060,-90.0566737,1978.250216,870.874329,New Orleans,LA,4.5,7,0,2,,,,true,,no,,"{""Monday"": ""10:0-16:0"", ""Friday"": ""10:0-17:0"", ""Saturday"": ""10:0-17:0"", ""Sunday"": ""10:0-16:0""}"
lpHnM-LPShWWMylulsA-VQ__burgers,lpHnM-LPShWWMylulsA-VQ,The Shimmy Shack,Burgers,lpHnM-LPShWWMylulsA-VQ,Burgers,29.9666262,-90.2053039,-12340.777663,1128.869999,New Orleans,LA,3.0,112,1,2,true,false,true,true,full_bar,free,casual,"{""Monday"": ""11:0-22:0"", ""Tuesday"": ""11:0-22:0"", ""Wednesday"": ""11:0-22:0"", ""Thursday"": ""11:0-22:0"", ""Friday"": ""11:0-22:0"", ""Saturday"": ""11:0-22:0"", ""Sunday"": ""11:0-22:0""}"
HKdAOvtDv47zPjceCjbz4Q__southern,HKdAOvtDv47zPjceCjbz4Q,Le Bayou Restaurant,Southern,HKdAOvtDv47zPjceCjbz4Q,Southern,29.9549810,-90.0688148,808.581362,-166.016692,New Orleans,LA,4.0,640,0,2,true,false,true,true,full_bar,no,casual,"{""Monday"": ""11:0-1:0"", ""Tuesday"": ""11:0-1:0"", ""Wednesday"": ""11:0-1:0"", ""Thursday"": ""11:0-1:0"", ""Friday"": ""11:0-2:0"", ""Saturday"": ""11:0-2:0"", ""Sunday"": ""11:0-2:0""}"
1QwLNoPJuDaye0uqeE56xw__cafes,1QwLNoPJuDaye0uqeE56xw,Bhava,Cafes,1QwLNoPJuDaye0uqeE56xw,Cafes,29.9638955,-90.0516993,2457.479275,825.225769,New Orleans,LA,4.5,19,0,2,,false,true,false,full_bar,,romantic,"{""Thursday"": ""18:0-22:0"", ""Friday"": ""18:0-22:0"", ""Saturday"": ""18:0-22:0""}"
WPjeA9CWv-q7utSdnXmdIw__burgers,WPjeA9CWv-q7utSdnXmdIw,Juicy Lucy's,Burgers,WPjeA9CWv-q7utSdnXmdIw,Burgers,29.9753834,-90.1002057,-2215.621459,2102.626711,New Orleans,LA,3.0,140,0,2,true,false,true,true,full_bar,free,casual,"{""Monday"": ""11:0-22:0"", ""Tuesday"": ""11:0-22:0"", ""Wednesday"": ""11:0-22:0"", ""Thursday"": ""11:0-22:0"", ""Friday"": ""11:0-0:0"", ""Saturday"": ""11:0-0:0"", ""Sunday"": ""11:0-22:0""}"
oNlw6o-TdLrwhhfNS3XfgA__cajun_creole,oNlw6o-TdLrwhhfNS3XfgA,New Orleans Cookery,Cajun/Creole,oNlw6o-TdLrwhhfNS3XfgA,Cajun/Creole,29.9595176,-90.0605725,1602.639932,338.427807,New Orleans,LA,2.5,15,1,,,,,false,,,,
D6_nRMZwMxTr1Kvqv7hbNw__fitness_and_instruction,D6_nRMZwMxTr1Kvqv7hbNw,Grace Pilates + Yoga,Fitness & Instruction,D6_nRMZwMxTr1Kvqv7hbNw,Fitness & Instruction,29.9211126,-90.0997504,-2171.757869,-3932.019250,New Orleans,LA,5.0,5,1,,,,,,,,,"{""Monday"": ""6:0-20:0"", ""Tuesday"": ""6:0-20:0"", ""Wednesday"": ""6:0-20:0"", ""Thursday"": ""6:0-20:0"", ""Friday"": ""6:0-14:0"", ""Saturday"": ""9:30-13:30"", ""Sunday"": ""18:0-19:0""}"
CY23YgKIhIdFkoVLp7Vhhg__seafood,CY23YgKIhIdFkoVLp7Vhhg,Dockside Seafood and Oyster Bar,Seafood,CY23YgKIhIdFkoVLp7Vhhg,Seafood,29.9655028,-90.2056278,-12371.983654,1003.952601,New Orleans,LA,3.5,46,0,2,true,false,false,true,full_bar,no,casual,
4DEO0nDjhS6DifyFP7yJNA__burgers,4DEO0nDjhS6DifyFP7yJNA,Betty’s Bar & Bistro,Burgers,4DEO0nDjhS6DifyFP7yJNA,Burgers,29.9598306,-90.0673229,952.306583,373.231867,New Orleans,LA,4.5,46,1,,true,true,true,,full_bar,free,casual|trendy,"{""Monday"": ""11:0-0:0"", ""Tuesday"": ""11:0-0:0"", ""Wednesday"": ""11:0-0:0"", ""Thursday"": ""11:0-0:0"", ""Friday"": ""11:0-1:0"", ""Saturday"": ""11:0-1:0"", ""Sunday"": ""11:0-1:0""}"
AzLQdXSy9IDeBjIIRxBBrA__beer,AzLQdXSy9IDeBjIIRxBBrA,Twist,Beer,AzLQdXSy9IDeBjIIRxBBrA,Beer,29.9474499,-90.0711522,583.391927,-1003.441063,New Orleans,LA,2.5,6,0,,,,true,,full_bar,,,
CR8n4CVq19UqPpJlapQ7jg__seafood,CR8n4CVq19UqPpJlapQ7jg,MRB Bar And Restaurant,Seafood,CR8n4CVq19UqPpJlapQ7jg,Seafood,29.9595007,-90.0609279,1568.400706,336.548610,New Orleans,LA,4.0,105,1,,true,true,true,true,full_bar,free,casual|trendy,"{""Monday"": ""12:0-1:0"", ""Tuesday"": ""12:0-1:0"", ""Wednesday"": ""12:0-1:0"", ""Thursday"": ""12:0-1:0"", ""Friday"": ""12:0-1:0"", ""Saturday"": ""12:0-1:0"", ""Sunday"": ""12:0-1:0""}"
i4RtFXoDy45vFD2A3vSeVQ__pizza,i4RtFXoDy45vFD2A3vSeVQ,Papa John's Pizza,Pizza,i4RtFXoDy45vFD2A3vSeVQ,Pizza,29.9449857,-90.0768302,36.373564,-1277.447980,New Orleans,LA,1.5,22,1,1,true,true,false,true,,,classy,
ZLWgkXEvsCc2mgCnSo5eZg__art_galleries,ZLWgkXEvsCc2mgCnSo5eZg,Home Malone,Art Galleries,ZLWgkXEvsCc2mgCnSo5eZg,Art Galleries,29.9204380,-90.1041490,-2595.518871,-4007.031451,New Orleans,LA,4.5,10,1,,,,,,,,,"{""Monday"": ""0:0-0:0"", ""Tuesday"": ""10:0-18:0"", ""Wednesday"": ""10:0-15:0"", ""Thursday"": ""10:0-16:0"", ""Friday"": ""10:0-15:0"", ""Saturday"": ""10:0-18:0"", ""Sunday"": ""10:0-16:0""}"
LYd7px5BfCrGeNLHyaDW6w__seafood,LYd7px5BfCrGeNLHyaDW6w,Louisiana Seafood Festival,Seafood,LYd7px5BfCrGeNLHyaDW6w,Seafood,29.9892810,-90.0893940,-1174.022888,3647.973604,New Orleans,LA,4.5,20,1,1,true,false,true,true,beer_and_wine,no,casual,
4uVI_mem7ikrOdUvtwZdeA__pizza,4uVI_mem7ikrOdUvtwZdeA,French Quarter Pizzeria and Bar,Pizza,4uVI_mem7ikrOdUvtwZdeA,Pizza,29.9530050,-90.0664060,1040.640704,-385.741273,New Orleans,LA,3.0,15,0,2,,,false,false,full_bar,no,,
jXrhIVKcJ-upvglUmfC1pA__burgers,jXrhIVKcJ-upvglUmfC1pA,Clover Grill,Burgers,jXrhIVKcJ-upvglUmfC1pA,Burgers,29.9602815,-90.0640023,1272.213095,423.369729,New Orleans,LA,3.5,768,1,2,true,false,false,true,none,no,divey,"{""Monday"": ""0:0-0:0"", ""Tuesday"": ""0:0-0:0"", ""Wednesday"": ""0:0-0:0"", ""Thursday"": ""0:0-0:0"", ""Friday"": ""0:0-0:0"", ""Saturday"": ""0:0-0:0"", ""Sunday"": ""0:0-0:0""}"
OyF6c2he3Aej9itlH8oz-A__southern,OyF6c2he3Aej9itlH8oz-A,Jewel Of The South,Southern,OyF6c2he3Aej9itlH8oz-A,Southern,29.9586160,-90.0695340,739.289270,238.174323,New Orleans,LA,4.5,71,1,,false,false,true,,full_bar,free,classy,"{""Monday"": ""0:0-0:0"", ""Wednesday"": ""17:0-23:0"", ""Thursday"": ""17:0-23:0"", ""Friday"": ""17:0-23:0"", ""Saturday"": ""17:0-23:0"", ""Sunday"": ""10:30-23:0""}"
rMP-lHLZt3UqkeFQ--OyTQ__american_(new),rMP-lHLZt3UqkeFQ--OyTQ,The Green Burrito Nola,American (New),rMP-lHLZt3UqkeFQ--OyTQ,American (New),29.9674650,-90.0449019,3112.345102,1222.139587,New Orleans,LA,3.0,5,0,1,true,true,,false,none,no,,
tz__wL5D6vb6g3f7Xda84w__cafes,tz__wL5D6vb6g3f7Xda84w,Mojo Coffee Roasters,Cafes,tz__wL5D6vb6g3f7Xda84w,Cafes,29.9177391,-90.0961387,-1823.806791,-4307.135853,New Orleans,LA,5.0,7,1,,true,true,,,,free,,"{""Monday"": ""7:0-14:0"", ""Tuesday"": ""7:0-14:0"", ""Wednesday"": ""7:0-14:0"", ""Thursday"": ""7:0-14:0"", ""Friday"": ""7:0-14:0"", ""Saturday"": ""8:0-15:0"", ""Sunday"": ""8:0-15:0""}"
gM_MsfKNj739jK2NBZw3RQ__cocktail_bars,gM_MsfKNj739jK2NBZw3RQ,New Orleans Original Daiquiris,Cocktail Bars,gM_MsfKNj739jK2NBZw3RQ,Cocktail Bars,29.9584761,-90.0659362,1085.901223,222.618131,New Orleans,LA,4.0,13,1,2,,,false,,full_bar,,,
10hPLwziCqeDbL5sjWtbFQ__american_(traditional),10hPLwziCqeDbL5sjWtbFQ,Blaze Bistro 504,American (Traditional),10hPLwziCqeDbL5sjWtbFQ,American (Traditional),30.0409215,-89.9551312,11760.851855,9390.140999,New Orleans,LA,4.0,8,1,,,,,,,,,"{""Monday"": ""11:0-21:0"", ""Tuesday"": ""11:0-21:0"", ""Wednesday"": ""11:0-21:0"", ""Thursday"": ""11:0-21:0"", ""Friday"": ""11:0-21:0"", ""Saturday"": ""11:0-21:0"", ""Sunday"": ""11:0-21:0""}"
TEv0kn08Hq2UZ3k74Ieh_Q__desserts,TEv0kn08Hq2UZ3k74Ieh_Q,New Orleans Coffee & Beignet,Desserts,TEv0kn08Hq2UZ3k74Ieh_Q,Desserts,29.9268988,-90.0996134,-2158.559293,-3288.622276,New Orleans,LA,4.0,186,0,1,true,false,true,,,free,,"{""Monday"": ""7:0-20:0"", ""Tuesday"": ""7:0-20:0"", ""Wednesday"": ""7:0-20:0"", ""Thursday"": ""7:0-20:0"", ""Friday"": ""7:0-20:0"", ""Saturday"": ""7:0-20:0"", ""Sunday"": ""7:0-20:0""}"
wF04EPEjL_0S5zN4ckp9Hw__fitness_and_instruction,wF04EPEjL_0S5zN4ckp9Hw,Bayou Oaks at City Park - North Course,Fitness & Instruction,wF04EPEjL_0S5zN4ckp9Hw,Fitness & Instruction,30.0115230,-90.0884270,-1080.861827,6121.172432,New Orleans,LA,3.0,11,1,,,,,true,,,,"{""Monday"": ""7:0-19:0"", ""Tuesday"": ""7:0-19:0"", ""Wednesday"": ""7:0-19:0"", ""Thursday"": ""7:0-19:0"", ""Friday"": ""7:0-19:0"", ""Saturday"": ""6:0-19:0"", ""Sunday"": ""6:0-19:0""}"
UGefDZNmnBztS0eoXWtHyQ__southern,UGefDZNmnBztS0eoXWtHyQ,The Joint,Southern,UGefDZNmnBztS0eoXWtHyQ,Southern,29.9613336,-90.0355517,4013.143111,540.358073,New Orleans,LA,4.5,1335,1,2,true,,,true,full_bar,no,casual,"{""Monday"": ""0:0-0:0"", ""Tuesday"": ""11:30-21:0"", ""Wednesday"": ""11:30-21:0"", ""Thursday"": ""11:30-21:0"", ""Friday"": ""11:30-22:0"", ""Saturday"": ""11:30-22:0""}"
3uZDQ582PUBqawE9uRBtfA__coffee_and_tea,3uZDQ582PUBqawE9uRBtfA,Gingerbread Caffe,Coffee & Tea,3uZDQ582PUBqawE9uRBtfA,Coffee & Tea,30.0050850,-90.1089450,-3057.565379,5405.298506,New Orleans,LA,3.0,11,0,2,true,false,true,true,none,,,"{""Tuesday"": ""7:0-19:0"", ""Wednesday"": ""7:0-19:0"", ""Thursday"": ""7:0-19:0"", ""Friday"": ""7:0-19:0"", ""Saturday"": ""8:0-19:0"", ""Sunday"": ""8:0-19:0""}"
GRx3ep-o6K05floY0eMAAg__desserts,GRx3ep-o6K05floY0eMAAg,Amorino Gelato al Naturale,Desserts,GRx3ep-o6K05floY0eMAAg,Desserts,29.9532233,-90.0686492,824.533961,-361.468198,New Orleans,LA,3.5,158,1,2,true,true,,true,,,,"{""Monday"": ""14:0-23:30"", ""Tuesday"": ""14:0-23:30"", ""Wednesday"": ""14:0-23:30"", ""Thursday"": ""8:0-0:0"", ""Friday"": ""11:0-0:0"", ""Saturday"": ""11:0-0:0"", ""Sunday"": ""11:0-0:0""}"
H5KRna9A6mDQEJ2ZN0zL6g__southern,H5KRna9A6mDQEJ2ZN0zL6g,La Petite Grocery,Southern,H5KRna9A6mDQEJ2ZN0zL6g,Southern,29.9206555,-90.1000744,-2202.972020,-3982.846521,New Orleans,LA,4.0,715,1,3,true,true,,false,full_bar,no,classy,"{""Monday"": ""17:0-21:30"", ""Tuesday"": ""17:0-21:30"", ""Wednesday"": ""17:0-21:30"", ""Thursday"": ""17:0-21:30"", ""Friday"": ""17:0-22:30"", ""Saturday"": ""17:0-22:30"", ""Sunday"": ""17:0-21:30""}"
IMRrO1LUSq54ukcyBpimhA__seafood,IMRrO1LUSq54ukcyBpimhA,Favori Deli,Seafood,IMRrO1LUSq54ukcyBpimhA,Seafood,29.9408861,-90.1279461,-4888.130827,-1733.303331,New Orleans,LA,4.0,71,1,1,true,true,false,true,none,no,casual,"{""Monday"": ""9:0-15:0"", ""Tuesday"": ""9:0-15:0"", ""Wednesday"": ""9:0-20:0"", ""Thursday"": ""9:0-20:0"", ""Friday"": ""9:0-20:0"", ""Saturday"": ""9:0-20:0"", ""Sunday"": ""9:0-20:0""}"
33BCnuP8VxmFzolIdgWmdQ__venues_and_event_spaces,33BCnuP8VxmFzolIdgWmdQ,Hideout Bar,Venues & Event Spaces,33BCnuP8VxmFzolIdgWmdQ,Venues & Event Spaces,29.9567235,-90.0675942,926.169549,27.737633,New Orleans,LA,4.5,17,1,,true,true,true,,full_bar,,,"{""Monday"": ""11:0-1:0"", ""Tuesday"": ""11:0-1:0"", ""Wednesday"": ""11:0-1:0"", ""Thursday"": ""11:0-1:0"", ""Friday"": ""11:0-1:0"", ""Saturday"": ""11:0-1:0"", ""Sunday"": ""11:0-1:0""}"
v6jwV7KioqcHtf0hHe6lMw__art_galleries,v6jwV7KioqcHtf0hHe6lMw,Frenchmen Art Market,Art Galleries,v6jwV7KioqcHtf0hHe6lMw,Art Galleries,29.9689377,-90.0557385,2068.347358,1385.896582,New Orleans,LA,4.5,89,1,2,,,,true,,,,"{""Monday"": ""19:0-1:0"", ""Thursday"": ""19:0-1:0"", ""Friday"": ""19:0-1:0"", ""Saturday"": ""19:0-1:0"", ""Sunday"": ""18:0-0:0""}"
ecI3FBTM0f99Fnml3kNKfg__cajun_creole,ecI3FBTM0f99Fnml3kNKfg,Arnaud's Restaurant,Cajun/Creole,ecI3FBTM0f99Fnml3kNKfg,Cajun/Creole,29.9558322,-90.0686549,823.981740,-71.370542,New Orleans,LA,3.5,792,1,3,false,false,false,false,full_bar,no,classy,"{""Wednesday"": ""17:30-21:0"", ""Thursday"": ""17:30-21:0"", ""Friday"": ""17:30-21:0"", ""Saturday"": ""17:30-21:0""}"
i9ahyW_GpP1nrMomY5BoFQ__southern,i9ahyW_GpP1nrMomY5BoFQ,Walker's Southern Style BBQ,Southern,i9ahyW_GpP1nrMomY5BoFQ,Southern,30.0515751,-89.9789026,9470.715837,10574.768905,New Orleans,LA,4.5,49,1,2,true,false,true,true,none,no,casual,"{""Monday"": ""0:0-0:0"", ""Tuesday"": ""10:30-18:0"", ""Wednesday"": ""10:30-18:0"", ""Thursday"": ""10:30-18:0"", ""Friday"": ""10:30-18:0"", ""Saturday"": ""10:30-18:0""}"
2nRFTI41Cm5GldHexAczbA__beer,2nRFTI41Cm5GldHexAczbA,Finnegan's Easy,Beer,2nRFTI41Cm5GldHexAczbA,Beer,29.9583456,-90.0650605,1170.266136,208.107173,New Orleans,LA,3.5,107,1,2,,,true,,full_bar,free,casual,"{""Monday"": ""12:0-4:0"", ""Tuesday"": ""12:0-4:0"", ""Wednesday"": ""12:0-4:0"", ""Thursday"": ""12:0-4:0"", ""Friday"": ""12:0-5:0"", ""Saturday"": ""12:0-5:0"", ""Sunday"": ""12:0-4:0""}"
lp0TmbJweMHcfdljcqnaWg__burgers,lp0TmbJweMHcfdljcqnaWg,G B's Patio Bar & Grill,Burgers,lp0TmbJweMHcfdljcqnaWg,Burgers,29.9448740,-90.1330280,-5377.720932,-1289.868470,New Orleans,LA,3.5,39,0,2,true,false,true,true,full_bar,no,casual,
FYjx8q5ukCIkhKjCCA9MAQ__beer,FYjx8q5ukCIkhKjCCA9MAQ,Joe's French Quarter Wine Cellar,Beer,FYjx8q5ukCIkhKjCCA9MAQ,Beer,29.9592166,-90.0665120,1030.428667,304.958088,New Orleans,LA,4.5,10,0,2,,,,,,,,
ClNOUx5OxrA5mB7d9ub0bQ__fitness_and_instruction,ClNOUx5OxrA5mB7d9ub0bQ,barre3 New Orleans - Uptown,Fitness & Instruction,ClNOUx5OxrA5mB7d9ub0bQ,Fitness & Instruction,29.9205544,-90.1119611,-3348.136148,-3994.084874,New Orleans,LA,4.5,44,1,3,,,,true,,,,"{""Monday"": ""6:0-20:0"", ""Tuesday"": ""6:0-20:0"", ""Wednesday"": ""6:0-20:0"", ""Thursday"": ""6:0-20:0"", ""Friday"": ""6:0-20:0"", ""Saturday"": ""6:0-20:0"", ""Sunday"": ""6:0-20:0""}"
ZfiHVKQazjdPuwECrZ-dag__cajun_creole,ZfiHVKQazjdPuwECrZ-dag,The Alpine,Cajun/Creole,ZfiHVKQazjdPuwECrZ-dag,Cajun/Creole,29.9570414,-90.0640372,1268.850830,63.086549,New Orleans,LA,3.0,71,0,2,true,false,true,true,full_bar,no,casual,"{""Monday"": ""11:0-22:0"", ""Tuesday"": ""11:0-22:0"", ""Wednesday"": ""11:0-22:0"", ""Thursday"": ""11:0-22:0"", ""Friday"": ""11:0-22:0"", ""Saturday"": ""9:0-23:30"", ""Sunday"": ""9:0-23:30""}"
MwoucYpvQ8zTIQm23G5cvA__art_galleries,MwoucYpvQ8zTIQm23G5cvA,Angela King Gallery,Art Galleries,MwoucYpvQ8zTIQm23G5cvA,Art Galleries,29.9549517,-90.0678034,906.015226,-169.277810,New Orleans,LA,4.5,11,1,3,,,,false,,,,"{""Monday"": ""10:0-17:0"", ""Tuesday"": ""10:0-17:0"", ""Wednesday"": ""10:0-17:0"", ""Thursday"": ""10:0-17:0"", ""Friday"": ""10:0-17:0"", ""Saturday"": ""10:0-17:0"", ""Sunday"": ""11:0-17:0""}"
4FDOh7BAb0pgLuD8rjl3bg__coffee_and_tea,4FDOh7BAb0pgLuD8rjl3bg,Dee's Coffee,Coffee & Tea,4FDOh7BAb0pgLuD8rjl3bg,Coffee & Tea,29.9510108,-90.0729484,410.346069,-607.486502,New Orleans,LA,3.5,171,0,1,true,,true,,,free,,"{""Monday"": ""6:30-17:0"", ""Tuesday"": ""6:30-17:0"", ""Wednesday"": ""6:30-17:0"", ""Thursday"": ""6:30-17:0"", ""Friday"": ""6:30-17:0"", ""Saturday"": ""7:0-14:0"", ""Sunday"": ""8:0-12:0""}"
lf5FOV5Q935i652lhnGKuw__american_(traditional),lf5FOV5Q935i652lhnGKuw,Mermaids,American (Traditional),lf5FOV5Q935i652lhnGKuw,American (Traditional),30.0274521,-89.9874134,8650.783828,7892.408584,New Orleans,LA,3.0,16,1,2,true,true,false,,full_bar,free,casual,"{""Monday"": ""0:0-0:0"", ""Tuesday"": ""17:0-21:0"", ""Wednesday"": ""17:0-21:0"", ""Thursday"": ""17:0-21:0"", ""Friday"": ""17:0-22:0"", ""Saturday"": ""17:0-22:0"", ""Sunday"": ""17:0-21:0""}"
-0__F9fnKt8uioCKztF5Ww__cafes,-0__F9fnKt8uioCKztF5Ww,Piscobar,Cafes,-0__F9fnKt8uioCKztF5Ww,Cafes,29.9516963,-90.0732350,382.735033,-531.262274,New Orleans,LA,4.0,66,1,2,false,false,true,false,full_bar,free,casual|hipster,"{""Wednesday"": ""17:0-23:0"", ""Thursday"": ""17:0-23:0"", ""Friday"": ""17:0-0:0"", ""Saturday"": ""17:0-0:0"", ""Sunday"": ""12:0-19:0""}"
8kh6Z3c8UHQKmsy0_TbOnA__seafood,8kh6Z3c8UHQKmsy0_TbOnA,Carmo,Seafood,8kh6Z3c8UHQKmsy0_TbOnA,Seafood,29.9455562,-90.0699021,703.831189,-1214.016568,New Orleans,LA,4.5,1164,1,2,true,true,true,true,full_bar,free,casual|classy,"{""Monday"": ""9:0-22:0"", ""Tuesday"": ""9:0-22:0"", ""Wednesday"": ""9:0-22:0"", ""Thursday"": ""9:0-22:0"", ""Friday"": ""11:0-22:0"", ""Saturday"": ""9:0-22:0""}"
qBD4MOO_kWoTTVkDQbDEag__beer,qBD4MOO_kWoTTVkDQbDEag,The Wine Seller,Beer,qBD4MOO_kWoTTVkDQbDEag,Beer,29.9245280,-90.1090360,-3066.332316,-3552.243572,New Orleans,LA,4.5,12,1,2,true,,,,,,,"{""Monday"": ""12:0-19:0"", ""Tuesday"": ""10:0-19:0"", ""Wednesday"": ""10:0-19:0"", ""Thursday"": ""10:0-19:0"", ""Friday"": ""10:0-19:0"", ""Saturday"": ""10:0-19:0"", ""Sunday"": ""12:0-17:0""}"
4kUAPmuQx5R_J0Pzw_eARw__american_(new),4kUAPmuQx5R_J0Pzw_eARw,Splendid Pig,American (New),4kUAPmuQx5R_J0Pzw_eARw,American (New),29.9377782,-90.0814288,-406.657542,-2078.882084,New Orleans,LA,5.0,11,0,2,true,,true,true,full_bar,free,,"{""Monday"": ""11:0-16:0"", ""Tuesday"": ""11:0-16:0"", ""Wednesday"": ""11:0-16:0"", ""Thursday"": ""11:0-16:0"", ""Friday"": ""11:0-20:0"", ""Saturday"": ""11:0-20:0"", ""Sunday"": ""11:0-16:0""}"
Q6BQcgabriKd5wPxvzOIWg__desserts,Q6BQcgabriKd5wPxvzOIWg,Sucré,Desserts,Q6BQcgabriKd5wPxvzOIWg,Desserts,29.9552870,-90.0667130,1011.064332,-131.994100,New Orleans,LA,4.5,821,0,2,true,,false,true,,free,,"{""Monday"": ""0:0-0:0"", ""Wednesday"": ""10:0-21:0"", ""Thursday"": ""10:0-21:0"", ""Friday"": ""9:0-22:0"", ""Saturday"": ""9:0-22:0"", ""Sunday"": ""9:0-22:0""}"
uxHR2GuFsVYPi0H5wi89XA__art_galleries,uxHR2GuFsVYPi0H5wi89XA,Nola Art Bar,Art Galleries,uxHR2GuFsVYPi0H5wi89XA,Art Galleries,29.9683943,-90.0573564,1912.478917,1325.473176,New Orleans,LA,4.0,32,1,,,,true,,full_bar,no,classy,"{""Tuesday"": ""16:0-23:0"", ""Wednesday"": ""16:0-23:0"", ""Thursday"": ""16:0-23:0"", ""Friday"": ""16:0-23:0"", ""Saturday"": ""16:0-23:0""}"
rM8y70TiuZEzdSJCU8kWsQ__pizza,rM8y70TiuZEzdSJCU8kWsQ,Snookers,Pizza,rM8y70TiuZEzdSJCU8kWsQ,Pizza,29.9607260,-90.0595270,1703.363373,472.795942,New Orleans,LA,5.0,9,0,1,false,false,,false,,,,
Hj_-qd7KyQPRqTWzWgsFag__american_(traditional),Hj_-qd7KyQPRqTWzWgsFag,World Of Beer,American (Traditional),Hj_-qd7KyQPRqTWzWgsFag,American (Traditional),29.9444230,-90.0660621,1073.772020,-1340.017451,New Orleans,LA,3.0,143,0,2,true,false,false,false,full_bar,free,casual|trendy,"{""Monday"": ""12:0-0:0"", ""Tuesday"": ""12:0-0:0"", ""Wednesday"": ""12:0-0:0"", ""Thursday"": ""12:0-0:0"", ""Friday"": ""11:0-2:0"", ""Saturday"": ""11:0-2:0"", ""Sunday"": ""11:0-0:0""}"
m1xhXDF9V4y5pbdWONaQDg__southern,m1xhXDF9V4y5pbdWONaQDg,The Flying Pig Cafe,Southern,m1xhXDF9V4y5pbdWONaQDg,Southern,29.9243916,-90.1084046,-3005.503258,-3567.410581,New Orleans,LA,4.0,51,0,2,true,false,false,true,full_bar,free,casual,"{""Monday"": ""0:0-0:0"", ""Tuesday"": ""8:0-15:0"", ""Wednesday"": ""8:0-15:0"", ""Thursday"": ""8:0-21:0"", ""Friday"": ""8:0-21:0"", ""Saturday"": ""8:0-21:0"", ""Sunday"": ""8:0-15:0""}"
Qqk-jhabBWcO0xq5_BCtQA__seafood,Qqk-jhabBWcO0xq5_BCtQA,New Orleans Oyster Festival,Seafood,Qqk-jhabBWcO0xq5_BCtQA,Seafood,29.9534309,-90.0628737,1380.946107,-338.387124,New Orleans,LA,4.0,19,1,1,true,false,true,true,beer_and_wine,no,casual,
g2jeKyXYwHUaiop2UPOFXQ__coffee_and_tea,g2jeKyXYwHUaiop2UPOFXQ,French Truck Coffee,Coffee & Tea,g2jeKyXYwHUaiop2UPOFXQ,Coffee & Tea,29.9392954,-90.0709803,599.952768,-1910.181345,New Orleans,LA,4.5,297,1,2,true,true,true,false,none,no,,"{""Monday"": ""0:0-0:0"", ""Tuesday"": ""7:0-18:0"", ""Wednesday"": ""7:0-14:0"", ""Thursday"": ""7:0-18:0"", ""Friday"": ""7:0-14:0"", ""Saturday"": ""8:0-18:0"", ""Sunday"": ""7:0-14:0""}"
JhpRI9m71ybWHkAqRdL0Tg__southern,JhpRI9m71ybWHkAqRdL0Tg,The Avenue Pub,Southern,JhpRI9m71ybWHkAqRdL0Tg,Southern,29.9369433,-90.0768556,33.929573,-2171.718890,New Orleans,LA,4.0,450,1,2,true,false,true,,full_bar,free,casual,"{""Monday"": ""0:0-0:0"", ""Tuesday"": ""10:0-0:0"", ""Wednesday"": ""10:0-0:0"", ""Thursday"": ""10:0-0:0"", ""Friday"": ""10:0-1:0"", ""Saturday"": ""10:0-1:0""}"
htx6Uime2SkiE-zC7hxb-g__cafes,htx6Uime2SkiE-zC7hxb-g,Justine,Cafes,htx6Uime2SkiE-zC7hxb-g,Cafes,29.9540520,-90.0671730,966.747945,-269.320024,New Orleans,LA,4.0,313,1,3,true,true,true,false,full_bar,free,classy,"{""Monday"": ""17:0-21:30"", ""Tuesday"": ""17:0-21:30"", ""Wednesday"": ""17:0-21:30"", ""Thursday"": ""17:0-21:30"", ""Friday"": ""17:0-22:30"", ""Saturday"": ""17:0-22:30"", ""Sunday"": ""17:0-21:30""}"
gQmEcvAAy-DplsK34e8ECQ__coffee_and_tea,gQmEcvAAy-DplsK34e8ECQ,La Divina Gelateria,Coffee & Tea,gQmEcvAAy-DplsK34e8ECQ,Coffee & Tea,29.9543564,-90.0775094,-29.060545,-235.472241,New Orleans,LA,2.5,14,0,1,true,false,false,true,none,free,,"{""Monday"": ""11:0-0:0"", ""Tuesday"": ""11:0-0:0"", ""Wednesday"": ""11:0-0:0"", ""Thursday"": ""11:0-0:0"", ""Friday"": ""11:0-2:0"", ""Saturday"": ""11:0-2:0"", ""Sunday"": ""11:0-22:0""}"
3vhljSbG_DBz0qTI-D9F_Q__american_(new),3vhljSbG_DBz0qTI-D9F_Q,Sara's Bistro,American (New),3vhljSbG_DBz0qTI-D9F_Q,American (New),29.9451378,-90.1340711,-5478.213157,-1260.535208,New Orleans,LA,3.5,28,0,3,true,false,true,false,full_bar,no,classy|intimate|romantic,"{""Tuesday"": ""17:30-22:30"", ""Wednesday"": ""17:30-22:30"", ""Thursday"": ""17:30-22:30"", ""Friday"": ""17:30-22:30"", ""Saturday"": ""17:30-22:30""}"
nHsoeVL1dXs9ZNjmdrlPuA__coffee_and_tea,nHsoeVL1dXs9ZNjmdrlPuA,Church Alley Coffee Bar,Coffee & Tea,nHsoeVL1dXs9ZNjmdrlPuA,Coffee & Tea,29.9759566,-90.1021466,-2402.604214,2166.358994,New Orleans,LA,4.0,72,1,2,true,,true,,,free,,"{""Monday"": ""7:30-14:0"", ""Tuesday"": ""7:30-15:0"", ""Wednesday"": ""7:30-14:0"", ""Thursday"": ""7:30-14:0"", ""Friday"": ""7:30-14:0"", ""Saturday"": ""7:30-14:0"", ""Sunday"": ""7:30-14:0""}"
Z0pk2jAFx6E4AlNLqSEJtw__cocktail_bars,Z0pk2jAFx6E4AlNLqSEJtw,Sarsaparilla,Cocktail Bars,Z0pk2jAFx6E4AlNLqSEJtw,Cocktail Bars,29.9458299,-90.1349376,-5561.689518,-1183.576615,New Orleans,LA,5.0,9,0,2,true,false,true,false,full_bar,,,"{""Tuesday"": ""7:0-23:30""}"
vxVpJAs2pT42tkFJ06U9-A__cocktail_bars,vxVpJAs2pT42tkFJ06U9-A,Poydras & Peters,Cocktail Bars,vxVpJAs2pT42tkFJ06U9-A,Cocktail Bars,29.9481535,-90.0660329,1076.585003,-925.203370,New Orleans,LA,3.5,21,1,2,true,false,false,,full_bar,free,classy,"{""Wednesday"": ""15:0-23:0"", ""Thursday"": ""11:0-20:0"", ""Friday"": ""15:0-23:0"", ""Saturday"": ""15:0-23:0"", ""Sunday"": ""15:0-23:0""}"
g7uv5VJ645cCh0ofch6KTQ__american_(traditional),g7uv5VJ645cCh0ofch6KTQ,Diamond Street Bar & Grill,American (Traditional),g7uv5VJ645cCh0ofch6KTQ,American (Traditional),29.9421944,-90.0659545,1084.138201,-1587.826807,New Orleans,LA,4.5,303,1,2,true,false,true,true,full_bar,free,casual,"{""Monday"": ""0:0-0:0"", ""Wednesday"": ""17:0-21:0"", ""Thursday"": ""12:0-21:0"", ""Friday"": ""12:0-21:0"", ""Saturday"": ""12:0-21:0"", ""Sunday"": ""12:0-21:0""}"
ys7yho1IoE9hj_i-g4DeJg__cocktail_bars,ys7yho1IoE9hj_i-g4DeJg,El Paso Mexican Grill,Cocktail Bars,ys7yho1IoE9hj_i-g4DeJg,Cocktail Bars,29.9242835,-90.0136980,6118.523976,-3579.432415,New Orleans,LA,3.0,105,0,2,true,true,true,true,full_bar,free,casual,"{""Monday"": ""10:30-22:0"", ""Tuesday"": ""10:30-22:0"", ""Wednesday"": ""10:30-22:0"", ""Thursday"": ""10:30-22:0"", ""Friday"": ""10:30-23:0"", ""Saturday"": ""10:30-23:0"", ""Sunday"": ""10:30-22:0""}"
UvMbtn9JNpmd6VADusTV3Q__cafes,UvMbtn9JNpmd6VADusTV3Q,Pressed,Cafes,UvMbtn9JNpmd6VADusTV3Q,Cafes,29.9438929,-90.0726975,434.517768,-1398.961963,New Orleans,LA,4.0,19,0,2,true,true,false,true,none,no,casual,"{""Monday"": ""0:0-0:0"", ""Tuesday"": ""7:0-15:0"", ""Wednesday"": ""7:0-15:0"", ""Thursday"": ""7:0-15:0"", ""Friday"": ""7:0-15:0""}"
Ra9zH1CBYtAC6vMfKYsHew__cocktail_bars,Ra9zH1CBYtAC6vMfKYsHew,El Gato Negro,Cocktail Bars,Ra9zH1CBYtAC6vMfKYsHew,Cocktail Bars,30.0048338,-90.1123071,-3381.470000,5377.366302,New Orleans,LA,3.5,319,1,2,true,true,false,true,full_bar,no,casual,"{""Monday"": ""17:0-21:0"", ""Tuesday"": ""17:0-21:0"", ""Wednesday"": ""17:0-21:0"", ""Thursday"": ""17:0-21:0"", ""Friday"": ""17:0-22:0"", ""Saturday"": ""17:0-22:0"", ""Sunday"": ""17:0-21:0""}"
p4Nex0wu0_CJb_YGyEWglQ__specialty_food,p4Nex0wu0_CJb_YGyEWglQ,The Daily Beet,Specialty Food,p4Nex0wu0_CJb_YGyEWglQ,Specialty Food,29.9693909,-90.0521636,2412.753125,1436.290193,New Orleans,LA,4.5,46,0,2,true,,,,,free,,"{""Monday"": ""9:0-22:0"", ""Tuesday"": ""9:0-22:0"", ""Wednesday"": ""9:0-22:0"", ""Thursday"": ""9:0-22:0"", ""Friday"": ""9:0-22:0"", ""Saturday"": ""9:0-22:0"", ""Sunday"": ""9:0-22:0""}"
oNedLfHFuZlWCeviJkdhmg__fitness_and_instruction,oNedLfHFuZlWCeviJkdhmg,Lagniappe Fitness,Fitness & Instruction,oNedLfHFuZlWCeviJkdhmg,Fitness & Instruction,29.9697806,-90.0846787,-719.750708,1479.622915,New Orleans,LA,4.5,7,1,,,,,,,,,"{""Monday"": ""0:0-0:0"", ""Tuesday"": ""14:30-19:30"", ""Wednesday"": ""14:30-19:30"", ""Thursday"": ""8:0-11:0"", ""Friday"": ""14:30-19:30"", ""Saturday"": ""9:0-11:15""}"
6fYIlInL937IBuHmocfiBA__cajun_creole,6fYIlInL937IBuHmocfiBA,Silk Road,Cajun/Creole,6fYIlInL937IBuHmocfiBA,Cajun/Creole,29.9650322,-90.0519265,2435.595333,951.624196,New Orleans,LA,4.0,183,1,2,true,false,true,true,full_bar,free,casual,"{""Monday"": ""0:0-0:0"", ""Tuesday"": ""15:0-21:0"", ""Wednesday"": ""15:0-21:0"", ""Thursday"": ""15:0-21:0"", ""Friday"": ""15:0-21:0"", ""Saturday"": ""15:0-21:0"", ""Sunday"": ""15:0-21:0""}"
Tc_8MjXB7x847NRBSVIUdw__american_(new),Tc_8MjXB7x847NRBSVIUdw,Roux Bistro,American (New),Tc_8MjXB7x847NRBSVIUdw,American (New),29.9518573,-90.0679250,894.300286,-513.359866,New Orleans,LA,3.0,13,1,2,false,false,true,true,beer_and_wine,free,,"{""Monday"": ""6:30-14:0"", ""Tuesday"": ""6:30-14:0"", ""Wednesday"": ""6:30-14:0"", ""Thursday"": ""6:30-14:0"", ""Friday"": ""6:30-14:0"", ""Saturday"": ""6:30-14:0"", ""Sunday"": ""6:30-14:0""}"
xv1jrIOGNx99gIGPv1yOcw__american_(traditional),xv1jrIOGNx99gIGPv1yOcw,Waffle House,American (Traditional),xv1jrIOGNx99gIGPv1yOcw,American (Traditional),30.0044619,-90.0355517,4013.143111,5336.012851,New Orleans,LA,3.0,33,1,1,true,false,false,true,none,free,casual,"{""Monday"": ""0:0-0:0"", ""Tuesday"": ""0:0-0:0"", ""Wednesday"": ""0:0-0:0"", ""Thursday"": ""0:0-0:0"", ""Friday"": ""0:0-0:0"", ""Saturday"": ""0:0-0:0"", ""Sunday"": ""0:0-0:0""}"
7NEIGT2rccjoojzMvmKCzw__pizza,7NEIGT2rccjoojzMvmKCzw,Domino's Pizza,Pizza,7NEIGT2rccjoojzMvmKCzw,Pizza,29.9697755,-90.0503944,2583.197804,1479.055820,New Orleans,LA,1.5,44,1,1,true,true,false,true,none,no,,"{""Monday"": ""10:30-0:0"", ""Tuesday"": ""10:30-0:0"", ""Wednesday"": ""10:30-0:0"", ""Thursday"": ""10:30-0:0"", ""Friday"": ""10:30-1:0"", ""Saturday"": ""10:30-1:0"", ""Sunday"": ""10:30-0:0""}"
0cRXy5Q6Z19UjcsBCVeuOg__burgers,0cRXy5Q6Z19UjcsBCVeuOg,AJ’s Jazzy Grill,Burgers,0cRXy5Q6Z19UjcsBCVeuOg,Burgers,29.9718022,-90.0672477,959.551349,1704.414889,New Orleans,LA,5.0,6,1,,,,,,,,,"{""Tuesday"": ""12:0-19:0"", ""Wednesday"": ""12:0-19:0"", ""Thursday"": ""12:0-19:0"", ""Friday"": ""12:0-19:0"", ""Saturday"": ""12:0-19:0""}"
jGl691jdOzfuIxV7zjJ8Aw__fitness_and_instruction,jGl691jdOzfuIxV7zjJ8Aw,Free To Be Power Yoga,Fitness & Instruction,jGl691jdOzfuIxV7zjJ8Aw,Fitness & Instruction,29.9464355,-90.0693117,760.705646,-1116.237352,New Orleans,LA,4.5,26,1,,,,,false,,,,"{""Monday"": ""8:0-13:0"", ""Tuesday"": ""17:30-19:30"", ""Wednesday"": ""17:30-19:30"", ""Thursday"": ""8:0-11:30"", ""Friday"": ""6:0-13:0"", ""Saturday"": ""8:0-11:45"", ""Sunday"": ""15:30-17:30""}"
Gfegg1vwKJJo-EfEujQ-nw__southern,Gfegg1vwKJJo-EfEujQ-nw,Parasol's,Southern,Gfegg1vwKJJo-EfEujQ-nw,Southern,29.9264376,-90.0801336,-281.875900,-3339.905447,New Orleans,LA,4.0,546,1,2,true,false,true,true,full_bar,free,classy|divey,"{""Monday"": ""11:0-22:0"", ""Tuesday"": ""11:0-22:0"", ""Wednesday"": ""11:0-22:0"", ""Thursday"": ""11:0-22:0"", ""Friday"": ""11:0-23:0"", ""Saturday"": ""11:0-23:0"", ""Sunday"": ""11:0-22:0""}"
iJJYC9k9jtJYU-quIc3Jxg__coffee_and_tea,iJJYC9k9jtJYU-quIc3Jxg,Coffee House New Orleans,Coffee & Tea,iJJYC9k9jtJYU-quIc3Jxg,Coffee & Tea,30.0207626,-90.0768371,35.708818,7148.570496,New Orleans,LA,4.5,31,1,,true,false,true,,,free,,"{""Monday"": ""0:0-0:0"", ""Tuesday"": ""6:30-16:0"", ""Wednesday"": ""6:30-16:0"", ""Thursday"": ""6:30-16:0"", ""Friday"": ""6:30-16:0"", ""Saturday"": ""8:0-14:0"", ""Sunday"": ""8:0-12:0""}"
qpZD23Bp7bIVeRO6iowvqA__cocktail_bars,qpZD23Bp7bIVeRO6iowvqA,Candlelight Lounge,Cocktail Bars,qpZD23Bp7bIVeRO6iowvqA,Cocktail Bars,29.9655203,-90.0708263,614.789124,1005.898515,New Orleans,LA,4.0,30,1,1,,,false,false,full_bar,,divey,
VaO-VW3e1kARkU9bP1E7Fw__seafood,VaO-VW3e1kARkU9bP1E7Fw,Felix's Restaurant & Oyster Bar,Seafood,VaO-VW3e1kARkU9bP1E7Fw,Seafood,29.9546804,-90.0689454,795.995228,-199.441633,New Orleans,LA,4.0,3966,1,2,,,false,true,full_bar,free,casual|classy,"{""Monday"": ""0:0-0:0"", ""Tuesday"": ""11:0-21:0"", ""Wednesday"": ""11:0-21:0"", ""Thursday"": ""11:0-21:0"", ""Friday"": ""11:0-22:0"", ""Saturday"": ""11:0-22:0"", ""Sunday"": ""11:0-21:0""}"
uJITgt5t7j-KpDChsXPV5w__desserts,uJITgt5t7j-KpDChsXPV5w,Terrazu,Desserts,uJITgt5t7j-KpDChsXPV5w,Desserts,29.9510658,-90.0715323,546.773104,-601.370772,New Orleans,LA,3.0,33,1,2,true,true,false,true,none,free,,"{""Monday"": ""0:0-0:0"", ""Tuesday"": ""7:0-17:0"", ""Wednesday"": ""7:0-17:0"", ""Thursday"": ""7:0-17:0"", ""Friday"": ""7:0-17:0""}"
r-Drt9uX6Oob0iNKJoW3-g__cajun_creole,r-Drt9uX6Oob0iNKJoW3-g,Roux Public House,Cajun/Creole,r-Drt9uX6Oob0iNKJoW3-g,Cajun/Creole,29.9312630,-90.0739399,314.824986,-2803.344707,New Orleans,LA,3.0,18,0,2,true,false,true,false,full_bar,,,
5fswwcileaIhs4KNRXPQvg__american_(traditional),5fswwcileaIhs4KNRXPQvg,The Big Cheezy,American (Traditional),5fswwcileaIhs4KNRXPQvg,American (Traditional),29.9205646,-90.1102795,-3186.131072,-3992.954153,New Orleans,LA,4.0,84,0,2,true,true,true,true,none,free,casual|divey,"{""Monday"": ""11:0-22:0"", ""Wednesday"": ""11:0-22:0"", ""Thursday"": ""11:0-22:0"", ""Friday"": ""11:0-22:0"", ""Saturday"": ""11:0-22:0"", ""Sunday"": ""11:0-22:0""}"
iQp3QlP4iynGTXgFqpZ7Gg__breakfast_and_brunch,iQp3QlP4iynGTXgFqpZ7Gg,The Velvet Cactus,Breakfast & Brunch,iQp3QlP4iynGTXgFqpZ7Gg,Breakfast & Brunch,30.0048795,-90.1029873,-2483.600726,5382.447917,New Orleans,LA,3.5,500,1,2,true,true,true,true,full_bar,free,casual,"{""Monday"": ""16:30-21:0"", ""Tuesday"": ""16:30-21:0"", ""Wednesday"": ""16:30-22:0"", ""Thursday"": ""16:30-22:0"", ""Friday"": ""11:0-22:30"", ""Saturday"": ""11:0-22:30"", ""Sunday"": ""11:0-21:0""}"
vZdO4-c9vZQr0U9QX3Kr5A__desserts,vZdO4-c9vZQr0U9QX3Kr5A,Piety and Desire Chocolate,Desserts,vZdO4-c9vZQr0U9QX3Kr5A,Desserts,29.9515672,-90.1004038,-2234.703941,-545.614657,New Orleans,LA,5.0,18,1,,true,true,,,,,,"{""Monday"": ""0:0-0:0"", ""Tuesday"": ""11:0-18:0"", ""Wednesday"": ""11:0-18:0"", ""Thursday"": ""11:0-18:0"", ""Friday"": ""11:0-18:0"", ""Saturday"": ""11:0-18:0""}"
6ucOImXscNI7ECco8qrH9A__specialty_food,6ucOImXscNI7ECco8qrH9A,Hank's Meat Market,Specialty Food,6ucOImXscNI7ECco8qrH9A,Specialty Food,29.9665840,-90.0407230,3514.940213,1124.176722,New Orleans,LA,4.5,7,0,2,true,false,false,true,full_bar,no,,
-_1ctmwdtSpjfpFu0pHXzw__pizza,-_1ctmwdtSpjfpFu0pHXzw,Fat Boy’s Pizza,Pizza,-_1ctmwdtSpjfpFu0pHXzw,Pizza,29.9581870,-90.0651255,1164.008287,190.472311,New Orleans,LA,4.5,6,1,,,,,,,,,"{""Monday"": ""11:0-1:0"", ""Tuesday"": ""11:0-1:0"", ""Wednesday"": ""11:0-1:0"", ""Thursday"": ""11:0-3:0"", ""Friday"": ""11:0-3:0"", ""Saturday"": ""11:0-3:0"", ""Sunday"": ""11:0-1:0""}"
2XmP7QMdeiGTtJou5BMosQ__coffee_and_tea,2XmP7QMdeiGTtJou5BMosQ,Satsuma Cafe,Coffee & Tea,2XmP7QMdeiGTtJou5BMosQ,Coffee & Tea,29.9377653,-90.0712579,573.208792,-2080.320937,New Orleans,LA,4.5,35,0,2,true,false,true,,none,free,,"{""Monday"": ""7:0-16:0"", ""Tuesday"": ""7:0-16:0"", ""Wednesday"": ""7:0-16:0"", ""Thursday"": ""7:0-16:0"", ""Friday"": ""7:0-16:0"", ""Saturday"": ""7:0-16:0"", ""Sunday"": ""7:0-16:0""}"
8L0hQvh5JCg4G0jdZFmUFA__coffee_and_tea,8L0hQvh5JCg4G0jdZFmUFA,Morning Call Coffee Stand,Coffee & Tea,8L0hQvh5JCg4G0jdZFmUFA,Coffee & Tea,29.9824105,-90.1102070,-3179.146424,2884.005659,New Orleans,LA,4.0,51,1,1,,,true,,,free,,"{""Monday"": ""7:0-22:0"", ""Tuesday"": ""7:0-22:0"", ""Wednesday"": ""7:0-22:0"", ""Thursday"": ""7:0-22:0"", ""Friday"": ""7:0-22:0"", ""Saturday"": ""7:0-22:0"", ""Sunday"": ""7:0-22:0""}"
14qJA3j7Ut5_mQ691BT8aA__cafes,14qJA3j7Ut5_mQ691BT8aA,Baie Rouge,Cafes,14qJA3j7Ut5_mQ691BT8aA,Cafes,29.9209927,-90.0987535,-2075.716551,-3945.351540,New Orleans,LA,4.0,81,0,2,true,false,true,true,full_bar,free,casual,"{""Tuesday"": ""17:0-21:0"", ""Wednesday"": ""17:0-21:0"", ""Thursday"": ""17:0-21:0"", ""Friday"": ""17:0-22:0"", ""Saturday"": ""17:0-22:0"", ""Sunday"": ""10:0-14:30""}"
FPnxRASuezpmN6nG_XTeVg__american_(new),FPnxRASuezpmN6nG_XTeVg,Don Villavaso on the Bayou,American (New),FPnxRASuezpmN6nG_XTeVg,American (New),29.9801660,-90.0835312,-609.200590,2634.428302,New Orleans,LA,4.5,12,1,,true,true,true,,,,,"{""Wednesday"": ""16:0-23:0"", ""Thursday"": ""16:0-23:0"", ""Friday"": ""16:0-0:0"", ""Saturday"": ""16:0-0:0"", ""Sunday"": ""16:0-23:0""}"
bP3woTpfO9XZ41_e7TQdMg__art_galleries,bP3woTpfO9XZ41_e7TQdMg,Byrdie's,Art Galleries,bP3woTpfO9XZ41_e7TQdMg,Art Galleries,29.9687158,-90.0520355,2425.094276,1361.222394,New Orleans,LA,4.5,23,1,1,,,false,true,,no,,"{""Wednesday"": ""13:0-17:0"", ""Thursday"": ""13:0-17:0"", ""Friday"": ""13:0-17:0"", ""Saturday"": ""13:0-17:0""}"
mCRa6o1eEVQr1bqV4Wy6KQ__american_(new),mCRa6o1eEVQr1bqV4Wy6KQ,The Blind Pelican,American (New),mCRa6o1eEVQr1bqV4Wy6KQ,American (New),29.9375996,-90.0760819,108.464766,-2098.745962,New Orleans,LA,3.0,901,0,2,true,false,true,false,full_bar,no,casual,"{""Monday"": ""14:0-0:0"", ""Tuesday"": ""14:0-0:0"", ""Wednesday"": ""14:0-0:0"", ""Thursday"": ""14:0-2:0"", ""Friday"": ""14:0-2:0"", ""Saturday"": ""14:0-2:0"", ""Sunday"": ""12:0-0:0""}"
lyJGznk9M6BzCqzmGiWhag__seafood,lyJGznk9M6BzCqzmGiWhag,Franky & Johnny's,Seafood,lyJGznk9M6BzCqzmGiWhag,Seafood,29.9170033,-90.1189276,-4019.288786,-4388.953193,New Orleans,LA,3.5,83,0,2,true,false,false,true,full_bar,no,casual,
0Hfc9kXBJJAXk6XxDtoJMA__pizza,0Hfc9kXBJJAXk6XxDtoJMA,Hungry Howie's Pizza,Pizza,0Hfc9kXBJJAXk6XxDtoJMA,Pizza,29.9597657,-90.1127288,-3422.096566,366.015306,New Orleans,LA,3.0,45,0,1,true,true,false,true,none,no,,"{""Monday"": ""11:0-2:0"", ""Tuesday"": ""11:0-2:0"", ""Wednesday"": ""11:0-2:0"", ""Thursday"": ""11:0-2:0"", ""Friday"": ""11:0-3:0"", ""Saturday"": ""11:0-3:0"", ""Sunday"": ""11:0-2:0""}"
DapgvU4e0zpofZSbl-w5xA__venues_and_event_spaces,DapgvU4e0zpofZSbl-w5xA,House Of Broel,Venues & Event Spaces,DapgvU4e0zpofZSbl-w5xA,Venues & Event Spaces,29.9335411,-90.0808918,-354.920867,-2550.031195,New Orleans,LA,4.0,25,1,2,,,,false,,,,"{""Monday"": ""9:0-17:0"", ""Tuesday"": ""9:0-17:0"", ""Wednesday"": ""9:0-17:0"", ""Thursday"": ""9:0-17:0"", ""Friday"": ""9:0-17:0"", ""Saturday"": ""9:0-13:0""}"
StZS-mCwIEqBI2EMBb-YpQ__burgers,StZS-mCwIEqBI2EMBb-YpQ,Filmore In The Oaks,Burgers,StZS-mCwIEqBI2EMBb-YpQ,Burgers,29.9536991,-90.0777512,-52.351668,-308.559444,New Orleans,LA,3.5,14,1,,true,false,true,,full_bar,free,,"{""Monday"": ""7:0-17:0"", ""Tuesday"": ""7:0-17:0"", ""Wednesday"": ""7:0-17:0"", ""Thursday"": ""7:0-17:0"", ""Friday"": ""7:0-17:0"", ""Saturday"": ""6:0-17:0"", ""Sunday"": ""6:0-17:0""}"
SeKVdPJEO2NK5Gcc4QPpjw__beer,SeKVdPJEO2NK5Gcc4QPpjw,Bistreaux,Beer,SeKVdPJEO2NK5Gcc4QPpjw,Beer,29.9593332,-90.0683082,857.382808,317.923434,New Orleans,LA,3.5,107,1,2,true,false,false,false,full_bar,free,casual,"{""Monday"": ""7:0-22:0"", ""Tuesday"": ""7:0-22:0"", ""Wednesday"": ""7:0-22:0"", ""Thursday"": ""7:0-22:0"", ""Friday"": ""7:0-23:0"", ""Saturday"": ""7:0-23:0"", ""Sunday"": ""7:0-22:0""}"
solZespjuuKYogZQHvXEGQ__cafes,solZespjuuKYogZQHvXEGQ,The Daily Beet,Cafes,solZespjuuKYogZQHvXEGQ,Cafes,29.9478776,-90.0754107,173.128155,-955.882927,New Orleans,LA,4.5,243,1,2,true,true,true,true,none,free,casual|trendy,"{""Monday"": ""8:0-16:0"", ""Tuesday"": ""8:0-16:0"", ""Wednesday"": ""8:0-16:0"", ""Thursday"": ""8:0-16:0"", ""Friday"": ""8:0-16:0"", ""Saturday"": ""8:0-16:0"", ""Sunday"": ""8:0-16:0""}"
u537LRjJmHI4eqMARsP9ng__seafood,u537LRjJmHI4eqMARsP9ng,Fogo de Chão Brazilian Steakhouse,Seafood,u537LRjJmHI4eqMARsP9ng,Seafood,29.9525440,-90.0688880,801.524892,-437.002205,New Orleans,LA,4.0,523,1,3,true,true,,true,full_bar,no,classy|romantic|upscale,"{""Monday"": ""17:0-22:0"", ""Tuesday"": ""11:0-23:0"", ""Wednesday"": ""11:0-22:0"", ""Thursday"": ""11:0-21:0"", ""Friday"": ""17:0-23:0"", ""Saturday"": ""6:30-23:0"", ""Sunday"": ""6:30-21:0""}"
hvmtrHPzkPzHCLspArsLJw__specialty_food,hvmtrHPzkPzHCLspArsLJw,Magnolia Praline Company,Specialty Food,hvmtrHPzkPzHCLspArsLJw,Specialty Food,29.9537782,-90.0657467,1104.157647,-299.765237,New Orleans,LA,4.0,52,0,2,false,false,,,none,,,"{""Monday"": ""9:30-21:0"", ""Tuesday"": ""9:30-21:0"", ""Wednesday"": ""9:30-21:0"", ""Thursday"": ""9:30-21:0"", ""Friday"": ""9:30-21:0"", ""Saturday"": ""9:30-23:0"", ""Sunday"": ""9:30-23:0""}"
SSKhM0-bEYv76DcExRAiSg__coffee_and_tea,SSKhM0-bEYv76DcExRAiSg,The Buttermilk Drop,Coffee & Tea,SSKhM0-bEYv76DcExRAiSg,Coffee & Tea,30.0226128,-90.0613724,1525.577588,7354.303633,New Orleans,LA,3.5,24,0,1,true,false,,true,,,,
ftDLK3a4E5DpWPLbFo3ZkQ__cajun_creole,ftDLK3a4E5DpWPLbFo3ZkQ,Gabrielle Restaurant,Cajun/Creole,ftDLK3a4E5DpWPLbFo3ZkQ,Cajun/Creole,29.9690775,-90.0800348,-272.356326,1401.439275,New Orleans,LA,4.5,79,1,,true,false,,false,,,casual|classy|romantic,"{""Thursday"": ""17:0-21:30"", ""Friday"": ""17:0-21:30"", ""Saturday"": ""17:0-21:30""}"
oR5juqnyqgQ6U6h6WNy27Q__desserts,oR5juqnyqgQ6U6h6WNy27Q,Sidney's Snowballs,Desserts,oR5juqnyqgQ6U6h6WNy27Q,Desserts,29.9648979,-90.0731164,394.160953,936.690697,New Orleans,LA,4.0,10,1,1,false,,,,,no,,"{""Tuesday"": ""12:0-18:0"", ""Wednesday"": ""12:0-18:0"", ""Thursday"": ""12:0-18:0"", ""Friday"": ""12:0-18:0"", ""Saturday"": ""12:0-18:0"", ""Sunday"": ""12:0-18:0""}"
r4hLK7eQ3YPXdhuc5M2Prg__american_(traditional),r4hLK7eQ3YPXdhuc5M2Prg,O'Henry's Food & Spirits,American (Traditional),r4hLK7eQ3YPXdhuc5M2Prg,American (Traditional),29.9438531,-90.1337477,-5447.056810,-1403.387527,New Orleans,LA,3.0,93,0,2,true,false,true,true,full_bar,free,casual,"{""Monday"": ""11:0-0:0"", ""Tuesday"": ""11:0-0:0"", ""Wednesday"": ""11:0-0:0"", ""Thursday"": ""11:0-0:0"", ""Friday"": ""11:0-0:0"", ""Saturday"": ""11:0-0:0"", ""Sunday"": ""11:0-0:0""}"
Cm8xtGIJI8xlWMZMtlCawQ__fitness_and_instruction,Cm8xtGIJI8xlWMZMtlCawQ,Kelly Personal Training,Fitness & Instruction,Cm8xtGIJI8xlWMZMtlCawQ,Fitness & Instruction,29.9300190,-90.1096060,-3121.246100,-2941.671387,New Orleans,LA,4.5,8,0,,,,,false,,,,"{""Monday"": ""6:0-20:0"", ""Tuesday"": ""6:0-20:0"", ""Wednesday"": ""6:0-20:0"", ""Thursday"": ""6:0-20:0"", ""Friday"": ""6:0-20:0"", ""Saturday"": ""6:0-20:0"", ""Sunday"": ""6:0-20:0""}"
2HMf3ewAeMaeDsadJuL8DQ__cocktail_bars,2HMf3ewAeMaeDsadJuL8DQ,Old Absinthe House,Cocktail Bars,2HMf3ewAeMaeDsadJuL8DQ,Cocktail Bars,29.9553128,-90.0684542,843.317172,-129.125267,New Orleans,LA,3.5,503,1,2,false,false,true,false,full_bar,free,classy|divey,"{""Monday"": ""9:0-2:0"", ""Tuesday"": ""9:0-2:0"", ""Wednesday"": ""9:0-2:0"", ""Thursday"": ""9:0-3:0"", ""Friday"": ""9:0-4:0"", ""Saturday"": ""9:0-4:0"", ""Sunday"": ""9:0-3:0""}"
rIPy-Q-w4hrvcdSbCakXpg__coffee_and_tea,rIPy-Q-w4hrvcdSbCakXpg,PJ's Coffee,Coffee & Tea,rIPy-Q-w4hrvcdSbCakXpg,Coffee & Tea,29.9551112,-90.0641748,1255.590962,-151.543763,New Orleans,LA,4.0,94,1,1,true,false,false,true,,free,,"{""Monday"": ""9:0-15:0"", ""Tuesday"": ""9:0-15:0"", ""Wednesday"": ""9:0-15:0"", ""Thursday"": ""9:0-15:0"", ""Friday"": ""9:0-15:0"", ""Saturday"": ""9:0-15:0"", ""Sunday"": ""9:0-15:0""}"
9qdUEbbjzjcpPbXKeRN4zw__desserts,9qdUEbbjzjcpPbXKeRN4zw,Nonno’s Cajun Cuisine and Pastries,Desserts,9qdUEbbjzjcpPbXKeRN4zw,Desserts,29.9736112,-90.0589405,1759.866767,1905.566790,New Orleans,LA,5.0,24,1,2,true,,,,,,,"{""Monday"": ""10:0-18:0"", ""Tuesday"": ""10:0-18:0"", ""Wednesday"": ""8:0-20:0"", ""Thursday"": ""22:0-3:0"", ""Friday"": ""22:0-3:0"", ""Saturday"": ""22:0-3:0"", ""Sunday"": ""8:0-17:0""}"
GcJsCFzqvVVwydvBcxmJIA__coffee_and_tea,GcJsCFzqvVVwydvBcxmJIA,Haydel's Bake Shop,Coffee & Tea,GcJsCFzqvVVwydvBcxmJIA,Coffee & Tea,29.9243442,-90.0859656,-843.730619,-3572.681228,New Orleans,LA,3.5,41,1,2,true,true,true,,,free,,"{""Monday"": ""8:0-19:0"", ""Tuesday"": ""8:0-19:0"", ""Wednesday"": ""8:0-19:0"", ""Thursday"": ""8:0-19:0"", ""Friday"": ""7:0-19:0"", ""Saturday"": ""7:0-19:0"", ""Sunday"": ""7:0-19:0""}"
nIvk37LSvvZ-7zTIG_bgjA__specialty_food,nIvk37LSvvZ-7zTIG_bgjA,Michael's Seafood,Specialty Food,nIvk37LSvvZ-7zTIG_bgjA,Specialty Food,29.9630527,-90.1666857,-8620.302818,731.513535,New Orleans,LA,3.5,22,1,1,true,false,false,false,none,no,,"{""Monday"": ""9:0-18:0"", ""Tuesday"": ""9:0-18:0"", ""Wednesday"": ""9:0-18:0"", ""Thursday"": ""9:0-18:0"", ""Friday"": ""9:0-18:0"", ""Saturday"": ""9:0-18:0""}"
rdc5LS5MnZUO_nh-4fOflg__fitness_and_instruction,rdc5LS5MnZUO_nh-4fOflg,Balance Spa and Fitness,Fitness & Instruction,rdc5LS5MnZUO_nh-4fOflg,Fitness & Instruction,29.9479753,-90.0662013,1060.361496,-945.019168,New Orleans,LA,4.0,95,0,3,,,,false,,,,"{""Monday"": ""9:0-21:0"", ""Tuesday"": ""9:0-21:0"", ""Wednesday"": ""9:0-21:0"", ""Thursday"": ""9:0-21:0"", ""Friday"": ""9:0-21:0"", ""Saturday"": ""9:0-21:0"", ""Sunday"": ""10:0-18:0""}"
Rhou4pBQXvlPdw6YAP0VRw__cafes,Rhou4pBQXvlPdw6YAP0VRw,Sprout and Press Cafe,Cafes,Rhou4pBQXvlPdw6YAP0VRw,Cafes,29.9352018,-90.1050379,-2681.158556,-2365.367646,New Orleans,LA,3.5,21,0,2,true,true,true,true,,no,,"{""Monday"": ""9:0-18:0"", ""Tuesday"": ""9:0-18:0"", ""Wednesday"": ""9:0-18:0"", ""Thursday"": ""9:0-18:0"", ""Friday"": ""9:0-18:0"", ""Saturday"": ""11:0-16:0""}"
S-V6wqpYeX4ruB2pIU3fIA__beer,S-V6wqpYeX4ruB2pIU3fIA,Flite 504,Beer,S-V6wqpYeX4ruB2pIU3fIA,Beer,29.9824092,-90.2556448,-17190.618748,2883.855735,New Orleans,LA,3.0,27,1,3,false,,,,,,,
PPow3qO48buSNaEkQ_us_w__pizza,PPow3qO48buSNaEkQ_us_w,Nola Mia Gelato Cafe,Pizza,PPow3qO48buSNaEkQ_us_w,Pizza,29.9684183,-90.0557932,2063.077562,1328.141857,New Orleans,LA,4.5,65,1,1,true,true,true,,,free,,"{""Monday"": ""11:0-21:0"", ""Tuesday"": ""12:0-20:0"", ""Wednesday"": ""16:0-22:0"", ""Thursday"": ""11:0-21:0"", ""Friday"": ""11:0-21:0"", ""Saturday"": ""11:0-21:0"", ""Sunday"": ""11:0-21:0""}"
B6oUNsRtdoHpBccvbFrDAQ__venues_and_event_spaces,B6oUNsRtdoHpBccvbFrDAQ,Big Al's Seafood & Spirits,Venues & Event Spaces,B6oUNsRtdoHpBccvbFrDAQ,Venues & Event Spaces,29.9044692,-90.0630634,1362.669759,-5782.686873,New Orleans,LA,3.5,27,0,2,true,,true,true,full_bar,no,classy,"{""Monday"": ""11:0-0:0"", ""Tuesday"": ""11:0-0:0"", ""Wednesday"": ""11:0-0:0"", ""Thursday"": ""11:0-0:0"", ""Friday"": ""11:0-1:0"", ""Saturday"": ""11:0-1:0"", ""Sunday"": ""11:0-0:0""}"
WFGoAG3HF2T1cTVr5HUD2w__desserts,WFGoAG3HF2T1cTVr5HUD2w,Chilango's Bar & Grill,Desserts,WFGoAG3HF2T1cTVr5HUD2w,Desserts,29.9497631,-90.1275602,-4850.949484,-746.222079,New Orleans,LA,3.5,50,1,2,true,true,true,,full_bar,free,casual,"{""Monday"": ""12:0-20:0"", ""Tuesday"": ""10:0-21:30"", ""Wednesday"": ""12:0-20:0"", ""Thursday"": ""12:0-20:0"", ""Friday"": ""12:0-20:0"", ""Saturday"": ""12:0-20:0"", ""Sunday"": ""12:0-20:0""}"
4w_TG6uA5bIxnC5tpkOb3g__breakfast_and_brunch,4w_TG6uA5bIxnC5tpkOb3g,The Marigny Brasserie,Breakfast & Brunch,4w_TG6uA5bIxnC5tpkOb3g,Breakfast & Brunch,29.9644297,-90.0579159,1858.578311,884.631518,New Orleans,LA,3.5,648,1,2,true,false,true,false,full_bar,free,casual|classy,"{""Thursday"": ""16:0-23:0"", ""Friday"": ""16:0-23:0"", ""Saturday"": ""12:0-23:0"", ""Sunday"": ""12:0-23:0""}"
O7adYE4pVfqY02Lh6ywEpA__beer,O7adYE4pVfqY02Lh6ywEpA,Swirl Wine Bar & Market,Beer,O7adYE4pVfqY02Lh6ywEpA,Beer,29.9806209,-90.0843017,-683.430539,2685.010944,New Orleans,LA,4.5,68,1,2,false,,true,,beer_and_wine,,classy,"{""Monday"": ""11:0-20:0"", ""Tuesday"": ""11:0-20:0"", ""Wednesday"": ""11:0-20:0"", ""Thursday"": ""11:0-20:0"", ""Friday"": ""11:0-21:0"", ""Saturday"": ""11:0-21:0""}"
aGiIyGfO7DvhXvB1lksp7Q__american_(traditional),aGiIyGfO7DvhXvB1lksp7Q,Evelyn's Place,American (Traditional),aGiIyGfO7DvhXvB1lksp7Q,American (Traditional),29.9534505,-90.0675347,931.901777,-336.203864,New Orleans,LA,3.5,64,0,1,true,false,false,false,full_bar,no,divey,
GTmwc3AWVB756gDiuHwtuw__fast_food,GTmwc3AWVB756gDiuHwtuw,McDonald's,Fast Food,GTmwc3AWVB756gDiuHwtuw,Fast Food,29.9895363,-90.0578593,1864.032262,3676.356326,New Orleans,LA,2.0,33,1,1,true,true,true,true,none,free,,"{""Monday"": ""0:0-0:0"", ""Tuesday"": ""0:0-0:0"", ""Wednesday"": ""0:0-0:0"", ""Thursday"": ""0:0-0:0"", ""Friday"": ""0:0-0:0"", ""Saturday"": ""0:0-0:0"", ""Sunday"": ""0:0-0:0""}"
obNbM6h-vASW73V3Cbx1rw__burgers,obNbM6h-vASW73V3Cbx1rw,Queen on Wheels,Burgers,obNbM6h-vASW73V3Cbx1rw,Burgers,29.9557828,-90.0762827,89.119699,-76.863579,New Orleans,LA,4.5,20,1,,true,false,true,,,no,,
LqQOn3EFOSY3eWZjjgv_eQ__seafood,LqQOn3EFOSY3eWZjjgv_eQ,Pelican Cafe,Seafood,LqQOn3EFOSY3eWZjjgv_eQ,Seafood,29.9754514,-90.1697909,-8919.455407,2110.187976,New Orleans,LA,4.0,24,0,2,true,false,false,true,beer_and_wine,no,casual,"{""Monday"": ""11:0-20:30"", ""Tuesday"": ""11:0-20:30"", ""Wednesday"": ""11:0-20:30"", ""Thursday"": ""11:0-20:30"", ""Friday"": ""11:0-20:30"", ""Saturday"": ""11:0-20:30""}"
3vhc909xqApk-pFSNSfWQA__specialty_food,3vhc909xqApk-pFSNSfWQA,Tabasco Country Store,Specialty Food,3vhc909xqApk-pFSNSfWQA,Specialty Food,29.9582067,-90.0625793,1409.304876,192.662176,New Orleans,LA,4.5,25,1,2,false,true,,,,,,"{""Monday"": ""10:0-18:0"", ""Tuesday"": ""10:0-18:0"", ""Wednesday"": ""10:0-18:0"", ""Thursday"": ""10:0-18:0"", ""Friday"": ""10:0-18:0"", ""Saturday"": ""10:0-18:0"", ""Sunday"": ""10:0-18:0""}"
6KmiFj1m6WYhPPaB0uW5LQ__american_(new),6KmiFj1m6WYhPPaB0uW5LQ,Foodies,American (New),6KmiFj1m6WYhPPaB0uW5LQ,American (New),29.9458122,-90.0712732,571.734790,-1185.545246,New Orleans,LA,3.0,8,0,3,true,true,true,false,full_bar,free,casual,
H6qwTMghkuxOoOHEheYo-g__burgers,H6qwTMghkuxOoOHEheYo-g,Three B's Burger & Wine Bar,Burgers,H6qwTMghkuxOoOHEheYo-g,Burgers,30.0047606,-90.1033143,-2515.103896,5369.226822,New Orleans,LA,3.5,150,1,2,true,true,true,true,full_bar,,casual|classy,"{""Monday"": ""11:0-20:0"", ""Tuesday"": ""11:0-20:0"", ""Wednesday"": ""11:0-20:0"", ""Thursday"": ""11:0-20:0"", ""Friday"": ""11:0-21:0"", ""Saturday"": ""11:0-21:0"", ""Sunday"": ""11:0-20:0""}"
Rm4q_X265Fzfyym1URfQ1w__burgers,Rm4q_X265Fzfyym1URfQ1w,Fuddruckers,Burgers,Rm4q_X265Fzfyym1URfQ1w,Burgers,29.9495484,-90.0651354,1163.050272,-770.098187,New Orleans,LA,2.5,53,1,2,true,false,false,false,none,no,casual|touristy,"{""Monday"": ""10:30-0:0"", ""Tuesday"": ""10:30-0:0"", ""Wednesday"": ""10:30-0:0"", ""Thursday"": ""10:30-0:0"", ""Friday"": ""10:30-2:0"", ""Saturday"": ""10:30-2:0"", ""Sunday"": ""10:30-0:0""}"
jNM51CiEYvELZz1tEYfa0g__pizza,jNM51CiEYvELZz1tEYfa0g,Papa John's Pizza,Pizza,jNM51CiEYvELZz1tEYfa0g,Pizza,30.0207626,-90.0768371,35.708818,7148.570496,New Orleans,LA,2.5,21,1,1,true,true,,true,none,,,
5qpBxIg0n6jxkHIQHJSoZw__southern,5qpBxIg0n6jxkHIQHJSoZw,The American Sector,Southern,5qpBxIg0n6jxkHIQHJSoZw,Southern,29.9420297,-90.0703912,656.704864,-1606.142249,New Orleans,LA,3.0,193,1,2,true,false,false,true,full_bar,free,casual|classy|touristy,"{""Monday"": ""0:0-0:0"", ""Tuesday"": ""11:0-19:0"", ""Wednesday"": ""11:0-19:0"", ""Thursday"": ""11:0-19:0"", ""Friday"": ""11:0-20:0"", ""Saturday"": ""11:0-20:0"", ""Sunday"": ""11:0-19:0""}"
gVXoIIFz67JXb0los6bIgA__cocktail_bars,gVXoIIFz67JXb0los6bIgA,Spotted Cat Food & Spirits,Cocktail Bars,gVXoIIFz67JXb0los6bIgA,Cocktail Bars,29.9685888,-90.0523039,2399.235462,1347.100363,New Orleans,LA,4.5,52,0,2,true,false,true,true,full_bar,free,casual|romantic,"{""Monday"": ""0:0-0:0"", ""Tuesday"": ""9:0-15:0"", ""Wednesday"": ""10:0-18:0"", ""Thursday"": ""10:0-18:0"", ""Friday"": ""10:0-18:0"", ""Saturday"": ""9:0-18:0"", ""Sunday"": ""9:0-15:0""}"
scMBCVdRaWSi9yjmv5QioQ__specialty_food,scMBCVdRaWSi9yjmv5QioQ,Select Crawfish Company,Specialty Food,scMBCVdRaWSi9yjmv5QioQ,Specialty Food,29.9269116,-90.0808455,-350.460327,-3287.198979,New Orleans,LA,5.0,6,1,2,true,,,,,,,
5qVG7T82jRnKGR9O7_0cFw__cafes,5qVG7T82jRnKGR9O7_0cFw,Starbucks,Cafes,5qVG7T82jRnKGR9O7_0cFw,Cafes,29.9530330,-90.0693850,753.643926,-382.627810,New Orleans,LA,3.0,130,1,2,true,,false,true,,free,,"{""Monday"": ""0:0-0:0"", ""Tuesday"": ""5:0-21:0"", ""Wednesday"": ""5:0-21:0"", ""Thursday"": ""5:0-21:0"", ""Friday"": ""5:0-21:0"", ""Saturday"": ""5:0-21:0"", ""Sunday"": ""5:0-21:0""}"
r4X9jW4K311nFkutYWrFyg__cafes,r4X9jW4K311nFkutYWrFyg,Bayou Breakfast,Cafes,r4X9jW4K311nFkutYWrFyg,Cafes,29.9801702,-90.0835212,-608.237190,2634.895321,New Orleans,LA,2.5,68,0,1,true,false,true,true,none,no,casual,"{""Monday"": ""7:0-15:0"", ""Tuesday"": ""7:0-15:0"", ""Wednesday"": ""7:0-15:0"", ""Thursday"": ""7:0-15:0"", ""Friday"": ""7:0-15:0"", ""Saturday"": ""7:0-15:0"", ""Sunday"": ""7:0-15:0""}"
vBd2-H4sQM1hq3ggWNambw__cajun_creole,vBd2-H4sQM1hq3ggWNambw,Bordeaux,Cajun/Creole,vBd2-H4sQM1hq3ggWNambw,Cajun/Creole,29.9202858,-90.1058867,-2762.928841,-4023.955342,New Orleans,LA,4.0,66,0,,false,false,true,,full_bar,no,classy,"{""Tuesday"": ""17:30-21:30"", ""Wednesday"": ""17:30-21:30"", ""Thursday"": ""17:30-21:30"", ""Friday"": ""17:30-22:30"", ""Saturday"": ""17:30-22:30"", ""Sunday"": ""9:30-15:0""}"
-rRr5iYMJhdEWYkzEltHEw__specialty_food,-rRr5iYMJhdEWYkzEltHEw,The Independent Caveau NOLA,Specialty Food,-rRr5iYMJhdEWYkzEltHEw,Specialty Food,29.9545221,-90.0986010,-2061.024705,-217.047216,New Orleans,LA,5.0,8,1,,false,,true,,beer_and_wine,paid,classy,
kPSbSxcnp3kqxGYhHfoDww__venues_and_event_spaces,kPSbSxcnp3kqxGYhHfoDww,Marigny Opera House,Venues & Event Spaces,kPSbSxcnp3kqxGYhHfoDww,Venues & Event Spaces,29.9650384,-90.0490361,2714.052034,952.315796,New Orleans,LA,4.0,11,1,,,,false,true,none,,,
lnk79VVLnZg5IgO3tOMoDA__seafood,lnk79VVLnZg5IgO3tOMoDA,Alto Rooftop Bar & Pool,Seafood,lnk79VVLnZg5IgO3tOMoDA,Seafood,29.9483184,-90.0719486,506.668661,-906.864433,New Orleans,LA,3.5,53,1,2,false,false,true,false,full_bar,free,casual|trendy,"{""Monday"": ""11:0-18:0"", ""Tuesday"": ""11:0-18:0"", ""Wednesday"": ""11:0-18:0"", ""Thursday"": ""11:0-18:0"", ""Friday"": ""11:0-18:30"", ""Saturday"": ""11:0-18:0"", ""Sunday"": ""11:0-18:0""}"
q8xFY5SxBO2i0cgCoxuQOw__american_(new),q8xFY5SxBO2i0cgCoxuQOw,Louis XVI Restaurant,American (New),q8xFY5SxBO2i0cgCoxuQOw,American (New),29.9551088,-90.0681337,874.194133,-151.809063,New Orleans,LA,4.5,5,0,2,,,,,,,,
u0U5IQEQzQauLnP54rMUOA__coffee_and_tea,u0U5IQEQzQauLnP54rMUOA,Addiction,Coffee & Tea,u0U5IQEQzQauLnP54rMUOA,Coffee & Tea,29.9669329,-90.0712571,573.289303,1162.968226,New Orleans,LA,4.5,529,1,1,true,true,true,,none,free,,"{""Monday"": ""0:0-0:0"", ""Tuesday"": ""8:0-15:0"", ""Wednesday"": ""8:0-15:0"", ""Thursday"": ""8:0-15:0"", ""Friday"": ""8:0-15:0"", ""Saturday"": ""8:0-16:0"", ""Sunday"": ""8:0-12:0""}"
qtpCkLWroPS2yg8aJ0kpVw__cocktail_bars,qtpCkLWroPS2yg8aJ0kpVw,Royal & St Ann,Cocktail Bars,qtpCkLWroPS2yg8aJ0kpVw,Cocktail Bars,29.9590251,-90.0640341,1269.149484,283.664230,New Orleans,LA,4.5,10,0,2,true,false,false,,full_bar,no,classy,"{""Monday"": ""11:0-22:0"", ""Tuesday"": ""9:0-2:0"", ""Wednesday"": ""11:0-22:0"", ""Thursday"": ""11:0-22:0"", ""Friday"": ""11:0-23:0"", ""Saturday"": ""9:0-23:0"", ""Sunday"": ""9:0-22:0""}"
1prfnyowzCR5lQGWQNep-g__southern,1prfnyowzCR5lQGWQNep-g,Hooks,Southern,1prfnyowzCR5lQGWQNep-g,Southern,29.9774920,-90.0687096,818.711943,2337.092657,New Orleans,LA,4.5,63,1,2,true,true,false,true,none,no,casual,"{""Monday"": ""10:30-1:0"", ""Tuesday"": ""10:30-1:0"", ""Wednesday"": ""10:30-1:0"", ""Thursday"": ""10:30-1:0"", ""Friday"": ""10:30-3:0"", ""Saturday"": ""10:30-3:0"", ""Sunday"": ""10:30-1:0""}"
QE2KzOMx80dUIkW7NNiH6w__specialty_food,QE2KzOMx80dUIkW7NNiH6w,Coco Hut,Specialty Food,QE2KzOMx80dUIkW7NNiH6w,Specialty Food,29.9763241,-90.0762347,93.744018,2207.227923,New Orleans,LA,4.5,76,1,2,true,false,true,true,none,no,casual,"{""Tuesday"": ""11:0-19:0"", ""Wednesday"": ""11:0-19:0"", ""Thursday"": ""11:0-19:0"", ""Friday"": ""11:0-19:0"", ""Saturday"": ""11:0-19:0""}"
RGXb-3iUuaORNWB_nt_RcQ__southern,RGXb-3iUuaORNWB_nt_RcQ,Galliano Restaurant,Southern,RGXb-3iUuaORNWB_nt_RcQ,Southern,29.9443856,-90.0654858,1129.292746,-1344.176147,New Orleans,LA,4.5,730,1,2,true,false,true,false,full_bar,no,casual|classy|trendy,"{""Monday"": ""0:0-0:0"", ""Tuesday"": ""17:30-21:0"", ""Wednesday"": ""17:30-21:0"", ""Thursday"": ""17:30-21:0"", ""Friday"": ""17:30-21:30"", ""Saturday"": ""17:30-21:30""}"
ILWv3aMVbZUMjcMSTGgStQ__sandwiches,ILWv3aMVbZUMjcMSTGgStQ,Good Bird,Sandwiches,ILWv3aMVbZUMjcMSTGgStQ,Sandwiches,29.9350919,-90.1088730,-3050.628901,-2377.589864,New Orleans,LA,4.0,110,1,2,true,true,,false,,no,casual,"{""Monday"": ""10:0-20:0"", ""Tuesday"": ""10:0-20:0"", ""Wednesday"": ""10:0-20:0"", ""Thursday"": ""10:0-20:0"", ""Friday"": ""10:0-20:0"", ""Saturday"": ""10:0-20:0"", ""Sunday"": ""10:0-20:0""}"
tEjgGPpomcMxJ7kvDqPyXA__coffee_and_tea,tEjgGPpomcMxJ7kvDqPyXA,Main Squeeze Juice Co.,Coffee & Tea,tEjgGPpomcMxJ7kvDqPyXA,Coffee & Tea,29.9215909,-90.1194368,-4068.342489,-3878.831818,New Orleans,LA,5.0,9,1,,,,true,,,free,,"{""Monday"": ""0:0-0:0"", ""Tuesday"": ""7:0-19:0"", ""Wednesday"": ""7:0-20:0"", ""Thursday"": ""7:0-20:0"", ""Friday"": ""7:0-17:0"", ""Saturday"": ""7:0-20:0"", ""Sunday"": ""9:0-18:0""}"
kMi_BVGtozQ-Rgmq0k596g__american_(new),kMi_BVGtozQ-Rgmq0k596g,Last Call,American (New),kMi_BVGtozQ-Rgmq0k596g,American (New),29.9563210,-90.0680420,883.028509,-17.018387,New Orleans,LA,4.5,18,0,1,true,false,false,false,full_bar,,,
pfeuxzvUVRZCv-_2uX3p9g__coffee_and_tea,pfeuxzvUVRZCv-_2uX3p9g,Kahve Royale Eastern European Cafe,Coffee & Tea,pfeuxzvUVRZCv-_2uX3p9g,Coffee & Tea,29.9644584,-90.0589506,1758.893733,887.820459,New Orleans,LA,3.5,5,0,1,,,true,,,,,
EMfJpVozzk238AM51H18Dw__desserts,EMfJpVozzk238AM51H18Dw,Meltdown,Desserts,EMfJpVozzk238AM51H18Dw,Desserts,29.9585010,-90.0616300,1500.760411,225.386888,New Orleans,LA,4.5,119,0,1,,,,,,no,,"{""Thursday"": ""13:0-18:0"", ""Friday"": ""13:0-18:0"", ""Saturday"": ""13:0-18:0"", ""Sunday"": ""13:0-18:0""}"
8JEVqaKFy6BNsNIhCnnAmA__cafes,8JEVqaKFy6BNsNIhCnnAmA,Rouler,Cafes,8JEVqaKFy6BNsNIhCnnAmA,Cafes,29.9487871,-90.0735942,348.127460,-854.745531,New Orleans,LA,4.5,58,0,1,true,true,true,true,beer_and_wine,free,casual|hipster|trendy,"{""Monday"": ""0:0-0:0"", ""Tuesday"": ""7:0-15:0"", ""Wednesday"": ""7:0-15:0"", ""Thursday"": ""7:0-15:0"", ""Friday"": ""7:0-15:0"", ""Saturday"": ""7:0-18:0"", ""Sunday"": ""7:0-18:0""}"
l_xCcePP38yNSPrlziIQSA__cafes,l_xCcePP38yNSPrlziIQSA,Press It Bistrot & Automat,Cafes,l_xCcePP38yNSPrlziIQSA,Cafes,29.9528824,-90.0733884,367.956481,-399.373790,New Orleans,LA,2.0,7,0,2,true,,false,false,beer_and_wine,,,"{""Monday"": ""7:0-22:0"", ""Tuesday"": ""7:0-22:0"", ""Wednesday"": ""7:0-22:0"", ""Thursday"": ""7:0-22:0"", ""Friday"": ""7:0-22:0"", ""Saturday"": ""7:0-22:0"", ""Sunday"": ""7:0-22:0""}"
XyunkhTKBteNo0Sbap8R3g__breakfast_and_brunch,XyunkhTKBteNo0Sbap8R3g,La Mansión,Breakfast & Brunch,XyunkhTKBteNo0Sbap8R3g,Breakfast & Brunch,29.9451640,-90.1340300,-5474.253584,-1257.621897,New Orleans,LA,4.5,158,0,2,true,true,false,true,full_bar,free,casual,"{""Monday"": ""17:0-21:0"", ""Wednesday"": ""17:0-21:0"", ""Thursday"": ""17:0-21:0"", ""Friday"": ""17:0-21:0"", ""Saturday"": ""17:0-21:0""}"
2QGyW4T6E_4iSltdx9i2RQ__seafood,2QGyW4T6E_4iSltdx9i2RQ,Pascal's Manale,Seafood,2QGyW4T6E_4iSltdx9i2RQ,Seafood,29.9292896,-90.1027699,-2462.660375,-3022.772497,New Orleans,LA,3.5,515,1,2,true,true,false,false,full_bar,free,,"{""Tuesday"": ""16:0-21:0"", ""Wednesday"": ""11:30-21:0"", ""Thursday"": ""11:30-21:0"", ""Friday"": ""11:30-21:0"", ""Saturday"": ""16:0-21:0""}"
8qCqw4c6XArdSQmWqdn0dw__american_(traditional),8qCqw4c6XArdSQmWqdn0dw,Dunbar's Creole Cooking,American (Traditional),8qCqw4c6XArdSQmWqdn0dw,American (Traditional),29.9363645,-90.1284741,-4938.998332,-2236.083005,New Orleans,LA,3.5,12,0,1,true,false,true,true,none,paid,,
suVYxo-uPNTlpkJ7w7J-wg__pizza,suVYxo-uPNTlpkJ7w7J-wg,Louisiana Pizza Kitchen Uptown,Pizza,suVYxo-uPNTlpkJ7w7J-wg,Pizza,29.9431562,-90.1335395,-5426.998828,-1480.879379,New Orleans,LA,3.5,157,1,2,true,true,true,true,full_bar,free,casual,"{""Monday"": ""11:0-21:30"", ""Tuesday"": ""11:0-21:30"", ""Wednesday"": ""11:0-21:30"", ""Thursday"": ""11:0-21:30"", ""Friday"": ""11:0-22:0"", ""Saturday"": ""11:0-22:0"", ""Sunday"": ""11:0-21:30""}"
PnD4caXTlkH-ZRe2xmsh-g__fast_food,PnD4caXTlkH-ZRe2xmsh-g,Jimmy John's,Fast Food,PnD4caXTlkH-ZRe2xmsh-g,Fast Food,29.9770653,-90.0975293,-1957.774247,2289.645716,New Orleans,LA,3.0,29,1,1,true,true,true,true,none,no,,"{""Monday"": ""10:30-22:0"", ""Tuesday"": ""10:30-22:0"", ""Wednesday"": ""10:30-22:0"", ""Thursday"": ""10:30-22:0"", ""Friday"": ""10:30-22:0"", ""Saturday"": ""10:30-22:0"", ""Sunday"": ""10:30-22:0""}"
Xh08NmHdB86LexgXrIxr2Q__american_(new),Xh08NmHdB86LexgXrIxr2Q,Faubourg Bistro,American (New),Xh08NmHdB86LexgXrIxr2Q,American (New),29.9598306,-90.0673229,952.306583,373.231867,New Orleans,LA,4.5,630,0,2,true,true,false,false,full_bar,free,casual|divey,"{""Monday"": ""0:0-0:0"", ""Tuesday"": ""10:0-22:0"", ""Wednesday"": ""10:0-22:0"", ""Thursday"": ""10:0-22:0"", ""Friday"": ""10:0-22:0"", ""Saturday"": ""10:0-22:0"", ""Sunday"": ""10:0-22:0""}"
h9Qf7cOTUdzufvoRxWIFoA__breakfast_and_brunch,h9Qf7cOTUdzufvoRxWIFoA,Babins Bar And Bistro,Breakfast & Brunch,h9Qf7cOTUdzufvoRxWIFoA,Breakfast & Brunch,29.9343211,-90.0810645,-371.558781,-2463.299032,New Orleans,LA,3.0,5,1,,true,true,true,true,,free,,"{""Monday"": ""17:0-22:0"", ""Tuesday"": ""17:0-22:0"", ""Wednesday"": ""17:0-22:0"", ""Thursday"": ""17:0-22:0"", ""Friday"": ""17:0-22:0"", ""Saturday"": ""17:0-22:0"", ""Sunday"": ""17:0-22:0""}"
wHnk0H_5RGBSYCC32SmkIQ__venues_and_event_spaces,wHnk0H_5RGBSYCC32SmkIQ,Bayou Wine Garden,Venues & Event Spaces,wHnk0H_5RGBSYCC32SmkIQ,Venues & Event Spaces,29.9714333,-90.0911802,-1346.105038,1663.395024,New Orleans,LA,4.0,158,1,2,,,true,,full_bar,free,casual|classy|hipster|trendy,"{""Monday"": ""15:0-0:0"", ""Tuesday"": ""15:0-0:0"", ""Wednesday"": ""15:0-0:0"", ""Thursday"": ""15:0-0:0"", ""Friday"": ""15:0-1:0"", ""Saturday"": ""12:0-1:0"", ""Sunday"": ""12:0-0:0""}"
sMhdwnrxQd8NWPCxLKqG2A__beer,sMhdwnrxQd8NWPCxLKqG2A,La Crepe Nanou,Beer,sMhdwnrxQd8NWPCxLKqG2A,Beer,29.9249278,-90.1091287,-3075.263032,-3507.787779,New Orleans,LA,4.0,259,1,2,true,false,true,false,full_bar,no,classy|intimate,"{""Wednesday"": ""17:0-21:0"", ""Thursday"": ""17:0-21:0"", ""Friday"": ""17:0-21:0"", ""Saturday"": ""17:0-21:0"", ""Sunday"": ""17:0-21:0""}"
fK1wT5b6oJ3s2dvxeDL5Iw__art_galleries,fK1wT5b6oJ3s2dvxeDL5Iw,Great Artists Collective,Art Galleries,fK1wT5b6oJ3s2dvxeDL5Iw,Art Galleries,29.9591990,-90.0638290,1288.908812,303.001054,New Orleans,LA,5.0,7,1,2,,,,true,,,,"{""Monday"": ""10:0-18:0"", ""Tuesday"": ""10:0-18:0"", ""Wednesday"": ""11:30-20:30"", ""Thursday"": ""11:30-20:30"", ""Friday"": ""11:30-20:30"", ""Saturday"": ""11:30-20:30"", ""Sunday"": ""11:30-20:30""}"
N3bjowmk_Yi9rUxPpM2k6Q__southern,N3bjowmk_Yi9rUxPpM2k6Q,The Store,Southern,N3bjowmk_Yi9rUxPpM2k6Q,Southern,29.9519850,-90.0717354,527.206455,-499.160255,New Orleans,LA,4.0,141,0,2,true,true,false,true,none,no,casual,"{""Monday"": ""11:0-14:30"", ""Tuesday"": ""11:0-14:30"", ""Wednesday"": ""11:0-14:30"", ""Thursday"": ""11:0-14:30"", ""Friday"": ""11:0-14:30""}"
YJn3GKbAvWw_KPXr5BChEA__fast_food,YJn3GKbAvWw_KPXr5BChEA,Wendy's,Fast Food,YJn3GKbAvWw_KPXr5BChEA,Fast Food,29.9244370,-90.0214470,5371.989519,-3562.362325,New Orleans,LA,1.5,17,1,1,true,true,false,true,,,,"{""Monday"": ""6:0-1:0"", ""Tuesday"": ""6:0-1:0"", ""Wednesday"": ""6:0-1:0"", ""Thursday"": ""6:0-1:0"", ""Friday"": ""6:0-2:0"", ""Saturday"": ""6:0-2:0"", ""Sunday"": ""7:0-1:0""}"
bHb22MUzb5DFKDyA90OEDA__sandwiches,bHb22MUzb5DFKDyA90OEDA,Nola Good Eats,Sandwiches,bHb22MUzb5DFKDyA90OEDA,Sandwiches,29.9421104,-90.0668795,995.023727,-1597.167194,New Orleans,LA,3.5,23,0,1,true,true,true,true,none,no,casual,"{""Monday"": ""8:0-15:30"", ""Tuesday"": ""8:0-15:30"", ""Wednesday"": ""8:0-15:30"", ""Thursday"": ""8:0-15:30"", ""Friday"": ""8:0-15:30"", ""Saturday"": ""9:0-16:0"", ""Sunday"": ""9:0-16:0""}"
8SwvryIp1h1xEPSLEM6irw__american_(new),8SwvryIp1h1xEPSLEM6irw,Embers Bourbon House & Restaurant,American (New),8SwvryIp1h1xEPSLEM6irw,American (New),29.9586073,-90.0654568,1132.086605,237.206925,New Orleans,LA,2.5,61,0,3,true,false,true,false,full_bar,no,casual|touristy,
N1Kv9Uxx4ZHeooGcpNe_RQ__cajun_creole,N1Kv9Uxx4ZHeooGcpNe_RQ,Gazebo Cafe,Cajun/Creole,N1Kv9Uxx4ZHeooGcpNe_RQ,Cajun/Creole,29.9594610,-90.0602570,1633.035193,332.134165,New Orleans,LA,4.0,310,1,2,true,false,true,true,full_bar,no,casual|touristy,"{""Monday"": ""10:0-18:0"", ""Tuesday"": ""10:0-18:0"", ""Wednesday"": ""10:0-18:0"", ""Thursday"": ""10:0-18:0"", ""Friday"": ""9:0-18:0"", ""Saturday"": ""9:0-18:0"", ""Sunday"": ""9:0-18:0""}"
hJlz7fa9pvdMRtIp4ADDlQ__american_(traditional),hJlz7fa9pvdMRtIp4ADDlQ,Fiorella's Bistro and Wine Bar,American (Traditional),hJlz7fa9pvdMRtIp4ADDlQ,American (Traditional),29.9604992,-90.0592989,1725.338521,447.576898,New Orleans,LA,4.0,118,0,2,true,,true,true,full_bar,no,casual,"{""Monday"": ""11:0-22:0"", ""Tuesday"": ""11:0-22:0"", ""Wednesday"": ""11:0-22:0"", ""Thursday"": ""11:0-22:0"", ""Friday"": ""11:0-22:0"", ""Saturday"": ""11:0-22:0"", ""Sunday"": ""11:0-22:0""}"
0liks45enqVRV3_ORP2wng__cafes,0liks45enqVRV3_ORP2wng,Prytania Hall Coffee,Cafes,0liks45enqVRV3_ORP2wng,Cafes,29.9265561,-90.0921395,-1438.528194,-3326.733456,New Orleans,LA,5.0,6,0,,,,true,,,,,"{""Monday"": ""7:30-18:0"", ""Tuesday"": ""7:30-18:0"", ""Wednesday"": ""7:30-18:0"", ""Thursday"": ""7:30-18:0"", ""Friday"": ""7:30-18:0"", ""Saturday"": ""7:30-18:0"", ""Sunday"": ""7:30-18:0""}"
7nhfY3Z_d_0XD21m7Ha_dA__cafes,7nhfY3Z_d_0XD21m7Ha_dA,The Café on 11,Cafes,7nhfY3Z_d_0XD21m7Ha_dA,Cafes,29.9499590,-90.0696767,725.541556,-724.441487,New Orleans,LA,4.0,7,1,1,true,false,false,true,none,no,,"{""Monday"": ""7:30-14:30"", ""Tuesday"": ""7:30-14:30"", ""Wednesday"": ""7:30-14:30"", ""Thursday"": ""7:30-14:30"", ""Friday"": ""7:30-14:30""}"
Nm8N8GU7pYg2rnV_GlwrzQ__cajun_creole,Nm8N8GU7pYg2rnV_GlwrzQ,Juan's Flying Burrito,Cajun/Creole,Nm8N8GU7pYg2rnV_GlwrzQ,Cajun/Creole,29.9498204,-90.0732932,377.129588,-739.848889,New Orleans,LA,3.5,316,1,2,true,true,true,true,full_bar,no,casual|hipster,"{""Monday"": ""0:0-0:0"", ""Tuesday"": ""11:0-22:0"", ""Thursday"": ""11:0-22:0"", ""Friday"": ""11:0-22:0"", ""Saturday"": ""11:0-22:0"", ""Sunday"": ""11:0-22:0""}"
RC5DvxYvcR_RXfefEHJIMQ__specialty_food,RC5DvxYvcR_RXfefEHJIMQ,Soul's Seafood Market,Specialty Food,RC5DvxYvcR_RXfefEHJIMQ,Specialty Food,29.9374629,-90.0904676,-1277.453174,-2113.946329,New Orleans,LA,4.0,17,1,2,true,false,false,true,none,no,,
RDIsXBd5h8ML1wSQ7AuKxA__pizza,RDIsXBd5h8ML1wSQ7AuKxA,Paulie Gee's Crescent City Slice Shop,Pizza,RDIsXBd5h8ML1wSQ7AuKxA,Pizza,29.9459140,-90.0725719,446.618068,-1174.225587,New Orleans,LA,4.5,48,1,1,,true,false,true,,,casual,"{""Tuesday"": ""11:30-21:0"", ""Wednesday"": ""11:30-21:0"", ""Thursday"": ""11:30-21:0"", ""Friday"": ""11:30-21:0"", ""Saturday"": ""11:30-21:0"", ""Sunday"": ""11:30-21:0""}"
nihvarTktbLi1CI_Dkep4Q__cajun_creole,nihvarTktbLi1CI_Dkep4Q,801 Royal,Cajun/Creole,nihvarTktbLi1CI_Dkep4Q,Cajun/Creole,29.9590251,-90.0640341,1269.149484,283.664230,New Orleans,LA,4.0,677,0,2,true,false,false,false,full_bar,no,casual|classy,"{""Monday"": ""11:0-0:0"", ""Tuesday"": ""11:0-0:0"", ""Wednesday"": ""11:0-0:0"", ""Thursday"": ""11:0-0:0"", ""Friday"": ""11:0-0:0"", ""Saturday"": ""9:0-0:30"", ""Sunday"": ""9:0-0:0""}"
4-P4Bzqd01YvKX9tp7IGfQ__beer,4-P4Bzqd01YvKX9tp7IGfQ,Drink & Learn,Beer,4-P4Bzqd01YvKX9tp7IGfQ,Beer,29.9650687,-90.0643722,1236.577806,955.679436,New Orleans,LA,5.0,90,1,,,,,,,,,"{""Monday"": ""18:0-20:0"", ""Tuesday"": ""18:0-20:0"", ""Wednesday"": ""18:0-20:0"", ""Thursday"": ""18:0-20:0"", ""Friday"": ""18:0-20:0"", ""Saturday"": ""18:0-20:0"", ""Sunday"": ""18:0-20:0""}"
-xxGo7PSP5tnL_GEHT5W8w__cocktail_bars,-xxGo7PSP5tnL_GEHT5W8w,The Penthouse Club - New Orleans,Cocktail Bars,-xxGo7PSP5tnL_GEHT5W8w,Cocktail Bars,29.9546100,-90.0687741,812.498015,-207.273169,New Orleans,LA,3.0,64,1,2,,,false,false,full_bar,no,classy,"{""Monday"": ""17:0-1:0"", ""Tuesday"": ""17:0-1:0"", ""Wednesday"": ""17:0-1:0"", ""Thursday"": ""17:0-1:0"", ""Friday"": ""17:0-1:0"", ""Saturday"": ""17:0-1:0"", ""Sunday"": ""17:0-1:0""}"
gurR2NBF1RA-l--XLYV17Q__cafes,gurR2NBF1RA-l--XLYV17Q,Lamara Coffee & Kitchen,Cafes,gurR2NBF1RA-l--XLYV17Q,Cafes,29.9754175,-90.0784570,-120.352303,2106.418463,New Orleans,LA,4.5,47,1,2,true,true,true,,none,free,,"{""Monday"": ""0:0-0:0"", ""Tuesday"": ""8:0-15:0"", ""Wednesday"": ""8:0-15:0"", ""Thursday"": ""8:0-15:0"", ""Friday"": ""8:0-15:0"", ""Saturday"": ""9:0-15:0"", ""Sunday"": ""9:0-13:0""}"
24nRTrwBdpSI86k0wKjaSw__art_galleries,24nRTrwBdpSI86k0wKjaSw,The Shops At 2011,Art Galleries,24nRTrwBdpSI86k0wKjaSw,Art Galleries,29.9307639,-90.0749770,214.910801,-2858.842172,New Orleans,LA,3.5,5,0,2,,,,false,,,,"{""Monday"": ""10:0-17:0"", ""Tuesday"": ""10:0-17:0"", ""Wednesday"": ""10:0-17:0"", ""Thursday"": ""10:0-17:0"", ""Friday"": ""10:0-17:0"", ""Saturday"": ""10:0-17:0"", ""Sunday"": ""12:0-16:0""}"
0jUNimaBy2JgkY65zu64lQ__fitness_and_instruction,0jUNimaBy2JgkY65zu64lQ,CrossFit NOLA 504,Fitness & Instruction,0jUNimaBy2JgkY65zu64lQ,Fitness & Instruction,29.9751951,-90.0930034,-1521.752076,2081.688677,New Orleans,LA,5.0,29,1,,,,,false,,,,"{""Monday"": ""5:30-19:0"", ""Tuesday"": ""5:30-19:0"", ""Wednesday"": ""5:30-19:0"", ""Thursday"": ""5:30-19:0"", ""Friday"": ""5:30-19:0"", ""Saturday"": ""9:0-14:0""}"
JdJv0YQ2oI4oyGPpFAKMKw__cocktail_bars,JdJv0YQ2oI4oyGPpFAKMKw,Spitfire,Cocktail Bars,JdJv0YQ2oI4oyGPpFAKMKw,Cocktail Bars,29.9605940,-90.0596224,1694.172540,458.118191,New Orleans,LA,4.0,28,0,1,,,false,,full_bar,,divey,"{""Monday"": ""12:0-5:30"", ""Tuesday"": ""12:0-5:30"", ""Wednesday"": ""12:0-5:30"", ""Thursday"": ""12:0-5:30"", ""Friday"": ""10:0-5:30"", ""Saturday"": ""10:0-5:30"", ""Sunday"": ""10:0-5:30""}"
w4K9raWb6XdiEcBcUVoA7A__american_(traditional),w4K9raWb6XdiEcBcUVoA7A,Hard Rock Cafe,American (Traditional),w4K9raWb6XdiEcBcUVoA7A,American (Traditional),29.9544186,-90.0645593,1218.551731,-228.555907,New Orleans,LA,3.0,34,0,2,true,false,false,true,full_bar,no,casual,
PYJ7YSaMmHM_7C4WwOuFgA__cafes,PYJ7YSaMmHM_7C4WwOuFgA,Frenchmen All Day,Cafes,PYJ7YSaMmHM_7C4WwOuFgA,Cafes,29.9642814,-90.0579239,1857.805983,868.138930,New Orleans,LA,4.5,27,1,2,true,false,true,true,full_bar,free,,"{""Monday"": ""0:0-0:0"", ""Tuesday"": ""8:0-14:0"", ""Wednesday"": ""8:0-20:0"", ""Thursday"": ""8:0-20:0"", ""Friday"": ""7:0-14:0"", ""Saturday"": ""8:0-20:0"", ""Sunday"": ""8:0-20:0""}"
YctRrEphHLkA4fOTBNa2qQ__american_(new),YctRrEphHLkA4fOTBNa2qQ,Ariaane,American (New),YctRrEphHLkA4fOTBNa2qQ,American (New),29.9456438,-90.0713737,562.052623,-1204.270497,New Orleans,LA,4.0,29,0,2,true,true,true,true,full_bar,no,,"{""Monday"": ""0:0-0:0"", ""Tuesday"": ""11:0-21:0"", ""Wednesday"": ""11:0-15:0"", ""Thursday"": ""11:0-21:0"", ""Friday"": ""11:0-21:0"", ""Saturday"": ""15:0-21:0""}"
RPvYi_DmT4XjkzF3Q3kCmQ__specialty_food,RPvYi_DmT4XjkzF3Q3kCmQ,Black Swan Food Experience Pop-Up,Specialty Food,RPvYi_DmT4XjkzF3Q3kCmQ,Specialty Food,29.9595769,-90.0770127,18.791519,345.021675,New Orleans,LA,5.0,6,0,,,,,,,,,"{""Monday"": ""9:0-17:0"", ""Tuesday"": ""9:0-17:0"", ""Wednesday"": ""9:0-17:0"", ""Thursday"": ""9:0-17:0"", ""Friday"": ""9:0-17:0"", ""Saturday"": ""9:0-17:0"", ""Sunday"": ""9:0-17:0""}"
OkUnporMbIikx0THwnXCRg__cocktail_bars,OkUnporMbIikx0THwnXCRg,Pedros Tacos & Tequila Bar,Cocktail Bars,OkUnporMbIikx0THwnXCRg,Cocktail Bars,29.9365854,-90.2027078,-12090.670935,-2211.520012,New Orleans,LA,3.5,30,1,2,,,true,,,,,"{""Monday"": ""10:30-22:0"", ""Tuesday"": ""10:30-22:0"", ""Wednesday"": ""10:30-22:0"", ""Thursday"": ""10:30-22:0"", ""Friday"": ""10:30-23:0"", ""Saturday"": ""10:30-23:0"", ""Sunday"": ""10:30-22:0""}"
J8SS_FnE8uryULAynbcKtw__desserts,J8SS_FnE8uryULAynbcKtw,Cebu Litson And Grill,Desserts,J8SS_FnE8uryULAynbcKtw,Desserts,29.9452560,-90.0387272,3707.215529,-1247.391949,New Orleans,LA,4.5,8,1,,true,true,false,,none,free,,"{""Tuesday"": ""9:0-19:0"", ""Wednesday"": ""9:0-19:0"", ""Thursday"": ""9:0-19:0"", ""Friday"": ""9:0-19:0"", ""Saturday"": ""9:0-19:0"", ""Sunday"": ""9:0-19:0""}"
paf-TbchoCfQoHPVOoNvlQ__seafood,paf-TbchoCfQoHPVOoNvlQ,Seafood Sally's,Seafood,paf-TbchoCfQoHPVOoNvlQ,Seafood,29.9493462,-90.1326987,-5345.996179,-792.581832,New Orleans,LA,3.5,43,1,,,,true,,,,,"{""Monday"": ""16:0-22:0"", ""Wednesday"": ""16:0-22:0"", ""Thursday"": ""16:0-22:0"", ""Friday"": ""11:0-22:0"", ""Saturday"": ""11:0-22:0"", ""Sunday"": ""11:0-22:0""}"
QGiqgftSC238v9qWdVtspg__desserts,QGiqgftSC238v9qWdVtspg,Menchie's,Desserts,QGiqgftSC238v9qWdVtspg,Desserts,30.0050192,-90.1084905,-3013.778861,5397.981870,New Orleans,LA,3.0,22,0,1,true,,,,,free,,"{""Monday"": ""12:0-21:0"", ""Tuesday"": ""12:0-22:0"", ""Wednesday"": ""12:0-21:0"", ""Thursday"": ""12:0-21:0"", ""Friday"": ""12:0-22:0"", ""Saturday"": ""12:0-22:0"", ""Sunday"": ""12:0-21:0""}"
ovBGKwbm-x9mQ-Vd-L0QgQ__cafes,ovBGKwbm-x9mQ-Vd-L0QgQ,Cafe 91,Cafes,ovBGKwbm-x9mQ-Vd-L0QgQ,Cafes,29.9609770,-90.0582659,1824.857712,500.705907,New Orleans,LA,2.0,5,1,2,true,,true,false,full_bar,free,,
gdGDQVLLbHFdZtJjiPRcug__art_galleries,gdGDQVLLbHFdZtJjiPRcug,Funeral Gallery,Art Galleries,gdGDQVLLbHFdZtJjiPRcug,Art Galleries,29.9591014,-90.0638487,1287.010915,292.148414,New Orleans,LA,5.0,7,1,4,,,,false,,,,"{""Monday"": ""11:0-18:0"", ""Thursday"": ""11:0-18:0"", ""Friday"": ""11:0-20:0"", ""Saturday"": ""11:0-20:0"", ""Sunday"": ""11:0-18:0""}"
2ZGv7sKYtWK8NIWqMJCSfQ__fast_food,2ZGv7sKYtWK8NIWqMJCSfQ,Rally's,Fast Food,2ZGv7sKYtWK8NIWqMJCSfQ,Fast Food,29.9289097,-90.0921776,-1442.194527,-3065.020089,New Orleans,LA,3.0,9,0,1,true,false,true,true,none,,,"{""Monday"": ""10:0-4:0"", ""Tuesday"": ""10:0-4:0"", ""Wednesday"": ""10:0-4:0"", ""Thursday"": ""10:0-5:0"", ""Friday"": ""10:0-6:0"", ""Saturday"": ""10:0-6:0"", ""Sunday"": ""10:0-4:0""}"
z0MXYel0okwMqLjgMkKD2A__specialty_food,z0MXYel0okwMqLjgMkKD2A,St Roch Market,Specialty Food,z0MXYel0okwMqLjgMkKD2A,Specialty Food,29.9693909,-90.0521636,2412.753125,1436.290193,New Orleans,LA,4.5,610,1,2,true,true,true,true,full_bar,free,casual|classy|hipster|trendy,"{""Monday"": ""0:0-0:0"", ""Tuesday"": ""6:30-22:0"", ""Wednesday"": ""6:30-22:0"", ""Thursday"": ""6:30-22:0"", ""Friday"": ""6:30-23:0"", ""Saturday"": ""6:30-23:0"", ""Sunday"": ""7:0-17:0""}"
A6bawVXV5sa11LzXaI5asw__cafes,A6bawVXV5sa11LzXaI5asw,The Daily Grind Coffee Co.,Cafes,A6bawVXV5sa11LzXaI5asw,Cafes,29.9571835,-90.0757352,141.865834,78.887370,New Orleans,LA,4.0,23,1,,,,,,,free,,"{""Monday"": ""7:0-14:0"", ""Tuesday"": ""7:0-14:0"", ""Wednesday"": ""7:0-14:0"", ""Thursday"": ""7:0-14:0"", ""Friday"": ""7:0-14:0""}"
XnQ84ylyAZwh-XfHGGNBbQ__cajun_creole,XnQ84ylyAZwh-XfHGGNBbQ,Coop's Place,Cajun/Creole,XnQ84ylyAZwh-XfHGGNBbQ,Cajun/Creole,29.9601574,-90.0598538,1671.878102,409.573177,New Orleans,LA,3.5,3157,1,2,true,false,false,true,full_bar,no,classy|divey,"{""Monday"": ""11:0-23:0"", ""Thursday"": ""11:0-23:0"", ""Friday"": ""11:0-23:0"", ""Saturday"": ""11:0-23:0"", ""Sunday"": ""11:0-23:0""}"
pnrZqBbu7WngjKjfkw6cLw__desserts,pnrZqBbu7WngjKjfkw6cLw,Mac and Moon,Desserts,pnrZqBbu7WngjKjfkw6cLw,Desserts,29.9451704,-90.0696037,732.574374,-1256.910248,New Orleans,LA,4.0,94,0,2,true,true,,,,free,,"{""Monday"": ""10:0-22:0"", ""Tuesday"": ""10:0-22:0"", ""Wednesday"": ""10:0-22:0"", ""Thursday"": ""10:0-22:0"", ""Friday"": ""10:0-23:0"", ""Saturday"": ""10:0-23:0"", ""Sunday"": ""10:0-22:0""}"
DIH4OQ_Omk4-XE9wUbYmRA__art_galleries,DIH4OQ_Omk4-XE9wUbYmRA,Adorn,Art Galleries,DIH4OQ_Omk4-XE9wUbYmRA,Art Galleries,29.9573961,-90.0652119,1155.682461,102.530380,New Orleans,LA,5.0,5,1,2,,,,true,,,,
jKPqzmOcwqfYBqSk7DS3oQ__american_(traditional),jKPqzmOcwqfYBqSk7DS3oQ,Bar Frances,American (Traditional),jKPqzmOcwqfYBqSk7DS3oQ,American (Traditional),29.9351990,-90.1049482,-2672.513777,-2365.680871,New Orleans,LA,4.0,118,0,2,true,false,true,false,full_bar,free,casual|classy|romantic|trendy|upscale,"{""Monday"": ""16:0-22:0"", ""Tuesday"": ""16:0-22:0"", ""Wednesday"": ""16:0-22:0"", ""Thursday"": ""16:0-22:0"", ""Friday"": ""16:0-23:0"", ""Saturday"": ""10:0-23:0"", ""Sunday"": ""10:0-21:0""}"
kAIg-9gJJNQ4Tw6_Lfm-dA__fast_food,kAIg-9gJJNQ4Tw6_Lfm-dA,Wendy's,Fast Food,kAIg-9gJJNQ4Tw6_Lfm-dA,Fast Food,30.0212108,-90.0615168,1511.666096,7198.408131,New Orleans,LA,1.5,23,1,1,,true,,true,,,,"{""Monday"": ""10:0-2:0"", ""Tuesday"": ""10:0-2:0"", ""Wednesday"": ""10:0-2:0"", ""Thursday"": ""10:0-2:0"", ""Friday"": ""10:0-3:0"", ""Saturday"": ""10:0-3:0"", ""Sunday"": ""10:0-2:0""}"
s5I05cRXMRgeajFVKuu4oQ__fast_food,s5I05cRXMRgeajFVKuu4oQ,Subway,Fast Food,s5I05cRXMRgeajFVKuu4oQ,Fast Food,29.9549939,-90.0751027,202.800866,-164.585378,New Orleans,LA,2.0,8,0,1,true,false,false,true,none,no,,
xtPAc0VsFTKIrKCG8xBZTg__burgers,xtPAc0VsFTKIrKCG8xBZTg,The Bayou Burger & Sports Company,Burgers,xtPAc0VsFTKIrKCG8xBZTg,Burgers,29.9235093,-90.0870265,-945.937695,-3665.518001,New Orleans,LA,3.0,89,0,2,true,false,true,true,full_bar,free,casual|trendy,"{""Monday"": ""11:0-22:0"", ""Tuesday"": ""11:0-22:0"", ""Wednesday"": ""11:0-22:0"", ""Thursday"": ""11:0-22:0"", ""Friday"": ""14:0-0:0"", ""Saturday"": ""14:0-0:0"", ""Sunday"": ""12:0-23:0""}"
FzHVtXe8-3fFclRBUI9YdA__seafood,FzHVtXe8-3fFclRBUI9YdA,La Thai Uptown,Seafood,FzHVtXe8-3fFclRBUI9YdA,Seafood,29.9245140,-90.1087810,-3041.765623,-3553.800304,New Orleans,LA,3.5,228,0,2,true,false,true,true,full_bar,no,trendy,"{""Tuesday"": ""17:0-21:30"", ""Wednesday"": ""17:0-21:30"", ""Thursday"": ""17:0-21:30"", ""Friday"": ""17:0-22:0"", ""Saturday"": ""17:0-22:0"", ""Sunday"": ""17:0-21:0""}"
5PYbJ5iuFmFpnLBhD8axog__art_galleries,5PYbJ5iuFmFpnLBhD8axog,Absinthe Museum of America,Art Galleries,5PYbJ5iuFmFpnLBhD8axog,Art Galleries,29.9593279,-90.0636427,1306.856949,317.334100,New Orleans,LA,3.5,5,0,,,,,false,,,,
7pC1G5IQlcCQJddS9rN1pA__specialty_food,7pC1G5IQlcCQJddS9rN1pA,Smoothie King,Specialty Food,7pC1G5IQlcCQJddS9rN1pA,Specialty Food,29.9357830,-90.0785400,-128.348520,-2300.742944,New Orleans,LA,3.5,10,1,1,true,true,,,,no,,"{""Monday"": ""8:0-21:0"", ""Tuesday"": ""7:0-21:0"", ""Wednesday"": ""7:0-19:0"", ""Thursday"": ""7:0-19:0"", ""Friday"": ""9:0-20:0"", ""Saturday"": ""8:0-21:0"", ""Sunday"": ""11:0-18:0""}"
gPgUoNGqn3NmzyqYtYQ0ZA__cajun_creole,gPgUoNGqn3NmzyqYtYQ0ZA,Gator Me Crazy,Cajun/Creole,gPgUoNGqn3NmzyqYtYQ0ZA,Cajun/Creole,29.9580380,-90.0618940,1475.326659,173.903566,New Orleans,LA,3.5,15,0,1,true,false,false,true,none,,,
loJUJg7ahGYga3EmLabiOA__fast_food,loJUJg7ahGYga3EmLabiOA,Rally's,Fast Food,loJUJg7ahGYga3EmLabiOA,Fast Food,29.9246075,-90.0218811,5330.168337,-3543.403564,New Orleans,LA,2.0,10,1,1,true,true,true,true,none,,,"{""Monday"": ""10:0-3:0"", ""Tuesday"": ""10:0-3:0"", ""Wednesday"": ""10:0-3:0"", ""Thursday"": ""10:0-3:0"", ""Friday"": ""10:0-5:0"", ""Saturday"": ""10:0-5:0"", ""Sunday"": ""10:0-3:0""}"
LwHjjEnEI-e26sKrAw3Ixg__fitness_and_instruction,LwHjjEnEI-e26sKrAw3Ixg,Ochsner Fitness Center - Downtown,Fitness & Instruction,LwHjjEnEI-e26sKrAw3Ixg,Fitness & Instruction,29.9503038,-90.0713499,564.345515,-686.101423,New Orleans,LA,4.5,25,1,,,,,false,,,,"{""Monday"": ""0:0-0:0"", ""Tuesday"": ""5:0-21:0"", ""Wednesday"": ""5:0-21:0"", ""Thursday"": ""5:0-21:0"", ""Friday"": ""5:0-20:0"", ""Saturday"": ""8:0-14:0""}"
WI0qLdW6rJEMi4aDbuUbvw__desserts,WI0qLdW6rJEMi4aDbuUbvw,Pinkberry,Desserts,WI0qLdW6rJEMi4aDbuUbvw,Desserts,29.9771230,-90.0982100,-2023.355776,2296.061672,New Orleans,LA,3.5,32,1,2,true,,,,,free,,"{""Monday"": ""11:0-23:0"", ""Tuesday"": ""11:0-23:0"", ""Wednesday"": ""11:0-23:0"", ""Thursday"": ""11:0-23:0"", ""Friday"": ""11:0-23:0"", ""Saturday"": ""11:0-23:0"", ""Sunday"": ""11:0-23:0""}"
Xh6CqeOjcalJs81Ktkb_cQ__american_(traditional),Xh6CqeOjcalJs81Ktkb_cQ,Dino's Bar & Grill,American (Traditional),Xh6CqeOjcalJs81Ktkb_cQ,American (Traditional),29.9399200,-90.0668759,995.370551,-1840.728898,New Orleans,LA,4.0,74,0,2,true,false,true,false,full_bar,no,casual|divey,"{""Monday"": ""11:0-23:0"", ""Tuesday"": ""11:0-23:0"", ""Wednesday"": ""11:0-23:0"", ""Thursday"": ""11:0-23:0"", ""Friday"": ""11:0-1:0"", ""Saturday"": ""11:0-1:0"", ""Sunday"": ""11:0-23:0""}"
i4F5VTzDy41EKu5yRdg1rw__venues_and_event_spaces,i4F5VTzDy41EKu5yRdg1rw,Whiskey & Sticks,Venues & Event Spaces,i4F5VTzDy41EKu5yRdg1rw,Venues & Event Spaces,29.9762948,-90.0762136,95.774084,2203.974933,New Orleans,LA,5.0,19,1,,,,true,,full_bar,,,"{""Monday"": ""0:0-0:0"", ""Tuesday"": ""20:0-2:0"", ""Wednesday"": ""18:0-22:0"", ""Thursday"": ""18:0-0:0"", ""Friday"": ""18:0-0:0"", ""Saturday"": ""18:0-0:0""}"
pZXR4SH9fKTH6Pqrmtp4sQ__seafood,pZXR4SH9fKTH6Pqrmtp4sQ,Tigers Creole Cuisine,Seafood,pZXR4SH9fKTH6Pqrmtp4sQ,Seafood,29.9638767,-90.0726318,440.843845,823.140972,New Orleans,LA,4.0,31,1,1,true,true,false,true,full_bar,no,,
22RPgX2iL1bFV2p-ZN9pLg__cocktail_bars,22RPgX2iL1bFV2p-ZN9pLg,Bridge Lounge,Cocktail Bars,22RPgX2iL1bFV2p-ZN9pLg,Cocktail Bars,29.9392231,-90.0711933,579.432354,-1918.220749,New Orleans,LA,3.5,60,0,2,,,true,,full_bar,,casual,"{""Monday"": ""16:0-3:0"", ""Tuesday"": ""16:0-3:0"", ""Wednesday"": ""16:0-3:0"", ""Thursday"": ""16:0-3:0"", ""Friday"": ""15:0-3:0"", ""Saturday"": ""18:0-4:0"", ""Sunday"": ""18:0-3:0""}"
mYwkkmabduKgDnbcb2ePJA__fast_food,mYwkkmabduKgDnbcb2ePJA,Wendy's,Fast Food,mYwkkmabduKgDnbcb2ePJA,Fast Food,29.9607144,-90.1834321,-10233.650530,471.506079,New Orleans,LA,2.0,28,1,1,true,true,false,true,none,no,,"{""Monday"": ""10:30-1:0"", ""Tuesday"": ""10:30-1:0"", ""Wednesday"": ""10:30-1:0"", ""Thursday"": ""10:30-1:0"", ""Friday"": ""10:30-2:0"", ""Saturday"": ""10:30-2:0"", ""Sunday"": ""10:30-1:0""}"
FCfTUUTYXfZchPvx7tkoWA__cocktail_bars,FCfTUUTYXfZchPvx7tkoWA,Espíritu Mezcaleria,Cocktail Bars,FCfTUUTYXfZchPvx7tkoWA,Cocktail Bars,29.9471582,-90.0691582,775.493832,-1035.876668,New Orleans,LA,4.5,107,1,2,true,false,true,,full_bar,free,casual|trendy,"{""Tuesday"": ""11:30-21:0"", ""Wednesday"": ""11:30-21:0"", ""Thursday"": ""11:30-21:0"", ""Friday"": ""11:30-22:0"", ""Saturday"": ""16:0-22:0""}"
EBonJ5tjkxBEUezwosVlLg__coffee_and_tea,EBonJ5tjkxBEUezwosVlLg,Mojo Coffee House,Coffee & Tea,EBonJ5tjkxBEUezwosVlLg,Coffee & Tea,29.9342359,-90.0723043,472.398645,-2472.772853,New Orleans,LA,4.0,335,1,2,true,,true,true,none,free,,"{""Monday"": ""6:0-19:0"", ""Tuesday"": ""6:0-19:0"", ""Wednesday"": ""6:0-19:0"", ""Thursday"": ""6:0-19:0"", ""Friday"": ""6:0-19:0"", ""Saturday"": ""6:0-19:0"", ""Sunday"": ""6:0-19:0""}"
xWxGMJJk9WYAQy4Wtf8d7A__fitness_and_instruction,xWxGMJJk9WYAQy4Wtf8d7A,Barretiste,Fitness & Instruction,xWxGMJJk9WYAQy4Wtf8d7A,Fitness & Instruction,29.9440912,-90.0657284,1105.920669,-1376.911979,New Orleans,LA,5.0,13,0,,,,,true,,,,"{""Monday"": ""7:0-20:0"", ""Tuesday"": ""12:0-20:0"", ""Wednesday"": ""6:0-20:0"", ""Thursday"": ""12:0-20:0"", ""Friday"": ""7:0-18:0"", ""Saturday"": ""8:0-14:0""}"
gPJINUjnBmnn8veAYMo8Zw__sandwiches,gPJINUjnBmnn8veAYMo8Zw,Adams Street Grocery & Deli,Sandwiches,gPJINUjnBmnn8veAYMo8Zw,Sandwiches,29.9455586,-90.1253741,-4640.342597,-1213.744318,New Orleans,LA,4.5,94,1,1,true,false,false,true,full_bar,no,divey,"{""Monday"": ""9:30-17:30"", ""Tuesday"": ""9:30-17:30"", ""Wednesday"": ""9:30-17:30"", ""Thursday"": ""9:30-17:30"", ""Friday"": ""9:30-17:30"", ""Saturday"": ""10:0-16:0"", ""Sunday"": ""10:0-15:0""}"
6Z2ymUlANwtvn7dWLGUE2w__cafes,6Z2ymUlANwtvn7dWLGUE2w,Counter Market & Deli,Cafes,6Z2ymUlANwtvn7dWLGUE2w,Cafes,29.9550280,-90.0662679,1053.945254,-160.793625,New Orleans,LA,3.5,6,0,2,true,true,false,true,full_bar,,,"{""Monday"": ""17:0-22:0"", ""Tuesday"": ""17:0-22:0"", ""Wednesday"": ""17:0-22:0"", ""Thursday"": ""17:0-22:0"", ""Friday"": ""17:0-23:0"", ""Saturday"": ""17:0-23:0"", ""Sunday"": ""17:0-22:0""}"
ZFhNIqxf4CEImg_EvF2anA__coffee_and_tea,ZFhNIqxf4CEImg_EvF2anA,Congo Square Coffee House,Coffee & Tea,ZFhNIqxf4CEImg_EvF2anA,Coffee & Tea,29.9614568,-90.0673229,952.306583,554.057306,New Orleans,LA,3.0,5,0,,true,false,,,,free,,"{""Monday"": ""0:0-0:0"", ""Wednesday"": ""9:0-14:45"", ""Thursday"": ""9:0-14:45"", ""Friday"": ""9:0-14:45"", ""Saturday"": ""9:0-14:45"", ""Sunday"": ""9:0-14:45""}"
b2NYyx-BqwNHgOC5RnXzmw__burgers,b2NYyx-BqwNHgOC5RnXzmw,Original Thought,Burgers,b2NYyx-BqwNHgOC5RnXzmw,Burgers,29.9875553,-90.0661460,1065.689096,3456.082108,New Orleans,LA,5.0,23,1,,true,true,true,,none,free,,"{""Monday"": ""0:0-0:0"", ""Tuesday"": ""10:0-19:0"", ""Wednesday"": ""10:0-19:0"", ""Thursday"": ""10:0-19:0"", ""Friday"": ""10:0-19:0""}"
TlnR6TGaq1xyPd20egluUA__art_galleries,TlnR6TGaq1xyPd20egluUA,Greg's Antiques,Art Galleries,TlnR6TGaq1xyPd20egluUA,Art Galleries,29.9610044,-90.0592837,1726.802888,503.752652,New Orleans,LA,4.0,38,0,2,,,,false,,,,"{""Monday"": ""8:0-20:0"", ""Tuesday"": ""8:0-20:0"", ""Wednesday"": ""8:0-20:0"", ""Thursday"": ""8:0-20:0"", ""Friday"": ""8:0-22:0"", ""Saturday"": ""8:0-22:0"", ""Sunday"": ""8:0-20:0""}"
IKbtDT2u2Ta-_hfwJ_sURQ__art_galleries,IKbtDT2u2Ta-_hfwJ_sURQ,Kako Gallery,Art Galleries,IKbtDT2u2Ta-_hfwJ_sURQ,Art Galleries,29.9570279,-90.0654628,1131.510830,61.586894,New Orleans,LA,5.0,21,1,3,,,,false,,,,"{""Monday"": ""9:0-22:0"", ""Tuesday"": ""9:0-22:0"", ""Wednesday"": ""9:0-22:0"", ""Thursday"": ""9:0-22:0"", ""Friday"": ""9:0-23:0"", ""Saturday"": ""9:0-23:0"", ""Sunday"": ""9:0-22:0""}"
fKAxmycMFwO9qWVUAOQzOw__beer,fKAxmycMFwO9qWVUAOQzOw,G's Pizza,Beer,fKAxmycMFwO9qWVUAOQzOw,Beer,29.9814510,-90.1072400,-2893.305726,2777.313980,New Orleans,LA,4.0,292,1,2,true,true,true,true,full_bar,free,casual|trendy,"{""Monday"": ""11:0-22:0"", ""Tuesday"": ""11:0-22:0"", ""Wednesday"": ""11:0-22:0"", ""Thursday"": ""11:0-22:0"", ""Friday"": ""11:0-22:0"", ""Saturday"": ""11:0-22:0"", ""Sunday"": ""11:0-22:0""}"
x4K6aMaOYvGhC5jhFJP2Ag__breakfast_and_brunch,x4K6aMaOYvGhC5jhFJP2Ag,Pho Tau Bay Restaurant,Breakfast & Brunch,x4K6aMaOYvGhC5jhFJP2Ag,Breakfast & Brunch,29.9562765,-90.0789572,-168.542655,-21.969537,New Orleans,LA,4.0,348,1,1,true,,false,true,none,no,casual,"{""Monday"": ""10:0-19:0"", ""Tuesday"": ""10:0-19:0"", ""Wednesday"": ""10:0-19:0"", ""Thursday"": ""10:0-19:0"", ""Friday"": ""10:0-19:0""}"
B5KJdGJjsKVxaqm7vjja4g__burgers,B5KJdGJjsKVxaqm7vjja4g,Ms Jean's Famous Blues Burgers and Beginets,Burgers,B5KJdGJjsKVxaqm7vjja4g,Burgers,29.9619583,-90.0574714,1901.399820,609.821639,New Orleans,LA,1.5,10,0,2,true,false,true,false,full_bar,no,,
WVoRXLOJDoz7uZ-10lgbgA__fitness_and_instruction,WVoRXLOJDoz7uZ-10lgbgA,Ladner's Pools,Fitness & Instruction,WVoRXLOJDoz7uZ-10lgbgA,Fitness & Instruction,29.9612023,-90.2034206,-12159.342067,525.758159,New Orleans,LA,3.0,8,1,,,,,,,,,"{""Monday"": ""9:0-17:30"", ""Tuesday"": ""9:0-17:30"", ""Wednesday"": ""9:0-17:30"", ""Thursday"": ""9:0-17:30"", ""Friday"": ""9:0-17:30"", ""Saturday"": ""9:0-17:30"", ""Sunday"": ""12:0-16:0""}"
VVH6k9-ycttH3TV_lk5WfQ__southern,VVH6k9-ycttH3TV_lk5WfQ,Willie Mae's Scotch House,Southern,VVH6k9-ycttH3TV_lk5WfQ,Southern,29.9691953,-90.0789638,-169.177401,1414.540435,New Orleans,LA,4.5,3582,1,2,,,false,true,none,no,casual|classy,"{""Monday"": ""11:0-15:0"", ""Tuesday"": ""11:0-15:0"", ""Wednesday"": ""11:0-15:0"", ""Thursday"": ""11:0-15:0"", ""Friday"": ""11:0-15:0"", ""Saturday"": ""11:0-15:0""}"
yL9j5ASNic_DaDKf9lwMhw__sandwiches,yL9j5ASNic_DaDKf9lwMhw,Stein's Market and Deli,Sandwiches,yL9j5ASNic_DaDKf9lwMhw,Sandwiches,29.9296472,-90.0772134,-0.543913,-2983.013718,New Orleans,LA,4.5,603,1,2,true,,,true,beer_and_wine,free,casual,"{""Tuesday"": ""9:0-17:0"", ""Wednesday"": ""9:0-17:0"", ""Thursday"": ""9:0-17:0"", ""Friday"": ""9:0-17:0"", ""Saturday"": ""9:0-17:0"", ""Sunday"": ""9:0-17:0""}"
hRskO0RDRW3Cq3k7_Kggcg__venues_and_event_spaces,hRskO0RDRW3Cq3k7_Kggcg,Le Pavillon Hotel,Venues & Event Spaces,hRskO0RDRW3Cq3k7_Kggcg,Venues & Event Spaces,29.9505235,-90.0727981,424.827980,-661.667483,New Orleans,LA,3.5,571,1,3,false,false,false,true,full_bar,free,classy|romantic,"{""Monday"": ""0:0-23:59"", ""Tuesday"": ""0:0-23:59"", ""Wednesday"": ""0:0-23:59"", ""Thursday"": ""0:0-23:59"", ""Friday"": ""0:0-23:59"", ""Saturday"": ""0:0-23:59"", ""Sunday"": ""0:0-23:59""}"
Hff3OTS8g2nwX7RqCgI6vA__specialty_food,Hff3OTS8g2nwX7RqCgI6vA,Heavenly Sweets Bakery,Specialty Food,Hff3OTS8g2nwX7RqCgI6vA,Specialty Food,30.0122409,-90.0606487,1595.298826,6200.999381,New Orleans,LA,4.5,19,1,,true,true,,,,,,"{""Monday"": ""0:0-0:0"", ""Tuesday"": ""7:0-14:0"", ""Wednesday"": ""8:0-16:0"", ""Thursday"": ""8:0-16:0"", ""Friday"": ""8:0-16:0"", ""Saturday"": ""9:0-15:0""}"
XAcFTbLrHJRjMATd5JxjZA__fitness_and_instruction,XAcFTbLrHJRjMATd5JxjZA,Planet Beach Spray And Spa,Fitness & Instruction,XAcFTbLrHJRjMATd5JxjZA,Fitness & Instruction,29.9569155,-90.0702606,669.288646,49.087089,New Orleans,LA,3.0,25,1,2,,,,,,,,"{""Monday"": ""11:0-19:0"", ""Tuesday"": ""11:0-19:0"", ""Wednesday"": ""11:0-19:0"", ""Thursday"": ""11:0-19:0"", ""Friday"": ""11:0-17:0"", ""Saturday"": ""11:0-16:0""}"
riDBd3fB1ZB9Nm5ybaxswA__burgers,riDBd3fB1ZB9Nm5ybaxswA,Belle's Diner Nola,Burgers,riDBd3fB1ZB9Nm5ybaxswA,Burgers,29.9601958,-90.0593685,1718.633259,413.840310,New Orleans,LA,4.0,253,0,2,true,true,true,true,full_bar,no,casual,"{""Monday"": ""7:0-16:0"", ""Tuesday"": ""7:0-16:0"", ""Wednesday"": ""7:0-16:0"", ""Thursday"": ""7:0-16:0"", ""Friday"": ""7:0-17:0"", ""Saturday"": ""7:0-17:0"", ""Sunday"": ""7:0-16:0""}"
E6_of3lUqHc3NikfywHkEA__specialty_food,E6_of3lUqHc3NikfywHkEA,Milkfish,Specialty Food,E6_of3lUqHc3NikfywHkEA,Specialty Food,29.9668887,-90.0540942,2226.759416,1158.053459,New Orleans,LA,4.5,27,0,2,true,true,true,true,full_bar,free,casual,"{""Monday"": ""15:0-22:0"", ""Wednesday"": ""15:0-22:0"", ""Thursday"": ""15:0-22:0"", ""Friday"": ""15:0-22:0"", ""Saturday"": ""15:0-22:0"", ""Sunday"": ""15:0-22:0""}"
23nqw3NV4TZLA6wVCZlU5g__american_(traditional),23nqw3NV4TZLA6wVCZlU5g,Canal Street Grill,American (Traditional),23nqw3NV4TZLA6wVCZlU5g,American (Traditional),29.9525749,-90.0684186,846.746875,-433.566277,New Orleans,LA,2.5,13,1,3,true,false,false,false,full_bar,,,
iwmW2mgcn2YdirXUHCsgXQ__seafood,iwmW2mgcn2YdirXUHCsgXQ,Bourbon House,Seafood,iwmW2mgcn2YdirXUHCsgXQ,Seafood,29.9546180,-90.0691800,773.393620,-206.383608,New Orleans,LA,3.5,2026,1,2,false,true,true,false,full_bar,free,classy,"{""Monday"": ""11:0-21:0"", ""Tuesday"": ""11:0-21:0"", ""Wednesday"": ""11:0-21:0"", ""Thursday"": ""11:0-21:0"", ""Friday"": ""11:0-22:0"", ""Saturday"": ""11:0-22:0"", ""Sunday"": ""11:0-21:0""}"
M8ONtZM80_LYC2Q3iqU5SA__southern,M8ONtZM80_LYC2Q3iqU5SA,Mila,Southern,M8ONtZM80_LYC2Q3iqU5SA,Southern,29.9533203,-90.0718053,520.472291,-350.681464,New Orleans,LA,4.0,148,0,3,false,false,false,false,full_bar,no,classy,"{""Monday"": ""6:30-11:0"", ""Tuesday"": ""17:30-22:0"", ""Wednesday"": ""17:30-22:0"", ""Thursday"": ""17:30-22:0"", ""Friday"": ""17:30-22:0"", ""Saturday"": ""6:30-11:0"", ""Sunday"": ""6:30-11:0""}"
gAxVNmRBG5DZsp8DtZnpRQ__cajun_creole,gAxVNmRBG5DZsp8DtZnpRQ,The Creole Skillet,Cajun/Creole,gAxVNmRBG5DZsp8DtZnpRQ,Cajun/Creole,29.9444012,-90.0653718,1140.275503,-1342.441504,New Orleans,LA,2.5,9,0,2,,,,true,full_bar,,,"{""Tuesday"": ""11:0-21:0"", ""Wednesday"": ""11:0-21:0"", ""Thursday"": ""11:0-21:0"", ""Friday"": ""11:0-22:0"", ""Saturday"": ""17:0-22:0"", ""Sunday"": ""10:0-15:0""}"
Nq_suBLLeDKjND6efdNINg__coffee_and_tea,Nq_suBLLeDKjND6efdNINg,CC's Coffee House,Coffee & Tea,Nq_suBLLeDKjND6efdNINg,Coffee & Tea,29.9254890,-90.0843320,-686.349640,-3445.385100,New Orleans,LA,4.0,67,0,1,true,false,true,,none,free,,"{""Monday"": ""6:0-21:30"", ""Tuesday"": ""6:0-21:30"", ""Wednesday"": ""6:0-21:30"", ""Thursday"": ""6:0-21:30"", ""Friday"": ""6:0-21:30"", ""Saturday"": ""6:0-21:30"", ""Sunday"": ""6:0-21:30""}"
aocFstb9HenLJJ8PKeMrrg__sandwiches,aocFstb9HenLJJ8PKeMrrg,Between the Bread,Sandwiches,aocFstb9HenLJJ8PKeMrrg,Sandwiches,29.9479888,-90.0711726,581.429761,-943.517945,New Orleans,LA,4.0,101,0,2,true,true,true,true,none,no,casual,"{""Monday"": ""7:0-15:0"", ""Tuesday"": ""7:0-15:0"", ""Wednesday"": ""7:0-15:0"", ""Thursday"": ""7:0-15:0"", ""Friday"": ""7:0-15:0""}"
P3Oy6-nfqP46PmHJXNPLYA__coffee_and_tea,P3Oy6-nfqP46PmHJXNPLYA,Starbucks,Coffee & Tea,P3Oy6-nfqP46PmHJXNPLYA,Coffee & Tea,29.9352762,-90.1109108,-3246.951460,-2357.092130,New Orleans,LA,4.0,19,1,2,false,false,true,true,,free,,"{""Monday"": ""5:0-21:0"", ""Tuesday"": ""5:0-21:0"", ""Wednesday"": ""5:0-21:0"", ""Thursday"": ""5:0-21:0"", ""Friday"": ""5:0-21:0"", ""Saturday"": ""6:0-21:0"", ""Sunday"": ""6:0-21:0""}"
_iDDqhphfpvrDxKjFa9Ofw__sandwiches,_iDDqhphfpvrDxKjFa9Ofw,La Boulangerie,Sandwiches,_iDDqhphfpvrDxKjFa9Ofw,Sandwiches,29.9205249,-90.1039658,-2577.869388,-3997.368598,New Orleans,LA,3.5,386,1,2,true,true,true,true,none,free,casual|classy,"{""Monday"": ""7:0-16:0"", ""Tuesday"": ""7:0-16:0"", ""Wednesday"": ""7:0-16:0"", ""Thursday"": ""7:0-16:0"", ""Friday"": ""7:0-16:0"", ""Saturday"": ""7:0-16:0"", ""Sunday"": ""7:0-16:0""}"
8jXmNMrGJ2acUG1R-D5e6w__american_(traditional),8jXmNMrGJ2acUG1R-D5e6w,Dat Dog,American (Traditional),8jXmNMrGJ2acUG1R-D5e6w,American (Traditional),29.9229387,-90.0884851,-1086.460075,-3728.961110,New Orleans,LA,4.0,543,1,1,true,true,true,true,full_bar,free,casual,"{""Monday"": ""11:0-21:0"", ""Tuesday"": ""11:0-21:0"", ""Wednesday"": ""11:0-21:0"", ""Thursday"": ""11:0-21:0"", ""Friday"": ""11:0-22:0"", ""Saturday"": ""11:0-22:0"", ""Sunday"": ""11:0-21:0""}"
wqGkMLZVXc0pYVjr3zDrpA__southern,wqGkMLZVXc0pYVjr3zDrpA,Vacherie,Southern,wqGkMLZVXc0pYVjr3zDrpA,Southern,29.9583401,-90.0669215,990.977448,207.495600,New Orleans,LA,4.0,345,1,2,true,false,true,false,full_bar,free,classy,"{""Monday"": ""7:0-22:0"", ""Tuesday"": ""7:0-22:0"", ""Wednesday"": ""7:0-22:0"", ""Thursday"": ""7:0-22:0"", ""Friday"": ""7:0-22:0"", ""Saturday"": ""7:0-22:0"", ""Sunday"": ""7:0-22:0""}"
RQpOPNHJReRnrsCD-2qEoA__pizza,RQpOPNHJReRnrsCD-2qEoA,Mid City Pizza,Pizza,RQpOPNHJReRnrsCD-2qEoA,Pizza,29.9742370,-90.1067160,-2842.823580,1975.152671,New Orleans,LA,4.0,209,1,2,true,true,true,true,beer_and_wine,free,casual|hipster,"{""Monday"": ""11:0-0:0"", ""Tuesday"": ""11:0-0:0"", ""Wednesday"": ""11:0-0:0"", ""Thursday"": ""11:0-0:0"", ""Friday"": ""11:0-0:0"", ""Saturday"": ""11:0-0:0"", ""Sunday"": ""11:0-0:0""}"
bLRniXOqbySqRKnR_2meJg__fast_food,bLRniXOqbySqRKnR_2meJg,Subway,Fast Food,bLRniXOqbySqRKnR_2meJg,Fast Food,29.9486977,-90.1286462,-4955.574193,-864.689963,New Orleans,LA,3.5,11,1,1,true,true,true,true,none,,,"{""Monday"": ""9:0-20:0"", ""Tuesday"": ""9:0-20:0"", ""Wednesday"": ""9:0-20:0"", ""Thursday"": ""9:0-20:0"", ""Friday"": ""9:0-20:0"", ""Saturday"": ""9:0-20:0"", ""Sunday"": ""10:0-18:0""}"
mq8iNBD77TP6eWfFIQO5rQ__beer,mq8iNBD77TP6eWfFIQO5rQ,Martin Wine Cellar,Beer,mq8iNBD77TP6eWfFIQO5rQ,Beer,29.9290838,-90.0966536,-1873.412243,-3045.661026,New Orleans,LA,4.0,102,1,2,true,true,true,false,beer_and_wine,free,casual,"{""Monday"": ""10:0-19:0"", ""Tuesday"": ""10:0-19:0"", ""Wednesday"": ""10:0-19:0"", ""Thursday"": ""10:0-19:0"", ""Friday"": ""10:0-19:0"", ""Saturday"": ""9:0-19:0"", ""Sunday"": ""10:0-15:0""}"
4jXbSgD8i8Iyeey35Dt2KQ__art_galleries,4jXbSgD8i8Iyeey35Dt2KQ,Dashka Roth Contemporary Jewelry,Art Galleries,4jXbSgD8i8Iyeey35Dt2KQ,Art Galleries,29.9484692,-90.0678885,897.816695,-890.099918,New Orleans,LA,5.0,5,1,3,,,,,,,,"{""Monday"": ""10:0-18:0"", ""Tuesday"": ""10:0-18:0"", ""Wednesday"": ""10:0-18:0"", ""Thursday"": ""10:0-18:0"", ""Friday"": ""10:0-18:0"", ""Saturday"": ""10:0-18:0"", ""Sunday"": ""10:0-18:0""}"
VbguEt03EpoXpniCi6IYYg__art_galleries,VbguEt03EpoXpniCi6IYYg,Caliche & Pao Gallery,Art Galleries,VbguEt03EpoXpniCi6IYYg,Art Galleries,29.9550424,-90.0672134,962.855810,-159.192416,New Orleans,LA,4.5,6,1,4,,,,false,,,,"{""Monday"": ""10:0-18:0"", ""Tuesday"": ""10:0-18:0"", ""Wednesday"": ""10:0-18:0"", ""Thursday"": ""10:0-18:0"", ""Friday"": ""10:0-18:0"", ""Saturday"": ""10:0-18:0"", ""Sunday"": ""10:0-18:0""}"
r2IuwdvmEZycvudboTNg7A__beer,r2IuwdvmEZycvudboTNg7A,Hookah House Cafe,Beer,r2IuwdvmEZycvudboTNg7A,Beer,29.9312630,-90.0739399,314.824986,-2803.344707,New Orleans,LA,2.5,56,0,2,true,,true,,full_bar,free,,"{""Monday"": ""11:0-2:0"", ""Tuesday"": ""11:0-2:0"", ""Wednesday"": ""11:0-2:0"", ""Thursday"": ""11:0-3:0"", ""Friday"": ""11:0-3:0"", ""Saturday"": ""11:0-3:0"", ""Sunday"": ""11:0-2:0""}"
w2U90NcMeMD95Wp8BQK7ZA__art_galleries,w2U90NcMeMD95Wp8BQK7ZA,Home Malone,Art Galleries,w2U90NcMeMD95Wp8BQK7ZA,Art Galleries,29.9788659,-90.0964840,-1857.072984,2489.863578,New Orleans,LA,5.0,16,1,2,,,,true,,free,,"{""Monday"": ""0:0-0:0"", ""Tuesday"": ""10:0-18:0"", ""Wednesday"": ""10:0-18:0"", ""Thursday"": ""10:0-16:0"", ""Friday"": ""10:0-15:0"", ""Saturday"": ""10:0-18:0"", ""Sunday"": ""10:0-16:0""}"
dmylotBWcIExhwyyft5bIw__pizza,dmylotBWcIExhwyyft5bIw,Mayhew Bakery,Pizza,dmylotBWcIExhwyyft5bIw,Pizza,29.9749084,-90.0883533,-1073.765126,2049.813429,New Orleans,LA,4.5,31,1,1,true,true,,,,free,,"{""Monday"": ""0:0-0:0"", ""Wednesday"": ""8:0-14:0"", ""Thursday"": ""8:0-14:0"", ""Friday"": ""8:0-14:0"", ""Saturday"": ""8:0-14:0"", ""Sunday"": ""8:0-12:0""}"
ydmJoaK1PMlwLvMnbFXf1w__breakfast_and_brunch,ydmJoaK1PMlwLvMnbFXf1w,Amici,Breakfast & Brunch,ydmJoaK1PMlwLvMnbFXf1w,Breakfast & Brunch,29.9236820,-90.0868363,-927.618062,-3646.316412,New Orleans,LA,3.5,254,0,2,true,false,true,true,full_bar,free,casual,"{""Monday"": ""0:0-0:0"", ""Tuesday"": ""17:0-21:0"", ""Wednesday"": ""17:0-21:0"", ""Thursday"": ""17:0-21:0"", ""Friday"": ""17:0-22:0"", ""Saturday"": ""11:0-22:0"", ""Sunday"": ""11:0-21:0""}"
ZYE5NS_9eK0dy-OM35693A__american_(new),ZYE5NS_9eK0dy-OM35693A,Restaurant Cuvée,American (New),ZYE5NS_9eK0dy-OM35693A,American (New),29.9498928,-90.0676810,917.807239,-731.802601,New Orleans,LA,3.5,28,0,4,false,false,false,false,full_bar,,,"{""Monday"": ""18:0-21:30"", ""Tuesday"": ""18:0-21:30"", ""Wednesday"": ""18:0-21:30"", ""Thursday"": ""18:0-21:30"", ""Friday"": ""18:0-23:0""}"
my4_3ZfFIMp3rOk9fI6BOQ__fast_food,my4_3ZfFIMp3rOk9fI6BOQ,Burger King,Fast Food,my4_3ZfFIMp3rOk9fI6BOQ,Fast Food,30.0044507,-90.0376280,3813.108602,5334.762196,New Orleans,LA,1.5,14,1,1,false,true,,false,,no,,"{""Monday"": ""5:30-2:0"", ""Tuesday"": ""5:30-2:0"", ""Wednesday"": ""5:30-2:0"", ""Thursday"": ""5:30-2:0"", ""Friday"": ""5:30-22:0"", ""Saturday"": ""11:0-2:0"", ""Sunday"": ""6:0-1:0""}"
gVGOy2ACwZMMKyMZFxVAPQ__fast_food,gVGOy2ACwZMMKyMZFxVAPQ,Pita Pit,Fast Food,gVGOy2ACwZMMKyMZFxVAPQ,Fast Food,29.9214534,-90.1191909,-4044.655101,-3894.123966,New Orleans,LA,3.5,88,0,1,true,true,true,true,none,no,casual,"{""Monday"": ""10:0-1:0"", ""Tuesday"": ""10:0-1:0"", ""Wednesday"": ""10:0-1:0"", ""Thursday"": ""10:0-1:0"", ""Friday"": ""10:0-3:0"", ""Saturday"": ""10:0-3:0"", ""Sunday"": ""10:0-1:0""}"
dY4Y94BDwfIVyO_kaTFeSg__coffee_and_tea,dY4Y94BDwfIVyO_kaTFeSg,Pond Coffee,Coffee & Tea,dY4Y94BDwfIVyO_kaTFeSg,Coffee & Tea,29.9635250,-90.0506540,2558.187948,784.030971,New Orleans,LA,4.5,7,1,,,,,,,,,"{""Monday"": ""8:0-14:0"", ""Tuesday"": ""8:0-14:0"", ""Wednesday"": ""8:0-14:0"", ""Thursday"": ""8:0-14:0"", ""Friday"": ""8:0-14:0"", ""Saturday"": ""8:0-14:0"", ""Sunday"": ""8:0-14:0""}"
136sAyExGKfFc5T0JqO7Dw__beer,136sAyExGKfFc5T0JqO7Dw,Olive Branch Cafe,Beer,136sAyExGKfFc5T0JqO7Dw,Beer,29.9772733,-90.0926882,-1491.385717,2312.774293,New Orleans,LA,3.5,6,0,2,true,true,true,true,full_bar,no,,"{""Monday"": ""11:0-21:0"", ""Tuesday"": ""11:0-21:0"", ""Wednesday"": ""11:0-21:0"", ""Thursday"": ""11:0-21:0"", ""Friday"": ""11:0-22:0"", ""Saturday"": ""11:0-22:0""}"
Ps_r9DfnQCTs8no9_T2f0Q__fitness_and_instruction,Ps_r9DfnQCTs8no9_T2f0Q,Yoga 108,Fitness & Instruction,Ps_r9DfnQCTs8no9_T2f0Q,Fitness & Instruction,29.9486154,-90.1312328,-5204.771414,-873.843197,New Orleans,LA,3.5,9,0,,,,,false,,,,
SxUvdfeXpoPbJ9mjpU1cag__southern,SxUvdfeXpoPbJ9mjpU1cag,Tommy G's Pizzeria & Bar,Southern,SxUvdfeXpoPbJ9mjpU1cag,Southern,29.9419308,-90.0652012,1156.711102,-1617.137830,New Orleans,LA,3.5,22,0,1,true,true,false,true,full_bar,free,,"{""Tuesday"": ""11:0-22:0"", ""Wednesday"": ""11:0-22:0"", ""Thursday"": ""11:0-4:0"", ""Friday"": ""11:0-4:0"", ""Saturday"": ""11:0-4:0"", ""Sunday"": ""11:0-4:0""}"
7TVAdqazTaKX3zHHm3jctg__cajun_creole,7TVAdqazTaKX3zHHm3jctg,Tony's Super Cajun Seafood,Cajun/Creole,7TVAdqazTaKX3zHHm3jctg,Cajun/Creole,30.0417346,-89.9567359,11606.255101,9480.553718,New Orleans,LA,3.0,21,1,1,true,true,false,true,beer_and_wine,,casual,"{""Monday"": ""10:30-21:30"", ""Tuesday"": ""10:30-21:30"", ""Wednesday"": ""10:30-21:30"", ""Thursday"": ""10:30-21:30"", ""Friday"": ""10:30-22:30"", ""Saturday"": ""10:30-22:30"", ""Sunday"": ""11:0-20:0""}"
dIQGbalj-3I8vixZ4M149g__pizza,dIQGbalj-3I8vixZ4M149g,Molly's Rise and Shine,Pizza,dIQGbalj-3I8vixZ4M149g,Pizza,29.9279293,-90.0789655,-169.341179,-3174.035746,New Orleans,LA,4.5,153,1,2,true,,true,true,none,,classy,"{""Monday"": ""8:0-14:0"", ""Thursday"": ""8:0-14:0"", ""Friday"": ""8:0-14:0"", ""Saturday"": ""8:0-14:0"", ""Sunday"": ""8:0-14:0""}"
-FQ9DUznwvhX7xH5aERbqw__fitness_and_instruction,-FQ9DUznwvhX7xH5aERbqw,barre3 New Orleans - Downtown,Fitness & Instruction,-FQ9DUznwvhX7xH5aERbqw,Fitness & Instruction,29.9488376,-90.0748946,222.848521,-849.132492,New Orleans,LA,5.0,19,1,,,,,false,,,,"{""Monday"": ""17:0-18:30"", ""Tuesday"": ""17:0-19:0"", ""Wednesday"": ""17:0-18:30"", ""Thursday"": ""17:0-19:0"", ""Friday"": ""16:0-18:30"", ""Saturday"": ""8:0-11:0"", ""Sunday"": ""9:30-16:30""}"
DU1jjGQK6VH6uJjHeypFxQ__art_galleries,DU1jjGQK6VH6uJjHeypFxQ,Heirloom Furnishings,Art Galleries,DU1jjGQK6VH6uJjHeypFxQ,Art Galleries,29.9395656,-90.0747862,233.292468,-1880.136434,New Orleans,LA,3.5,10,1,3,,,,,,,,"{""Monday"": ""10:0-17:0"", ""Tuesday"": ""10:0-17:0"", ""Wednesday"": ""10:0-17:0"", ""Thursday"": ""10:0-17:0"", ""Friday"": ""10:0-17:0"", ""Saturday"": ""10:0-17:0"", ""Sunday"": ""0:30-16:0""}"
8cAukVubDMi10NTrkXMGKg__pizza,8cAukVubDMi10NTrkXMGKg,Dough to Dough,Pizza,8cAukVubDMi10NTrkXMGKg,Pizza,29.9719595,-90.0655531,1122.809066,1721.905876,New Orleans,LA,4.0,9,0,,true,true,false,,,free,,"{""Tuesday"": ""8:0-19:0"", ""Wednesday"": ""8:0-19:0"", ""Thursday"": ""8:0-19:0"", ""Friday"": ""8:0-19:0"", ""Saturday"": ""8:0-19:0"", ""Sunday"": ""8:0-13:0""}"
ex9WgKT2ET63hgVwkqGQWw__seafood,ex9WgKT2ET63hgVwkqGQWw,C & A Seafood,Seafood,ex9WgKT2ET63hgVwkqGQWw,Seafood,29.9564930,-90.1059199,-2766.129217,2.106044,New Orleans,LA,3.5,65,1,1,true,false,true,true,none,no,casual,"{""Monday"": ""10:0-20:30"", ""Tuesday"": ""10:0-20:30"", ""Wednesday"": ""10:0-20:30"", ""Thursday"": ""10:0-20:30"", ""Friday"": ""10:0-21:0"", ""Saturday"": ""10:0-21:0"", ""Sunday"": ""10:0-20:0""}"
qdwkoJ4AEnpo0L7Zwxx11g__desserts,qdwkoJ4AEnpo0L7Zwxx11g,Sweet NOLA Cupcakes,Desserts,qdwkoJ4AEnpo0L7Zwxx11g,Desserts,29.9603938,-90.1131842,-3465.969789,435.856936,New Orleans,LA,4.5,11,0,1,true,false,,,,,,"{""Monday"": ""7:0-17:0"", ""Tuesday"": ""7:0-17:0"", ""Wednesday"": ""7:0-17:0"", ""Thursday"": ""7:0-17:0"", ""Friday"": ""7:0-17:0"", ""Saturday"": ""7:0-17:0""}"
V1O9hOEVfgzbN4-XNeUNQA__fast_food,V1O9hOEVfgzbN4-XNeUNQA,Pizza Hut,Fast Food,V1O9hOEVfgzbN4-XNeUNQA,Fast Food,30.0204102,-90.1146970,-3611.712899,7109.384593,New Orleans,LA,1.5,12,1,1,true,true,false,true,none,no,,"{""Tuesday"": ""11:0-21:0"", ""Wednesday"": ""11:0-21:0"", ""Thursday"": ""11:0-21:0"", ""Friday"": ""11:0-21:0"", ""Saturday"": ""11:0-21:0"", ""Sunday"": ""11:0-21:0""}"
__UJ0y9HkJ8KTswmMZJRlA__burgers,__UJ0y9HkJ8KTswmMZJRlA,Istanbul Cafe,Burgers,__UJ0y9HkJ8KTswmMZJRlA,Burgers,29.9535562,-90.0688442,805.744583,-324.450544,New Orleans,LA,4.5,91,1,,true,true,,,none,free,,"{""Monday"": ""10:30-3:0"", ""Tuesday"": ""10:30-3:0"", ""Wednesday"": ""10:30-3:0"", ""Thursday"": ""10:30-3:0"", ""Friday"": ""10:30-4:0"", ""Saturday"": ""10:30-4:0"", ""Sunday"": ""10:30-3:0""}"
bsOfVBg6tHKMddF0eJNRSQ__american_(new),bsOfVBg6tHKMddF0eJNRSQ,Grille By The Hill,American (New),bsOfVBg6tHKMddF0eJNRSQ,American (New),29.9227414,-90.1236492,-4474.167600,-3750.904703,New Orleans,LA,3.5,16,0,3,true,false,false,false,full_bar,no,,"{""Friday"": ""18:0-22:30"", ""Saturday"": ""18:0-22:30"", ""Sunday"": ""11:0-14:0""}"
ewUSU4zZDUYaavehQFeZVw__pizza,ewUSU4zZDUYaavehQFeZVw,Daquiri's Delight,Pizza,ewUSU4zZDUYaavehQFeZVw,Pizza,29.9559126,-90.0679229,894.500673,-62.427933,New Orleans,LA,3.5,40,1,1,true,false,false,false,full_bar,no,touristy,
IID0X17yUqlvadbAsnPaPA__fitness_and_instruction,IID0X17yUqlvadbAsnPaPA,Body B Fit,Fitness & Instruction,IID0X17yUqlvadbAsnPaPA,Fitness & Instruction,29.9479052,-90.0757629,139.194538,-952.811741,New Orleans,LA,4.0,16,1,,,,,false,,,,"{""Monday"": ""5:30-20:0"", ""Tuesday"": ""5:30-20:0"", ""Wednesday"": ""5:30-20:0"", ""Thursday"": ""5:30-20:0"", ""Friday"": ""5:30-20:0"", ""Saturday"": ""8:0-12:0"", ""Sunday"": ""8:0-12:0""}"
HeIuCW7loBXVyBQlN4pQAQ__breakfast_and_brunch,HeIuCW7loBXVyBQlN4pQAQ,NOSH,Breakfast & Brunch,HeIuCW7loBXVyBQlN4pQAQ,Breakfast & Brunch,29.9557105,-90.0698273,711.032756,-84.902983,New Orleans,LA,3.0,89,0,1,true,false,false,true,none,no,casual,"{""Monday"": ""7:0-17:0"", ""Tuesday"": ""7:0-17:0"", ""Wednesday"": ""7:0-17:0"", ""Thursday"": ""7:0-17:0"", ""Friday"": ""7:0-17:0"", ""Saturday"": ""7:0-17:0"", ""Sunday"": ""7:0-17:0""}"
R46XVcmUzy8qeerHyZQtEg__burgers,R46XVcmUzy8qeerHyZQtEg,The Big Cheezy,Burgers,R46XVcmUzy8qeerHyZQtEg,Burgers,29.9621511,-90.0899002,-1222.789874,631.260051,New Orleans,LA,4.0,181,0,1,true,false,true,true,beer_and_wine,free,casual,"{""Monday"": ""0:0-0:0"", ""Tuesday"": ""11:0-20:0"", ""Wednesday"": ""11:0-20:0"", ""Thursday"": ""11:0-20:0"", ""Friday"": ""11:0-20:0"", ""Saturday"": ""11:0-16:0"", ""Sunday"": ""11:0-20:0""}"
SG0M72lCjRkxn_bD7YH34Q__seafood,SG0M72lCjRkxn_bD7YH34Q,Lucky Jean Seafood,Seafood,SG0M72lCjRkxn_bD7YH34Q,Seafood,30.0109356,-90.0092708,6545.044290,6055.856442,New Orleans,LA,3.5,24,1,1,true,false,false,true,none,no,,"{""Monday"": ""0:0-0:0"", ""Tuesday"": ""10:0-20:0"", ""Wednesday"": ""10:0-20:0"", ""Thursday"": ""10:0-20:0"", ""Friday"": ""10:0-18:0""}"
EyhRkmeYUROlV3ZQmhrlRA__venues_and_event_spaces,EyhRkmeYUROlV3ZQmhrlRA,The Evangeline Lounge,Venues & Event Spaces,EyhRkmeYUROlV3ZQmhrlRA,Venues & Event Spaces,29.9816701,-90.1015309,-2343.291190,2801.676822,New Orleans,LA,4.0,22,1,1,,,true,,full_bar,free,casual|classy,"{""Monday"": ""16:0-1:0"", ""Tuesday"": ""16:0-1:0"", ""Wednesday"": ""16:0-3:0"", ""Thursday"": ""16:0-3:0"", ""Friday"": ""15:0-3:0"", ""Saturday"": ""15:0-3:0"", ""Sunday"": ""15:0-1:0""}"
GiE7HJbxwH7-xI52DR_UNQ__breakfast_and_brunch,GiE7HJbxwH7-xI52DR_UNQ,Gumbo Ya-Ya,Breakfast & Brunch,GiE7HJbxwH7-xI52DR_UNQ,Breakfast & Brunch,29.9559253,-90.0629624,1372.397032,-61.018280,New Orleans,LA,3.5,238,1,2,true,true,true,true,full_bar,free,casual|touristy,"{""Monday"": ""0:0-0:0"", ""Friday"": ""10:0-20:0"", ""Saturday"": ""10:0-20:0"", ""Sunday"": ""10:0-20:0""}"
0xEyGDYQUasuNdAB1WWitQ__sandwiches,0xEyGDYQUasuNdAB1WWitQ,Parenton's Po Boys,Sandwiches,0xEyGDYQUasuNdAB1WWitQ,Sandwiches,29.9628896,-90.1715022,-9084.324295,713.377617,New Orleans,LA,4.0,43,1,1,true,false,true,true,none,no,casual,"{""Monday"": ""10:30-15:0"", ""Tuesday"": ""10:30-15:0"", ""Wednesday"": ""10:30-15:0"", ""Thursday"": ""10:30-15:0"", ""Friday"": ""10:30-15:0"", ""Saturday"": ""11:0-15:0""}"
W2Zw4ipU2OwutajPUiQq3A__cajun_creole,W2Zw4ipU2OwutajPUiQq3A,Bar Redux,Cajun/Creole,W2Zw4ipU2OwutajPUiQq3A,Cajun/Creole,29.9616506,-90.0322051,4335.554463,575.606913,New Orleans,LA,4.0,107,1,1,true,false,true,false,full_bar,free,casual|divey,"{""Monday"": ""18:0-2:0"", ""Tuesday"": ""16:0-2:0"", ""Wednesday"": ""16:0-2:0"", ""Thursday"": ""16:0-2:0"", ""Friday"": ""16:0-3:0"", ""Saturday"": ""16:0-5:0"", ""Sunday"": ""14:0-2:0""}"
npt8cAWD2lpu9QCEpeS55g__beer,npt8cAWD2lpu9QCEpeS55g,The Irish House,Beer,npt8cAWD2lpu9QCEpeS55g,Beer,29.9391126,-90.0751576,197.509365,-1930.505793,New Orleans,LA,3.5,316,0,2,true,false,true,true,full_bar,free,casual,"{""Monday"": ""12:0-22:0"", ""Tuesday"": ""12:0-22:0"", ""Wednesday"": ""12:0-22:0"", ""Thursday"": ""12:0-22:0"", ""Friday"": ""12:0-22:0"", ""Saturday"": ""9:0-23:0"", ""Sunday"": ""9:0-23:0""}"
BVOjxoXijWPfINv1eUGDKw__venues_and_event_spaces,BVOjxoXijWPfINv1eUGDKw,Mardi Gras World-Riverfront,Venues & Event Spaces,BVOjxoXijWPfINv1eUGDKw,Venues & Event Spaces,29.9350426,-90.0617176,1492.325095,-2383.073016,New Orleans,LA,4.0,403,1,,,,,true,,,,"{""Monday"": ""9:0-17:30"", ""Tuesday"": ""9:0-17:30"", ""Wednesday"": ""9:0-17:30"", ""Thursday"": ""9:0-17:30"", ""Friday"": ""9:0-17:30"", ""Saturday"": ""9:0-17:30"", ""Sunday"": ""9:0-17:30""}"
lqs4uSkDHXvz5nihZf6AFQ__fitness_and_instruction,lqs4uSkDHXvz5nihZf6AFQ,Downtown Fitness Center,Fitness & Instruction,lqs4uSkDHXvz5nihZf6AFQ,Fitness & Instruction,29.9685778,-90.0525283,2377.617937,1345.877473,New Orleans,LA,3.0,7,1,,,,,false,,,,"{""Monday"": ""6:0-21:0"", ""Tuesday"": ""6:0-21:0"", ""Wednesday"": ""6:0-21:0"", ""Thursday"": ""6:0-21:0"", ""Friday"": ""6:0-21:0"", ""Saturday"": ""9:0-17:0"", ""Sunday"": ""9:0-17:0""}"
5GyNFpT6lCszhtZN14Za1A__art_galleries,5GyNFpT6lCszhtZN14Za1A,Paint and Jrink,Art Galleries,5GyNFpT6lCszhtZN14Za1A,Art Galleries,29.9637997,-90.0571718,1930.263276,814.576260,New Orleans,LA,4.0,31,1,1,,,,true,,free,,"{""Tuesday"": ""12:30-21:0"", ""Wednesday"": ""12:30-21:0"", ""Thursday"": ""12:30-21:0"", ""Friday"": ""12:30-22:0"", ""Saturday"": ""12:30-22:0""}"
dbli0TD6YQfbnWTv-43KLg__burgers,dbli0TD6YQfbnWTv-43KLg,Houston's Restaurant,Burgers,dbli0TD6YQfbnWTv-43KLg,Burgers,29.9366725,-90.0777792,-55.053069,-2201.834921,New Orleans,LA,3.5,435,1,3,true,,,false,full_bar,no,casual|classy,"{""Monday"": ""0:0-0:0"", ""Tuesday"": ""11:0-21:0"", ""Wednesday"": ""11:0-21:0"", ""Thursday"": ""11:0-21:0"", ""Friday"": ""11:0-21:30"", ""Saturday"": ""11:0-21:30"", ""Sunday"": ""11:0-21:0""}"
AeADtOKsFeZpHijleM_Mtg__pizza,AeADtOKsFeZpHijleM_Mtg,Rye & Pie Pizza Bar,Pizza,AeADtOKsFeZpHijleM_Mtg,Pizza,29.9421671,-90.0678338,903.086491,-1590.862433,New Orleans,LA,4.5,83,0,,true,,true,,,,,"{""Monday"": ""0:0-0:0""}"
okxomeADinzNXTzX9PqVSg__american_(traditional),okxomeADinzNXTzX9PqVSg,Storyville Restaurant,American (Traditional),okxomeADinzNXTzX9PqVSg,American (Traditional),29.9547481,-90.0692342,768.171994,-191.917128,New Orleans,LA,4.0,57,0,2,true,true,false,true,full_bar,,casual,"{""Monday"": ""17:0-0:0"", ""Tuesday"": ""10:0-0:0"", ""Wednesday"": ""10:0-0:0"", ""Thursday"": ""10:0-0:0"", ""Friday"": ""10:0-1:0"", ""Saturday"": ""10:0-1:0"", ""Sunday"": ""10:0-0:0""}"
6bYw8adIYkIzW-R9Eq_czQ__cocktail_bars,6bYw8adIYkIzW-R9Eq_czQ,SLUSH Frozen Cocktails,Cocktail Bars,6bYw8adIYkIzW-R9Eq_czQ,Cocktail Bars,29.9579575,-90.0663997,1041.247645,164.952362,New Orleans,LA,4.0,13,1,,,,false,,beer_and_wine,free,,"{""Monday"": ""15:0-2:0"", ""Tuesday"": ""15:0-2:0"", ""Wednesday"": ""15:0-2:0"", ""Thursday"": ""11:0-2:0"", ""Friday"": ""11:0-3:0"", ""Saturday"": ""11:0-3:0"", ""Sunday"": ""11:0-2:0""}"
7hS_kwlw-qmaU2mPC_QUFg__cajun_creole,7hS_kwlw-qmaU2mPC_QUFg,Peewee’s Crabcakes,Cajun/Creole,7hS_kwlw-qmaU2mPC_QUFg,Cajun/Creole,29.9457694,-90.0879098,-1031.034793,-1190.304395,New Orleans,LA,4.0,6,1,,,,,,,,,"{""Monday"": ""11:0-17:0"", ""Tuesday"": ""10:0-21:0"", ""Wednesday"": ""10:0-21:0"", ""Thursday"": ""10:0-21:0"", ""Friday"": ""10:30-22:0"", ""Saturday"": ""10:30-22:0"", ""Sunday"": ""10:0-19:0""}"
iDXRd7tWEe7d2U2ssEWCXw__fitness_and_instruction,iDXRd7tWEe7d2U2ssEWCXw,Anytime Fitness,Fitness & Instruction,iDXRd7tWEe7d2U2ssEWCXw,Fitness & Instruction,30.0210385,-90.1116824,-3321.286419,7179.249218,New Orleans,LA,4.5,16,1,,,,,false,,,,"{""Monday"": ""0:0-0:0"", ""Tuesday"": ""0:0-0:0"", ""Wednesday"": ""0:0-0:0"", ""Thursday"": ""0:0-0:0"", ""Friday"": ""0:0-0:0"", ""Saturday"": ""0:0-0:0"", ""Sunday"": ""0:0-0:0""}"
xRv0mpP32y0DGGgDT6sdKA__fitness_and_instruction,xRv0mpP32y0DGGgDT6sdKA,Street Smarts Krav Maga,Fitness & Instruction,xRv0mpP32y0DGGgDT6sdKA,Fitness & Instruction,29.9281590,-90.0289320,4650.884826,-3148.494236,New Orleans,LA,4.0,9,0,,,,,true,,,,
yE6aDcbbK8pmvNroXnQYQA__sandwiches,yE6aDcbbK8pmvNroXnQYQA,Majoria's Commerce Restaurant,Sandwiches,yE6aDcbbK8pmvNroXnQYQA,Sandwiches,29.9508856,-90.0687461,815.195534,-621.408126,New Orleans,LA,4.5,866,1,1,true,true,false,true,beer_and_wine,no,casual,"{""Monday"": ""0:0-0:0"", ""Tuesday"": ""6:30-15:0"", ""Wednesday"": ""6:30-15:0"", ""Thursday"": ""6:30-15:0"", ""Friday"": ""6:30-15:0""}"
p8pnCX2Z5aJ1C7TnSvyaNQ__venues_and_event_spaces,p8pnCX2Z5aJ1C7TnSvyaNQ,Poppy's Time Out Sports Bar & Grill,Venues & Event Spaces,p8pnCX2Z5aJ1C7TnSvyaNQ,Venues & Event Spaces,29.9480530,-90.0624800,1418.871435,-936.379310,New Orleans,LA,2.5,139,0,2,true,false,true,true,full_bar,no,casual,"{""Monday"": ""7:30-22:0"", ""Tuesday"": ""7:30-22:0"", ""Wednesday"": ""7:30-22:0"", ""Thursday"": ""7:30-22:0"", ""Friday"": ""7:30-22:0"", ""Saturday"": ""7:30-22:0"", ""Sunday"": ""7:30-22:0""}"
SO5KzEFWIR1DPK0LOTfeGg__southern,SO5KzEFWIR1DPK0LOTfeGg,Fete au Fete,Southern,SO5KzEFWIR1DPK0LOTfeGg,Southern,29.9694360,-90.0521750,2411.654850,1441.305091,New Orleans,LA,4.0,91,0,2,true,true,true,true,none,free,,"{""Monday"": ""9:0-22:0"", ""Tuesday"": ""9:0-22:0"", ""Wednesday"": ""9:0-22:0"", ""Thursday"": ""9:0-23:0"", ""Friday"": ""9:0-23:0"", ""Saturday"": ""9:0-23:0"", ""Sunday"": ""9:0-22:0""}"
xoG-zabIUFngEhic1PEajA__southern,xoG-zabIUFngEhic1PEajA,Upperline,Southern,xoG-zabIUFngEhic1PEajA,Southern,29.9248539,-90.1075544,-2923.598327,-3516.008643,New Orleans,LA,4.5,390,0,3,false,false,false,false,full_bar,no,classy|intimate,"{""Monday"": ""0:0-0:0"", ""Wednesday"": ""17:30-20:30"", ""Thursday"": ""17:30-20:30"", ""Friday"": ""17:30-21:0"", ""Saturday"": ""17:30-21:0"", ""Sunday"": ""17:30-20:0""}"
7uYhWzN8G29IQISmRhCYRw__beer,7uYhWzN8G29IQISmRhCYRw,Bin 428,Beer,7uYhWzN8G29IQISmRhCYRw,Beer,29.9260599,-90.0829514,-553.342674,-3381.903829,New Orleans,LA,4.5,14,0,2,true,,,,,,,"{""Monday"": ""11:0-20:0"", ""Tuesday"": ""11:0-20:0"", ""Wednesday"": ""11:0-20:0"", ""Thursday"": ""11:0-20:0"", ""Friday"": ""10:0-20:0"", ""Saturday"": ""10:0-20:0"", ""Sunday"": ""10:0-17:0""}"
-s6EMVPCBrsocFDuiMMqxQ__venues_and_event_spaces,-s6EMVPCBrsocFDuiMMqxQ,Cornet,Venues & Event Spaces,-s6EMVPCBrsocFDuiMMqxQ,Venues & Event Spaces,29.9586063,-90.0657682,1102.083775,237.092183,New Orleans,LA,3.5,548,1,2,true,false,true,false,full_bar,no,casual|classy|touristy,"{""Monday"": ""11:0-23:0"", ""Tuesday"": ""11:0-23:0"", ""Wednesday"": ""11:0-23:0"", ""Thursday"": ""11:0-23:0"", ""Friday"": ""11:0-23:0"", ""Saturday"": ""11:0-23:0"", ""Sunday"": ""11:0-23:0""}"
UecV_nsSMyjiracwiV_avQ__burgers,UecV_nsSMyjiracwiV_avQ,Ted's Frostop,Burgers,UecV_nsSMyjiracwiV_avQ,Burgers,29.9470260,-90.1136040,-3506.413310,-1050.576657,New Orleans,LA,4.0,96,1,1,true,,true,true,beer_and_wine,free,casual,"{""Monday"": ""7:0-17:0"", ""Tuesday"": ""7:0-17:0"", ""Wednesday"": ""7:0-17:0"", ""Thursday"": ""7:0-17:0"", ""Friday"": ""7:0-17:0"", ""Saturday"": ""8:0-15:0"", ""Sunday"": ""8:0-15:0""}"
EfLcMyzm24vNxe5XdjRp4g__cafes,EfLcMyzm24vNxe5XdjRp4g,Congregation Coffee,Cafes,EfLcMyzm24vNxe5XdjRp4g,Cafes,29.9519176,-90.0534566,2288.188749,-506.657105,New Orleans,LA,4.5,65,1,1,true,true,true,true,,free,,"{""Monday"": ""7:0-14:0"", ""Tuesday"": ""7:0-14:0"", ""Wednesday"": ""7:0-14:0"", ""Thursday"": ""7:0-14:0"", ""Friday"": ""7:0-14:0"", ""Saturday"": ""8:0-14:0"", ""Sunday"": ""8:0-14:0""}"
UH1Baremef79qGhPQ0Ef3A__cafes,UH1Baremef79qGhPQ0Ef3A,Maple Street Cafe,Cafes,UH1Baremef79qGhPQ0Ef3A,Cafes,29.9418055,-90.1289339,-4983.295451,-1631.070574,New Orleans,LA,4.0,101,1,2,true,true,true,true,full_bar,free,classy,"{""Monday"": ""17:0-21:30"", ""Tuesday"": ""17:0-21:30"", ""Wednesday"": ""17:0-21:30"", ""Thursday"": ""17:0-21:30"", ""Friday"": ""11:0-22:0"", ""Saturday"": ""11:0-22:0"", ""Sunday"": ""12:0-21:0""}"
XRfhf13PcoxjuOKMKfy9WQ__burgers,XRfhf13PcoxjuOKMKfy9WQ,Bud's Broiler,Burgers,XRfhf13PcoxjuOKMKfy9WQ,Burgers,29.9833716,-90.1058821,-2762.485677,2990.875251,New Orleans,LA,3.0,138,0,1,true,false,true,true,beer_and_wine,no,casual,"{""Monday"": ""0:0-0:0"", ""Tuesday"": ""0:0-0:0"", ""Wednesday"": ""0:0-0:0"", ""Thursday"": ""0:0-0:0"", ""Friday"": ""0:0-0:0"", ""Saturday"": ""0:0-0:0"", ""Sunday"": ""0:0-0:0""}"
BS7OnkMycH8tD3Bqpz2FAQ__cafes,BS7OnkMycH8tD3Bqpz2FAQ,HiVolt Coffee,Cafes,BS7OnkMycH8tD3Bqpz2FAQ,Cafes,29.9324048,-90.0745489,256.153943,-2676.382165,New Orleans,LA,4.0,297,1,1,true,false,true,true,none,free,casual|classy,"{""Monday"": ""7:0-16:0"", ""Tuesday"": ""7:0-16:0"", ""Wednesday"": ""7:0-16:0"", ""Thursday"": ""7:0-16:0"", ""Friday"": ""7:0-16:0"", ""Saturday"": ""7:0-16:0"", ""Sunday"": ""7:0-16:0""}"
gWumBHn4J12Gg7qVRlWJ_g__pizza,gWumBHn4J12Gg7qVRlWJ_g,Sugar Park Tavern,Pizza,gWumBHn4J12Gg7qVRlWJ_g,Pizza,29.9621761,-90.0345373,4110.870379,634.039928,New Orleans,LA,4.0,6,0,1,true,false,false,false,full_bar,,,
9Fq9RWEfJ_PHQKB0rfwDVg__specialty_food,9Fq9RWEfJ_PHQKB0rfwDVg,Louisiana Pride Seafood,Specialty Food,9Fq9RWEfJ_PHQKB0rfwDVg,Specialty Food,30.0147860,-90.0217900,5338.944908,6484.001979,New Orleans,LA,3.5,18,1,1,true,false,false,true,beer_and_wine,no,,"{""Monday"": ""10:30-20:0"", ""Tuesday"": ""10:30-20:0"", ""Wednesday"": ""10:30-20:0"", ""Thursday"": ""10:30-20:0"", ""Friday"": ""10:30-20:0"", ""Saturday"": ""10:30-20:0""}"
vKBQmHjx5K9cYoGqWLyBhQ__pizza,vKBQmHjx5K9cYoGqWLyBhQ,The Original Italian Pie,Pizza,vKBQmHjx5K9cYoGqWLyBhQ,Pizza,29.9514257,-90.0749128,221.095827,-561.351663,New Orleans,LA,3.0,213,1,2,true,true,true,true,beer_and_wine,free,casual,"{""Monday"": ""0:0-0:0"", ""Tuesday"": ""10:0-3:0"", ""Wednesday"": ""10:0-3:0"", ""Thursday"": ""10:0-3:0"", ""Friday"": ""10:0-3:0"", ""Saturday"": ""10:0-3:0"", ""Sunday"": ""10:0-3:0""}"
rHW2kGOYzUIJWKia5ao-6Q__fast_food,rHW2kGOYzUIJWKia5ao-6Q,Golden Chips,Fast Food,rHW2kGOYzUIJWKia5ao-6Q,Fast Food,29.9565470,-90.0642970,1243.821705,8.111701,New Orleans,LA,4.5,74,0,1,true,false,false,true,none,no,casual,"{""Monday"": ""0:0-0:0"", ""Tuesday"": ""11:30-21:0"", ""Wednesday"": ""11:30-21:0"", ""Thursday"": ""11:30-21:0"", ""Friday"": ""11:30-0:0"", ""Saturday"": ""11:30-0:0"", ""Sunday"": ""11:30-21:0""}"
pf48wLNjqAtNaey7TVS_sw__fast_food,pf48wLNjqAtNaey7TVS_sw,Krystal,Fast Food,pf48wLNjqAtNaey7TVS_sw,Fast Food,29.9431604,-90.0941551,-1632.703604,-1480.416207,New Orleans,LA,2.5,11,0,1,true,false,false,true,none,,,"{""Monday"": ""6:0-0:0"", ""Tuesday"": ""6:0-0:0"", ""Wednesday"": ""6:0-0:0"", ""Thursday"": ""6:0-0:0"", ""Friday"": ""6:0-0:0"", ""Saturday"": ""6:0-0:0"", ""Sunday"": ""6:0-0:0""}"
jKTWcdyXPw_cGUp9fKqapQ__cafes,jKTWcdyXPw_cGUp9fKqapQ,Sneaky Pickle,Cafes,jKTWcdyXPw_cGUp9fKqapQ,Cafes,29.9648999,-90.0429541,3299.996100,936.913087,New Orleans,LA,4.5,347,1,1,true,false,true,true,full_bar,no,casual|hipster,"{""Monday"": ""11:0-16:0"", ""Thursday"": ""11:0-16:0"", ""Friday"": ""11:0-16:0"", ""Saturday"": ""11:0-16:0"", ""Sunday"": ""11:0-16:0""}"
OWuVx8OK_f-wNDelg9XCyQ__southern,OWuVx8OK_f-wNDelg9XCyQ,Cafe Iguana,Southern,OWuVx8OK_f-wNDelg9XCyQ,Southern,29.9604216,-90.0640178,1270.719826,438.948159,New Orleans,LA,4.5,9,0,2,true,true,false,true,none,no,,"{""Monday"": ""10:0-0:0"", ""Tuesday"": ""10:0-0:0"", ""Wednesday"": ""10:0-0:0"", ""Thursday"": ""10:0-0:0"", ""Friday"": ""10:0-1:0"", ""Saturday"": ""10:0-1:0""}"
h9UwnXTHZD055LK05F0GFQ__venues_and_event_spaces,h9UwnXTHZD055LK05F0GFQ,Irish Cultural Museum of New Orleans,Venues & Event Spaces,h9UwnXTHZD055LK05F0GFQ,Venues & Event Spaces,29.9574330,-90.0691898,772.449489,106.630543,New Orleans,LA,4.5,21,1,,,,,true,,,,"{""Friday"": ""8:0-21:0"", ""Saturday"": ""8:0-21:0""}"
idgiIkTcPSbG14FioYBqdg__southern,idgiIkTcPSbG14FioYBqdg,Triangle Deli,Southern,idgiIkTcPSbG14FioYBqdg,Southern,29.9833157,-90.0713107,568.122041,2984.659446,New Orleans,LA,4.0,59,1,1,true,false,false,false,full_bar,no,casual,"{""Monday"": ""11:0-21:30"", ""Tuesday"": ""11:0-21:30"", ""Wednesday"": ""11:0-21:30"", ""Thursday"": ""11:0-21:30"", ""Friday"": ""11:0-21:30"", ""Saturday"": ""11:0-21:30"", ""Sunday"": ""11:0-20:30""}"
98aSunfD_cXI-KgxA_sJBw__seafood,98aSunfD_cXI-KgxA_sJBw,Cajun Shack NOLA,Seafood,98aSunfD_cXI-KgxA_sJBw,Seafood,30.0294148,-89.9771895,9635.755844,8110.652569,New Orleans,LA,4.0,18,1,,true,true,false,,none,free,,"{""Monday"": ""0:0-0:0"", ""Tuesday"": ""11:0-19:0"", ""Wednesday"": ""11:0-19:0"", ""Thursday"": ""11:0-19:0"", ""Friday"": ""11:0-19:0"", ""Saturday"": ""11:0-19:0"", ""Sunday"": ""12:0-19:0""}"
DmCUxJNiB3Pd7dgnSvUZSg__venues_and_event_spaces,DmCUxJNiB3Pd7dgnSvUZSg,The Swamp On Bourbon Street,Venues & Event Spaces,DmCUxJNiB3Pd7dgnSvUZSg,Venues & Event Spaces,29.9571630,-90.0666220,1019.831270,76.607871,New Orleans,LA,2.5,165,0,1,,,true,,full_bar,no,classy|touristy,"{""Monday"": ""16:0-5:0"", ""Tuesday"": ""16:0-5:0"", ""Wednesday"": ""16:0-5:0"", ""Thursday"": ""12:0-5:0"", ""Friday"": ""12:0-5:0"", ""Saturday"": ""12:0-5:0"", ""Sunday"": ""12:0-5:0""}"
gGdidUuXsOoLnNiw60v8Kg__fast_food,gGdidUuXsOoLnNiw60v8Kg,Burger King,Fast Food,gGdidUuXsOoLnNiw60v8Kg,Fast Food,29.9684325,-90.1062794,-2800.761548,1329.720828,New Orleans,LA,2.5,12,0,1,true,true,false,true,none,free,,"{""Monday"": ""0:0-0:0"", ""Tuesday"": ""0:0-0:0"", ""Wednesday"": ""0:0-0:0"", ""Thursday"": ""0:0-0:0"", ""Friday"": ""0:0-0:0"", ""Saturday"": ""0:0-0:0"", ""Sunday"": ""0:0-0:0""}"
C2XXTlG9rIqLjjJrn2ODVA__southern,C2XXTlG9rIqLjjJrn2ODVA,Chef D'Z Cafe,Southern,C2XXTlG9rIqLjjJrn2ODVA,Southern,29.9638032,-90.0719576,505.799713,814.965443,New Orleans,LA,4.0,22,0,2,true,true,true,true,,,,"{""Monday"": ""8:0-20:0"", ""Tuesday"": ""8:0-20:0"", ""Wednesday"": ""8:0-20:0"", ""Thursday"": ""8:0-20:0"", ""Friday"": ""8:0-20:0"", ""Saturday"": ""8:0-20:0"", ""Sunday"": ""11:0-17:0""}"
ey3nQ_cvyz8ZzU1vxmZBDQ__fitness_and_instruction,ey3nQ_cvyz8ZzU1vxmZBDQ,New Orleans Athletic Club,Fitness & Instruction,ey3nQ_cvyz8ZzU1vxmZBDQ,Fitness & Instruction,29.9567343,-90.0712095,577.871647,28.938540,New Orleans,LA,3.5,92,1,,,,,false,,,,"{""Monday"": ""5:30-21:0"", ""Tuesday"": ""5:30-21:0"", ""Wednesday"": ""5:30-21:0"", ""Thursday"": ""5:30-21:0"", ""Friday"": ""5:30-21:0"", ""Saturday"": ""8:0-18:0"", ""Sunday"": ""8:0-18:0""}"
ZCUygqx1Oq-08wOTF3gDqA__beer,ZCUygqx1Oq-08wOTF3gDqA,Handsome Willy's Bar & Cafe,Beer,ZCUygqx1Oq-08wOTF3gDqA,Beer,29.9570129,-90.0778066,-57.692785,59.917489,New Orleans,LA,4.0,44,0,1,true,true,true,false,full_bar,free,casual,"{""Monday"": ""11:0-21:0"", ""Tuesday"": ""11:0-0:0"", ""Wednesday"": ""11:0-0:0"", ""Thursday"": ""11:0-1:0"", ""Friday"": ""11:0-2:0"", ""Saturday"": ""11:0-0:0"", ""Sunday"": ""4:0-0:0""}"
wMFGaIxXEzqhtbbzCfGD8w__pizza,wMFGaIxXEzqhtbbzCfGD8w,Gulf Pizza,Pizza,wMFGaIxXEzqhtbbzCfGD8w,Pizza,29.9532860,-90.0513467,2491.453249,-354.495455,New Orleans,LA,4.0,10,0,2,true,false,true,true,none,no,,"{""Monday"": ""17:0-21:0"", ""Wednesday"": ""17:0-21:0"", ""Thursday"": ""17:0-21:0"", ""Friday"": ""17:0-21:0"", ""Saturday"": ""15:0-19:0"", ""Sunday"": ""15:0-19:0""}"
Xa0UjhDY9yOazy4-lSMFgQ__desserts,Xa0UjhDY9yOazy4-lSMFgQ,Big O's Original Pops,Desserts,Xa0UjhDY9yOazy4-lSMFgQ,Desserts,29.9699556,-90.0519265,2435.595333,1499.082054,New Orleans,LA,5.0,8,1,,true,true,false,,none,no,,"{""Thursday"": ""14:0-18:0"", ""Friday"": ""14:0-18:0"", ""Saturday"": ""12:0-18:0"", ""Sunday"": ""12:0-17:0""}"
103cmgKE0n1Cb8QCEXvbQQ__pizza,103cmgKE0n1Cb8QCEXvbQQ,Balcony Bar & Cafe,Pizza,103cmgKE0n1Cb8QCEXvbQQ,Pizza,29.9241700,-90.0866880,-913.326615,-3592.051411,New Orleans,LA,3.0,186,1,1,true,true,true,false,full_bar,free,casual|divey,"{""Monday"": ""16:0-2:0"", ""Tuesday"": ""16:0-2:0"", ""Wednesday"": ""16:0-2:0"", ""Thursday"": ""16:0-2:0"", ""Friday"": ""12:0-3:0"", ""Saturday"": ""12:0-3:0"", ""Sunday"": ""12:0-2:0""}"
cA4DtjkTExdr5ezpqocI6g__art_galleries,cA4DtjkTExdr5ezpqocI6g,Art4Now,Art Galleries,cA4DtjkTExdr5ezpqocI6g,Art Galleries,29.9620736,-90.1962650,-11469.971761,622.642432,New Orleans,LA,3.0,5,1,2,,,,,,,,"{""Sunday"": ""0:0-0:15""}"
1Mmo93UBNsaVW7OnpWDuQg__coffee_and_tea,1Mmo93UBNsaVW7OnpWDuQg,French Truck Coffee,Coffee & Tea,1Mmo93UBNsaVW7OnpWDuQg,Coffee & Tea,29.9539441,-90.0672209,962.133260,-281.317973,New Orleans,LA,4.5,335,1,1,true,true,false,true,,free,,"{""Monday"": ""0:0-0:0"", ""Tuesday"": ""7:0-14:0"", ""Wednesday"": ""7:0-14:0"", ""Thursday"": ""7:0-14:0"", ""Friday"": ""7:0-14:0"", ""Saturday"": ""8:0-14:0"", ""Sunday"": ""7:0-14:0""}"
yGV8qSRB8lq3YDxrMyipAQ__venues_and_event_spaces,yGV8qSRB8lq3YDxrMyipAQ,Bryant Park Nola,Venues & Event Spaces,yGV8qSRB8lq3YDxrMyipAQ,Venues & Event Spaces,29.9398820,-90.0672470,959.618787,-1844.954311,New Orleans,LA,4.5,7,1,,,,true,,full_bar,free,,"{""Monday"": ""15:0-22:0"", ""Tuesday"": ""15:0-23:0"", ""Wednesday"": ""15:0-23:0"", ""Thursday"": ""15:0-23:0"", ""Friday"": ""15:0-0:0"", ""Saturday"": ""15:0-0:0"", ""Sunday"": ""15:0-22:0""}"
IjtQu81tebi_pLWdubVBeA__cafes,IjtQu81tebi_pLWdubVBeA,Gracious Bakery & Cafe,Cafes,IjtQu81tebi_pLWdubVBeA,Cafes,29.9599392,-90.1020863,-2396.795867,385.302393,New Orleans,LA,4.0,114,1,1,true,true,true,true,none,free,casual,"{""Monday"": ""7:0-15:0"", ""Tuesday"": ""7:0-15:0"", ""Wednesday"": ""7:0-15:0"", ""Thursday"": ""7:0-15:0"", ""Friday"": ""7:0-15:0"", ""Saturday"": ""8:0-14:0"", ""Sunday"": ""8:0-14:0""}"
0DdmKihJ90qKP5TAM3c2yQ__sandwiches,0DdmKihJ90qKP5TAM3c2yQ,Tartine,Sandwiches,0DdmKihJ90qKP5TAM3c2yQ,Sandwiches,29.9316743,-90.1322146,-5299.354097,-2757.612561,New Orleans,LA,4.5,290,1,2,true,true,true,true,none,no,casual|classy,"{""Monday"": ""8:0-15:0"", ""Tuesday"": ""8:0-15:0"", ""Wednesday"": ""8:0-15:0"", ""Thursday"": ""8:0-15:0"", ""Friday"": ""8:0-15:0"", ""Saturday"": ""8:0-15:0"", ""Sunday"": ""9:0-14:0""}"
wrT5DbuM24B9ExBdSSz2_g__sandwiches,wrT5DbuM24B9ExBdSSz2_g,La Divina Gelateria,Sandwiches,wrT5DbuM24B9ExBdSSz2_g,Sandwiches,29.9578710,-90.0642770,1245.748505,155.333988,New Orleans,LA,3.0,184,0,1,true,true,true,true,none,no,casual,"{""Monday"": ""11:0-22:0"", ""Tuesday"": ""11:0-22:0"", ""Wednesday"": ""11:0-22:0"", ""Thursday"": ""8:30-22:0"", ""Friday"": ""8:30-23:0"", ""Saturday"": ""8:30-23:0"", ""Sunday"": ""8:30-22:0""}"
aLsbsBbaJzYw3chcdQlCIw__venues_and_event_spaces,aLsbsBbaJzYw3chcdQlCIw,Central City BBQ,Venues & Event Spaces,aLsbsBbaJzYw3chcdQlCIw,Venues & Event Spaces,29.9438352,-90.0786357,-137.568256,-1405.377919,New Orleans,LA,4.0,378,1,2,true,true,true,true,full_bar,free,casual,"{""Monday"": ""0:0-0:0"", ""Tuesday"": ""11:0-19:0"", ""Wednesday"": ""11:0-19:0"", ""Thursday"": ""11:0-19:0"", ""Friday"": ""11:0-21:0"", ""Saturday"": ""11:0-21:0"", ""Sunday"": ""11:0-21:0""}"
-0ltw8--HLuulPyOSspqAQ__american_(new),-0ltw8--HLuulPyOSspqAQ,Hotel Inter-Continental Veranda Restaurant,American (New),-0ltw8--HLuulPyOSspqAQ,American (New),29.9502753,-90.0696402,729.057965,-689.270483,New Orleans,LA,3.0,11,1,,,,,,,,,
ufjjhbpzlG91sQCFFkbOIA__burgers,ufjjhbpzlG91sQCFFkbOIA,Lucky's,Burgers,ufjjhbpzlG91sQCFFkbOIA,Burgers,29.9380511,-90.0766294,55.718631,-2048.541383,New Orleans,LA,4.0,53,1,1,true,false,true,false,full_bar,free,casual|divey,"{""Monday"": ""0:0-0:0"", ""Tuesday"": ""0:0-0:0"", ""Wednesday"": ""0:0-0:0"", ""Thursday"": ""0:0-0:0"", ""Friday"": ""0:0-0:0"", ""Saturday"": ""0:0-0:0"", ""Sunday"": ""0:0-0:0""}"
LOUm_-VWYI32COPsU_-wWg__southern,LOUm_-VWYI32COPsU_-wWg,RF's,Southern,LOUm_-VWYI32COPsU_-wWg,Southern,29.9563092,-90.0693232,759.597736,-18.330489,New Orleans,LA,3.5,145,0,2,true,false,true,false,full_bar,free,casual,"{""Monday"": ""12:0-22:0"", ""Tuesday"": ""12:0-22:0"", ""Wednesday"": ""12:0-22:0"", ""Thursday"": ""12:0-22:0"", ""Friday"": ""12:0-0:0"", ""Saturday"": ""12:0-0:0"", ""Sunday"": ""12:0-22:0""}"
fdE99kZIf7ISK8Cqh1-Pmw__fitness_and_instruction,fdE99kZIf7ISK8Cqh1-Pmw,Dancing Grounds,Fitness & Instruction,fdE99kZIf7ISK8Cqh1-Pmw,Fitness & Instruction,29.9665276,-90.0377340,3802.900390,1117.905319,New Orleans,LA,5.0,8,1,,,,,true,,,,"{""Monday"": ""9:30-21:0"", ""Tuesday"": ""9:30-21:0"", ""Wednesday"": ""9:30-21:0"", ""Thursday"": ""9:30-21:0"", ""Friday"": ""9:0-11:0"", ""Saturday"": ""12:0-16:30""}"
zCw8_v4ij_4mEZfFmUhqmA__sandwiches,zCw8_v4ij_4mEZfFmUhqmA,Lil' Dizzy's,Sandwiches,zCw8_v4ij_4mEZfFmUhqmA,Sandwiches,29.9491259,-90.0697632,717.208149,-817.078108,New Orleans,LA,3.5,73,0,2,true,false,false,true,full_bar,,casual,"{""Monday"": ""17:0-21:0"", ""Tuesday"": ""17:0-21:0"", ""Wednesday"": ""17:0-21:0"", ""Thursday"": ""17:0-21:0"", ""Friday"": ""17:0-21:0"", ""Saturday"": ""17:0-21:0"", ""Sunday"": ""17:0-21:0""}"
lPzHSSsco1vcCWjoapvFYQ__desserts,lPzHSSsco1vcCWjoapvFYQ,Bernard's Pralines,Desserts,lPzHSSsco1vcCWjoapvFYQ,Desserts,30.0282140,-89.9916570,8241.958364,7977.125591,New Orleans,LA,4.5,32,1,2,true,,,,,,,
9NFAT8jDD9XikWplus6e5Q__seafood,9NFAT8jDD9XikWplus6e5Q,Brisbi's Lakefront Restaurant & Bar,Seafood,9NFAT8jDD9XikWplus6e5Q,Seafood,30.0237694,-90.1135919,-3505.246295,7482.915121,New Orleans,LA,3.0,173,0,2,true,false,true,true,full_bar,free,casual,"{""Monday"": ""11:30-21:0"", ""Wednesday"": ""11:30-21:0"", ""Thursday"": ""11:30-21:0"", ""Friday"": ""11:30-22:0"", ""Saturday"": ""11:30-22:0"", ""Sunday"": ""11:0-21:0""}"
-4x3pVUUsfWmKEilWKsOZQ__southern,-4x3pVUUsfWmKEilWKsOZQ,Dickey's Barbecue Pit,Southern,-4x3pVUUsfWmKEilWKsOZQ,Southern,29.9415171,-90.1889420,-10764.475338,-1663.144372,New Orleans,LA,2.5,75,1,2,true,true,false,true,none,free,casual,"{""Monday"": ""0:0-0:0"", ""Tuesday"": ""11:0-21:0"", ""Wednesday"": ""11:0-21:0"", ""Thursday"": ""11:0-21:0"", ""Friday"": ""11:0-21:0"", ""Saturday"": ""11:0-21:0"", ""Sunday"": ""11:0-21:0""}"
SvB4Z0pan7IKy0IrfNw2rQ__specialty_food,SvB4Z0pan7IKy0IrfNw2rQ,Big Fisherman Seafood,Specialty Food,SvB4Z0pan7IKy0IrfNw2rQ,Specialty Food,29.9236051,-90.0879122,-1031.264246,-3654.869926,New Orleans,LA,4.0,107,0,2,true,,,,,,,"{""Thursday"": ""11:0-16:0"", ""Friday"": ""11:0-17:0"", ""Saturday"": ""11:0-17:0"", ""Sunday"": ""11:0-16:0""}"
swVdc9piXvG0AXwL-F0GfQ__southern,swVdc9piXvG0AXwL-F0GfQ,Gallier Restaurant & Oyster Bar,Southern,swVdc9piXvG0AXwL-F0GfQ,Southern,29.9533239,-90.0707898,618.305533,-350.281162,New Orleans,LA,4.5,819,1,2,true,,false,true,full_bar,free,casual|classy,"{""Monday"": ""16:0-22:0"", ""Tuesday"": ""16:0-22:0"", ""Wednesday"": ""16:0-22:0"", ""Thursday"": ""16:0-22:0"", ""Friday"": ""11:0-23:0"", ""Saturday"": ""11:0-23:0"", ""Sunday"": ""11:0-22:0""}"
TlokHyfEx0HxFYKDkvpdBg__coffee_and_tea,TlokHyfEx0HxFYKDkvpdBg,Satsuma Café,Coffee & Tea,TlokHyfEx0HxFYKDkvpdBg,Coffee & Tea,29.9431477,-90.1310730,-5189.376093,-1481.829063,New Orleans,LA,4.0,280,1,2,true,true,true,true,none,free,casual|hipster,"{""Monday"": ""8:0-15:0"", ""Tuesday"": ""8:0-15:0"", ""Wednesday"": ""8:0-15:0"", ""Thursday"": ""8:0-15:0"", ""Friday"": ""8:0-15:0"", ""Saturday"": ""8:0-15:0"", ""Sunday"": ""8:0-15:0""}"
BJauHq_tArHgi0nncImNJg__beer,BJauHq_tArHgi0nncImNJg,Whole Foods Market,Beer,BJauHq_tArHgi0nncImNJg,Beer,29.9673220,-90.0847569,-727.286248,1206.233198,New Orleans,LA,3.5,113,1,3,true,,true,false,beer_and_wine,free,,"{""Monday"": ""0:0-0:0"", ""Tuesday"": ""8:0-22:0"", ""Wednesday"": ""7:0-22:0"", ""Thursday"": ""7:0-22:0"", ""Friday"": ""7:0-21:0"", ""Saturday"": ""9:0-20:0"", ""Sunday"": ""10:0-18:0""}"
fDZ0K02rYnbDht2STz2GCQ__fast_food,fDZ0K02rYnbDht2STz2GCQ,Firehouse Subs,Fast Food,fDZ0K02rYnbDht2STz2GCQ,Fast Food,29.9208349,-90.0121890,6263.904983,-3962.898123,New Orleans,LA,4.5,15,1,,true,true,true,,none,,,"{""Monday"": ""10:30-21:0"", ""Tuesday"": ""10:30-21:0"", ""Wednesday"": ""10:30-21:0"", ""Thursday"": ""10:30-21:0"", ""Friday"": ""10:30-21:0"", ""Saturday"": ""10:30-21:0"", ""Sunday"": ""10:30-21:0""}"
PLebbMEYWV-5ggzx0c4lBQ__american_(traditional),PLebbMEYWV-5ggzx0c4lBQ,J's Creole Wings,American (Traditional),PLebbMEYWV-5ggzx0c4lBQ,American (Traditional),29.9727932,-90.0629626,1372.380645,1814.609114,New Orleans,LA,4.5,163,1,2,true,true,true,true,none,no,casual|trendy,"{""Monday"": ""11:0-22:0"", ""Wednesday"": ""11:0-22:0"", ""Thursday"": ""11:0-22:0"", ""Friday"": ""11:0-0:0"", ""Saturday"": ""11:0-0:0"", ""Sunday"": ""11:0-18:0""}"
fHYu0otyReBOVXb1WI_YIg__specialty_food,fHYu0otyReBOVXb1WI_YIg,Rocket Fizz - New Orleans,Specialty Food,fHYu0otyReBOVXb1WI_YIg,Specialty Food,29.9582348,-90.0616722,1496.694865,195.786758,New Orleans,LA,4.5,30,0,1,true,true,,,,,,"{""Monday"": ""9:0-21:0"", ""Tuesday"": ""9:0-21:0"", ""Wednesday"": ""9:0-21:0"", ""Thursday"": ""9:0-21:0"", ""Friday"": ""9:0-21:0"", ""Saturday"": ""9:0-21:0"", ""Sunday"": ""9:0-21:0""}"
xfY46Z-nBtX6sZQLxrdxhQ__cajun_creole,xfY46Z-nBtX6sZQLxrdxhQ,Tommy's Cuisine,Cajun/Creole,xfY46Z-nBtX6sZQLxrdxhQ,Cajun/Creole,29.9452960,-90.0672198,962.239234,-1242.944146,New Orleans,LA,4.0,329,1,3,true,true,true,false,full_bar,free,classy|romantic,"{""Monday"": ""17:0-21:0"", ""Wednesday"": ""17:0-21:0"", ""Thursday"": ""17:0-21:0"", ""Friday"": ""17:0-22:0"", ""Saturday"": ""17:0-22:0"", ""Sunday"": ""17:0-21:0""}"
rbPK4jSyFS10zhWYvo_Srg__cafes,rbPK4jSyFS10zhWYvo_Srg,Cafe Porche and snowbar,Cafes,rbPK4jSyFS10zhWYvo_Srg,Cafes,29.9393162,-90.0789388,-166.766059,-1907.866096,New Orleans,LA,5.0,172,1,2,true,true,true,true,beer_and_wine,free,casual|classy|intimate,"{""Monday"": ""0:0-0:0"", ""Friday"": ""8:30-14:30"", ""Saturday"": ""8:30-14:30"", ""Sunday"": ""9:0-14:30""}"
QduA9wdi-JlJDA6JDwd0TA__beer,QduA9wdi-JlJDA6JDwd0TA,Don Leoncio Cigar Bar,Beer,QduA9wdi-JlJDA6JDwd0TA,Beer,29.9513026,-90.0670147,981.998563,-575.039777,New Orleans,LA,3.5,67,1,2,,,false,,full_bar,no,casual,"{""Monday"": ""12:0-23:0"", ""Tuesday"": ""12:0-23:0"", ""Wednesday"": ""12:0-23:0"", ""Thursday"": ""12:0-23:0"", ""Friday"": ""12:0-0:0"", ""Saturday"": ""12:0-0:0"", ""Sunday"": ""12:0-20:0""}"
3euS__1BAL3ETiIuecS6ZQ__pizza,3euS__1BAL3ETiIuecS6ZQ,Theo's Neighborhood Pizza,Pizza,3euS__1BAL3ETiIuecS6ZQ,Pizza,29.9600963,-90.1853466,-10418.089274,402.776756,New Orleans,LA,3.5,107,1,2,true,true,true,true,beer_and_wine,no,casual,"{""Tuesday"": ""11:0-21:0"", ""Wednesday"": ""11:0-21:0"", ""Thursday"": ""11:0-21:0"", ""Friday"": ""11:0-22:0"", ""Saturday"": ""11:0-22:0"", ""Sunday"": ""12:0-21:0""}"
zWfzgYe2nT9mHYm_vl1Ukw__cocktail_bars,zWfzgYe2nT9mHYm_vl1Ukw,Mopho,Cocktail Bars,zWfzgYe2nT9mHYm_vl1Ukw,Cocktail Bars,29.9835239,-90.1052539,-2701.965398,3007.809194,New Orleans,LA,4.0,767,1,2,true,true,,true,full_bar,free,casual|classy,"{""Monday"": ""0:0-0:0"", ""Tuesday"": ""11:0-21:0"", ""Wednesday"": ""11:0-21:0"", ""Thursday"": ""11:0-21:0"", ""Friday"": ""11:0-21:0"", ""Saturday"": ""17:0-23:0"", ""Sunday"": ""11:0-21:0""}"
moDj-1bQxbtCxNlacDgzyA__venues_and_event_spaces,moDj-1bQxbtCxNlacDgzyA,The Frenchmen Hotel,Venues & Event Spaces,moDj-1bQxbtCxNlacDgzyA,Venues & Event Spaces,29.9621842,-90.0573255,1915.455822,634.940608,New Orleans,LA,3.5,102,1,2,,,,,,free,,"{""Monday"": ""6:0-6:0"", ""Tuesday"": ""6:0-6:0"", ""Wednesday"": ""6:0-6:0"", ""Thursday"": ""6:0-6:0"", ""Friday"": ""6:0-6:0"", ""Saturday"": ""6:0-6:0"", ""Sunday"": ""6:0-6:0""}"
JevaQ7zku9fvXRef0s-sXw__american_(new),JevaQ7zku9fvXRef0s-sXw,55 Fahrenheit,American (New),JevaQ7zku9fvXRef0s-sXw,American (New),29.9527630,-90.0673990,944.975111,-412.650482,New Orleans,LA,4.0,17,1,2,true,false,false,true,full_bar,free,casual,
aG1m3tufKdPsRiberh6T9g__southern,aG1m3tufKdPsRiberh6T9g,Daisy Dukes Cafe,Southern,aG1m3tufKdPsRiberh6T9g,Southern,29.9511990,-90.0698833,705.637718,-586.559588,New Orleans,LA,3.5,341,1,2,true,true,true,true,full_bar,no,casual,"{""Monday"": ""6:0-22:0"", ""Tuesday"": ""6:0-22:0"", ""Wednesday"": ""6:0-22:0"", ""Thursday"": ""6:0-22:0"", ""Friday"": ""6:0-22:0"", ""Saturday"": ""6:0-22:0"", ""Sunday"": ""6:0-22:0""}"
DkVFvHGyNBGuPMzI9Zdt1A__fast_food,DkVFvHGyNBGuPMzI9Zdt1A,Dat Dog,Fast Food,DkVFvHGyNBGuPMzI9Zdt1A,Fast Food,29.9351109,-90.1088662,-3049.973789,-2375.477158,New Orleans,LA,4.0,598,1,2,true,true,true,true,full_bar,free,casual|classy,"{""Monday"": ""11:0-21:0"", ""Tuesday"": ""11:0-21:0"", ""Wednesday"": ""11:0-21:0"", ""Thursday"": ""11:0-21:0"", ""Friday"": ""11:0-22:0"", ""Saturday"": ""11:0-22:0"", ""Sunday"": ""11:0-21:0""}"
eG4v2DkBe2cmzNg-ilCo9A__breakfast_and_brunch,eG4v2DkBe2cmzNg-ilCo9A,Jazz Café,Breakfast & Brunch,eG4v2DkBe2cmzNg-ilCo9A,Breakfast & Brunch,29.9529679,-90.0662455,1056.100042,-389.864731,New Orleans,LA,4.0,26,0,1,,,false,false,full_bar,,divey,
dN7AMKUhwTa4Kk0bdMRPgA__cafes,dN7AMKUhwTa4Kk0bdMRPgA,Cafe Abyssinia,Cafes,dN7AMKUhwTa4Kk0bdMRPgA,Cafes,29.9226351,-90.0911594,-1344.101167,-3762.724740,New Orleans,LA,4.0,286,1,2,true,true,true,true,none,no,casual,"{""Monday"": ""11:0-21:15"", ""Tuesday"": ""11:0-21:15"", ""Thursday"": ""11:0-21:15"", ""Friday"": ""11:0-21:15"", ""Saturday"": ""11:0-21:15"", ""Sunday"": ""11:0-21:15""}"
e1WJ1qcgF2TBkoYzopeTgQ__seafood,e1WJ1qcgF2TBkoYzopeTgQ,Adolfo's,Seafood,e1WJ1qcgF2TBkoYzopeTgQ,Seafood,29.9638188,-90.0576629,1882.950716,816.700086,New Orleans,LA,4.0,863,1,2,true,true,true,false,full_bar,no,classy,"{""Thursday"": ""17:30-21:0"", ""Friday"": ""17:30-21:0"", ""Saturday"": ""17:30-21:0""}"
V92gwKxxoBkSjn0TkNXLSg__desserts,V92gwKxxoBkSjn0TkNXLSg,Tastebud Food Tours,Desserts,V92gwKxxoBkSjn0TkNXLSg,Desserts,29.9772120,-90.0788956,-162.607015,2305.958035,New Orleans,LA,4.5,64,1,,,,,,,,,"{""Monday"": ""9:0-17:0"", ""Tuesday"": ""9:0-17:0"", ""Wednesday"": ""9:0-17:0"", ""Thursday"": ""9:0-17:0"", ""Friday"": ""9:0-17:0"", ""Saturday"": ""9:0-17:0"", ""Sunday"": ""9:0-17:0""}"
jrGaVL6KIwYpwivse_eKXw__american_(traditional),jrGaVL6KIwYpwivse_eKXw,Mid-City Yacht Club,American (Traditional),jrGaVL6KIwYpwivse_eKXw,American (Traditional),29.9752441,-90.1097294,-3133.130647,2087.142418,New Orleans,LA,4.5,149,1,2,true,true,true,false,full_bar,free,casual|classy|divey,"{""Monday"": ""16:0-2:0"", ""Tuesday"": ""8:30-9:0"", ""Wednesday"": ""11:0-2:0"", ""Thursday"": ""11:0-2:0"", ""Friday"": ""11:0-2:30"", ""Saturday"": ""10:30-2:30"", ""Sunday"": ""11:0-2:0""}"
-fJPJP7iOd1ukDNqTSINIg__cafes,-fJPJP7iOd1ukDNqTSINIg,Riccobono’s Panola St. Cafe,Cafes,-fJPJP7iOd1ukDNqTSINIg,Cafes,29.9517993,-90.1204497,-4165.927858,-519.809181,New Orleans,LA,4.0,217,1,1,true,false,true,true,none,no,casual,"{""Monday"": ""8:0-14:0"", ""Tuesday"": ""8:0-14:0"", ""Wednesday"": ""8:0-14:0"", ""Thursday"": ""8:0-14:0"", ""Friday"": ""8:0-14:0"", ""Saturday"": ""8:0-14:0"", ""Sunday"": ""8:0-14:0""}"
UR9dzGGVfcJhHt_mG3bTRA__cajun_creole,UR9dzGGVfcJhHt_mG3bTRA,Marcello's Restaurant & Wine Bar,Cajun/Creole,UR9dzGGVfcJhHt_mG3bTRA,Cajun/Creole,29.9470710,-90.0715330,546.705666,-1045.572879,New Orleans,LA,4.5,396,0,2,true,false,true,false,full_bar,free,classy,"{""Monday"": ""0:0-0:0"", ""Tuesday"": ""17:0-22:0"", ""Wednesday"": ""11:30-22:0"", ""Thursday"": ""11:30-22:0"", ""Friday"": ""11:30-22:0"", ""Saturday"": ""17:0-22:0"", ""Sunday"": ""11:30-22:0""}"
vejJTcE2RRCUM5O8W50azA__fitness_and_instruction,vejJTcE2RRCUM5O8W50azA,Uncle Joe's Pilates Studio,Fitness & Instruction,vejJTcE2RRCUM5O8W50azA,Fitness & Instruction,29.9450525,-90.1346361,-5532.645241,-1270.020148,New Orleans,LA,5.0,10,1,,,,,true,,,,"{""Monday"": ""6:0-20:0"", ""Tuesday"": ""6:0-20:0"", ""Wednesday"": ""6:0-20:0"", ""Thursday"": ""6:0-20:0"", ""Friday"": ""6:0-17:0"", ""Saturday"": ""7:0-14:0""}"
H3CGcYrOufoF8gRDQYTMYA__cafes,H3CGcYrOufoF8gRDQYTMYA,Wow Cafe,Cafes,H3CGcYrOufoF8gRDQYTMYA,Cafes,29.9574504,-90.1870086,-10578.210441,108.565337,New Orleans,LA,2.5,15,0,,,,,,,,,
kouFQZiu6lK59nxRLP6LsA__pizza,kouFQZiu6lK59nxRLP6LsA,Reginelli's Pizzeria,Pizza,kouFQZiu6lK59nxRLP6LsA,Pizza,29.9498663,-90.0740562,303.620647,-734.749271,New Orleans,LA,4.0,281,1,2,true,true,true,true,beer_and_wine,no,casual,"{""Monday"": ""11:0-15:0"", ""Tuesday"": ""11:0-15:0"", ""Wednesday"": ""11:0-21:0"", ""Thursday"": ""11:0-21:0"", ""Friday"": ""11:0-21:0""}"
ZLrqw4KCwKyBlVqycUfNbg__cafes,ZLrqw4KCwKyBlVqycUfNbg,The Market Cafe,Cafes,ZLrqw4KCwKyBlVqycUfNbg,Cafes,29.9592236,-90.0604606,1613.420375,305.736453,New Orleans,LA,3.5,615,1,2,true,false,true,true,full_bar,free,casual|touristy,"{""Monday"": ""8:0-22:0"", ""Tuesday"": ""8:0-22:0"", ""Wednesday"": ""8:0-22:0"", ""Thursday"": ""8:0-22:0"", ""Friday"": ""8:0-22:0"", ""Saturday"": ""8:0-22:0"", ""Sunday"": ""8:0-22:0""}"
8FWAoGPBwRS3I7_FP7u-Mw__american_(traditional),8FWAoGPBwRS3I7_FP7u-Mw,Nola Caye,American (Traditional),8FWAoGPBwRS3I7_FP7u-Mw,American (Traditional),29.9450170,-90.0744800,262.791767,-1273.967574,New Orleans,LA,4.5,145,1,2,true,true,true,,full_bar,free,classy,"{""Monday"": ""11:0-22:0"", ""Tuesday"": ""11:0-22:0"", ""Wednesday"": ""11:0-22:0"", ""Thursday"": ""11:0-22:0"", ""Friday"": ""11:0-22:0"", ""Saturday"": ""10:0-22:0"", ""Sunday"": ""10:0-22:0""}"
FzHkziPh867xpgBxH3_IVQ__venues_and_event_spaces,FzHkziPh867xpgBxH3_IVQ,Seed,Venues & Event Spaces,FzHkziPh867xpgBxH3_IVQ,Venues & Event Spaces,29.9685778,-90.0523824,2391.673939,1345.877473,New Orleans,LA,4.0,38,0,,false,false,false,,none,free,,"{""Wednesday"": ""11:0-12:0""}"
i-SXPIrDRn53u7Hl1NVoPA__american_(traditional),i-SXPIrDRn53u7Hl1NVoPA,Carre Restaurant and Bar,American (Traditional),i-SXPIrDRn53u7Hl1NVoPA,American (Traditional),29.9535975,-90.0659362,1085.901223,-319.858188,New Orleans,LA,4.5,11,1,,true,true,false,,full_bar,free,,
EbfjNML2p_Gsr3tQWDEfaA__southern,EbfjNML2p_Gsr3tQWDEfaA,Kayla's Restaurant,Southern,EbfjNML2p_Gsr3tQWDEfaA,Southern,29.9675340,-90.0451900,3084.589556,1229.812048,New Orleans,LA,4.5,43,0,1,true,false,true,true,full_bar,,casual,"{""Monday"": ""9:0-14:0"", ""Tuesday"": ""9:0-14:0"", ""Wednesday"": ""9:0-14:0"", ""Thursday"": ""9:0-14:0"", ""Friday"": ""9:0-14:0"", ""Saturday"": ""9:0-14:0""}"
4boIRzKhzkSWXgyR4SXo4g__fitness_and_instruction,4boIRzKhzkSWXgyR4SXo4g,Snap Fitness 24-7,Fitness & Instruction,4boIRzKhzkSWXgyR4SXo4g,Fitness & Instruction,30.0047505,-90.1060041,-2774.239154,5368.103752,New Orleans,LA,3.0,11,1,,,,,false,,,,"{""Monday"": ""15:0-19:0"", ""Tuesday"": ""15:0-19:0"", ""Wednesday"": ""15:0-19:0"", ""Thursday"": ""15:0-19:0"", ""Friday"": ""10:0-14:0"", ""Saturday"": ""10:0-14:0""}"
PGd06nrseC2YAIqP6S9gUA__cafes,PGd06nrseC2YAIqP6S9gUA,Ruby Slipper Cafe,Cafes,PGd06nrseC2YAIqP6S9gUA,Cafes,29.9551902,-90.0717494,525.855152,-142.760007,New Orleans,LA,4.0,2159,1,2,true,false,true,true,full_bar,free,casual,"{""Monday"": ""0:0-0:0""}"
YWXhhuO7aJPAO11SBWDJKA__fitness_and_instruction,YWXhhuO7aJPAO11SBWDJKA,Free To Be Power Yoga,Fitness & Instruction,YWXhhuO7aJPAO11SBWDJKA,Fitness & Instruction,29.9183388,-90.0894470,-1179.130670,-4240.454876,New Orleans,LA,5.0,9,0,,,,,false,,,,"{""Monday"": ""18:0-19:0"", ""Tuesday"": ""18:0-19:0"", ""Wednesday"": ""18:0-19:0"", ""Thursday"": ""18:0-19:0"", ""Friday"": ""16:0-18:30"", ""Saturday"": ""9:0-13:0"", ""Sunday"": ""18:0-19:0""}"
3WU1ZobAqXQ07xYoKE2Vyg__southern,3WU1ZobAqXQ07xYoKE2Vyg,Daisy Dukes - French Quarter,Southern,3WU1ZobAqXQ07xYoKE2Vyg,Southern,29.9531433,-90.0677907,907.238744,-370.362993,New Orleans,LA,3.5,1437,1,2,true,true,false,true,full_bar,free,casual,"{""Monday"": ""7:0-14:0"", ""Tuesday"": ""7:0-14:0"", ""Wednesday"": ""7:0-14:0"", ""Thursday"": ""7:0-14:0"", ""Friday"": ""7:0-14:0"", ""Saturday"": ""7:0-14:0"", ""Sunday"": ""7:0-14:0""}"
21IkQYUsyfl8MWYy_wQxfw__fast_food,21IkQYUsyfl8MWYy_wQxfw,Jimmy John's,Fast Food,21IkQYUsyfl8MWYy_wQxfw,Fast Food,29.9522900,-90.0685640,832.739043,-465.245755,New Orleans,LA,2.5,18,1,1,true,true,false,true,,no,,"{""Monday"": ""10:30-22:0"", ""Tuesday"": ""10:30-22:0"", ""Wednesday"": ""10:30-22:0"", ""Thursday"": ""10:30-22:0"", ""Friday"": ""10:30-2:0"", ""Saturday"": ""10:30-2:0"", ""Sunday"": ""10:30-22:0""}"
y0CPKGHQBPH-maFgP5IFYg__sandwiches,y0CPKGHQBPH-maFgP5IFYg,Tracey's Original Irish Channel Bar,Sandwiches,y0CPKGHQBPH-maFgP5IFYg,Sandwiches,29.9269116,-90.0808455,-350.460327,-3287.198979,New Orleans,LA,3.0,397,1,2,true,false,true,false,full_bar,free,casual,"{""Monday"": ""11:0-0:0"", ""Tuesday"": ""11:0-0:0"", ""Wednesday"": ""11:0-0:0"", ""Thursday"": ""11:0-0:0"", ""Friday"": ""11:0-2:0"", ""Saturday"": ""11:0-2:0"", ""Sunday"": ""11:0-0:0""}"
vNUEotvnUX--fUfGWhivGQ__specialty_food,vNUEotvnUX--fUfGWhivGQ,Bevi Seafood,Specialty Food,vNUEotvnUX--fUfGWhivGQ,Specialty Food,29.9757657,-90.0987492,-2075.302289,2145.136590,New Orleans,LA,4.0,340,1,2,true,false,false,true,full_bar,no,casual,"{""Monday"": ""11:0-16:0"", ""Tuesday"": ""11:0-20:0"", ""Wednesday"": ""11:0-20:0"", ""Thursday"": ""11:0-20:0"", ""Friday"": ""11:0-20:0"", ""Saturday"": ""11:0-20:0"", ""Sunday"": ""11:0-16:0""}"
zD4zXTjTaUKtD3J_Zp8mWw__venues_and_event_spaces,zD4zXTjTaUKtD3J_Zp8mWw,Langlois,Venues & Event Spaces,zD4zXTjTaUKtD3J_Zp8mWw,Venues & Event Spaces,29.9675338,-90.0604512,1614.325740,1229.794012,New Orleans,LA,4.5,57,1,4,,,false,false,beer_and_wine,free,classy,"{""Monday"": ""0:0-0:0"", ""Tuesday"": ""10:0-18:0"", ""Wednesday"": ""10:0-18:0"", ""Thursday"": ""10:0-18:0"", ""Friday"": ""10:0-18:0"", ""Saturday"": ""10:0-17:0"", ""Sunday"": ""9:0-18:0""}"
6_OAIFxSk3YjNdRJv59Saw__venues_and_event_spaces,6_OAIFxSk3YjNdRJv59Saw,Sofia,Venues & Event Spaces,6_OAIFxSk3YjNdRJv59Saw,Venues & Event Spaces,29.9452607,-90.0697497,718.508738,-1246.869333,New Orleans,LA,4.5,251,1,2,true,true,true,true,full_bar,free,classy,"{""Tuesday"": ""17:0-22:0"", ""Wednesday"": ""17:0-22:0"", ""Thursday"": ""17:0-22:0"", ""Friday"": ""17:0-23:0"", ""Saturday"": ""11:0-23:0"", ""Sunday"": ""11:0-22:0""}"
TONaxyfHUq8ujm4binDPzA__burgers,TONaxyfHUq8ujm4binDPzA,Munch,Burgers,TONaxyfHUq8ujm4binDPzA,Burgers,29.9598019,-90.0673460,950.081130,370.040568,New Orleans,LA,3.5,8,0,1,true,true,false,false,,,,
keNKoW2SDNtFdeAGXPqwig__sandwiches,keNKoW2SDNtFdeAGXPqwig,Gusto Cuban Cafe,Sandwiches,keNKoW2SDNtFdeAGXPqwig,Sandwiches,29.9595769,-90.0770127,18.791519,345.021675,New Orleans,LA,4.0,5,1,,true,false,false,,,no,,"{""Monday"": ""11:0-15:0"", ""Tuesday"": ""11:0-15:0"", ""Wednesday"": ""11:0-15:0"", ""Thursday"": ""11:30-15:0"", ""Friday"": ""11:30-15:0""}"
yb9MIG_T7waBQIkcOtli2A__fitness_and_instruction,yb9MIG_T7waBQIkcOtli2A,Eduardo Yibrin,Fitness & Instruction,yb9MIG_T7waBQIkcOtli2A,Fitness & Instruction,29.9417950,-90.0792790,-199.543760,-1632.238122,New Orleans,LA,5.0,21,1,,,,,true,,free,,"{""Monday"": ""0:0-0:0"", ""Tuesday"": ""5:0-18:0"", ""Wednesday"": ""5:0-18:0"", ""Thursday"": ""5:0-18:0"", ""Friday"": ""5:0-13:0"", ""Saturday"": ""6:0-10:0""}"
wDxoeFTU69uc6eN2C57EZQ__pizza,wDxoeFTU69uc6eN2C57EZQ,G's Pizza,Pizza,wDxoeFTU69uc6eN2C57EZQ,Pizza,29.9447294,-90.0742570,284.275581,-1305.947279,New Orleans,LA,4.0,161,1,2,true,true,true,true,full_bar,free,casual,"{""Monday"": ""11:0-21:0"", ""Tuesday"": ""11:0-21:0"", ""Wednesday"": ""11:0-21:0"", ""Thursday"": ""11:0-21:0"", ""Friday"": ""11:0-2:0"", ""Saturday"": ""11:0-2:0"", ""Sunday"": ""11:0-21:0""}"
BFihjoRdU-jmdbvIEqEsxQ__burgers,BFihjoRdU-jmdbvIEqEsxQ,Phil's Grill,Burgers,BFihjoRdU-jmdbvIEqEsxQ,Burgers,29.9462152,-90.0700860,686.105261,-1140.729236,New Orleans,LA,4.5,87,0,2,true,true,false,true,full_bar,no,casual,"{""Monday"": ""11:0-16:0"", ""Tuesday"": ""11:0-21:0"", ""Wednesday"": ""11:0-21:0"", ""Thursday"": ""11:0-21:0"", ""Friday"": ""11:0-22:0"", ""Saturday"": ""11:0-22:0"", ""Sunday"": ""11:0-22:0""}"
-e03PAS1YpMAaxp86Hau7A__beer,-e03PAS1YpMAaxp86Hau7A,Martin Wine Cellar,Beer,-e03PAS1YpMAaxp86Hau7A,Beer,29.9222542,-90.0908374,-1313.079696,-3805.078946,New Orleans,LA,4.5,13,0,2,,,,,,,,
59I-SbhRE1wYzPQV0ZAdrg__burgers,59I-SbhRE1wYzPQV0ZAdrg,Sweet Things & Grill,Burgers,59I-SbhRE1wYzPQV0ZAdrg,Burgers,29.9563213,-90.0680419,883.034000,-16.980981,New Orleans,LA,3.0,45,0,1,true,false,false,true,,,casual,"{""Monday"": ""0:0-0:0"", ""Tuesday"": ""0:0-0:0"", ""Wednesday"": ""0:0-0:0"", ""Thursday"": ""0:0-0:0"", ""Saturday"": ""0:0-0:0"", ""Sunday"": ""0:0-0:0""}"
8OQlfitfdze2DAONRfd_yA__fitness_and_instruction,8OQlfitfdze2DAONRfd_yA,Dance Quarter,Fitness & Instruction,8OQlfitfdze2DAONRfd_yA,Fitness & Instruction,29.9302532,-90.0907406,-1303.753987,-2915.629499,New Orleans,LA,4.5,7,1,1,,,false,true,,,,
ldczA2r_LlKSfbrGxt3ThQ__coffee_and_tea,ldczA2r_LlKSfbrGxt3ThQ,PJ's Coffee,Coffee & Tea,ldczA2r_LlKSfbrGxt3ThQ,Coffee & Tea,29.9207632,-90.1159242,-3729.941313,-3970.870811,New Orleans,LA,3.5,38,1,1,true,true,true,,,free,,"{""Monday"": ""6:0-21:0"", ""Tuesday"": ""6:0-21:0"", ""Wednesday"": ""6:0-21:0"", ""Thursday"": ""6:0-21:0"", ""Friday"": ""6:0-21:0"", ""Saturday"": ""6:0-21:0"", ""Sunday"": ""6:0-21:0""}"
ykwIZ4GWkCh2MazOdY_NOA__southern,ykwIZ4GWkCh2MazOdY_NOA,Blake's On Poydras,Southern,ykwIZ4GWkCh2MazOdY_NOA,Southern,29.9500396,-90.0736890,338.996685,-715.479164,New Orleans,LA,3.5,69,0,2,true,true,false,true,full_bar,free,casual|intimate,"{""Wednesday"": ""16:0-21:0"", ""Thursday"": ""16:0-21:0"", ""Friday"": ""16:0-0:0"", ""Saturday"": ""9:0-0:0"", ""Sunday"": ""9:0-21:0""}"
eCikDKFbaeYVNdCD2beX0Q__american_(new),eCikDKFbaeYVNdCD2beX0Q,Dat Dog,American (New),eCikDKFbaeYVNdCD2beX0Q,American (New),29.9636871,-90.0576333,1885.802090,802.053236,New Orleans,LA,4.0,1038,1,1,true,true,true,true,full_bar,free,casual|classy,"{""Monday"": ""11:0-21:0"", ""Tuesday"": ""11:0-21:0"", ""Wednesday"": ""11:0-21:0"", ""Thursday"": ""11:0-21:0"", ""Friday"": ""11:0-22:0"", ""Saturday"": ""11:0-22:0"", ""Sunday"": ""11:0-21:0""}"
3fVYGQr_ldW2_1QlXJjpaQ__southern,3fVYGQr_ldW2_1QlXJjpaQ,The Bombay Club,Southern,3fVYGQr_ldW2_1QlXJjpaQ,Southern,29.9566884,-90.0684625,842.518755,23.832017,New Orleans,LA,4.0,510,1,2,true,false,true,false,full_bar,free,classy|intimate,"{""Monday"": ""12:0-0:0"", ""Tuesday"": ""12:0-0:0"", ""Wednesday"": ""16:0-0:0"", ""Thursday"": ""12:0-0:0"", ""Friday"": ""12:0-0:0"", ""Saturday"": ""12:0-0:0"", ""Sunday"": ""12:0-0:0""}"
EME5hqQLjBD7e2cLryupbA__southern,EME5hqQLjBD7e2cLryupbA,Mr Ed's Oyster Bar - Bienville,Southern,EME5hqQLjBD7e2cLryupbA,Southern,29.9537047,-90.0660154,1078.271097,-307.938075,New Orleans,LA,4.5,1306,1,2,true,,true,true,full_bar,no,casual|classy,"{""Monday"": ""0:0-0:0"", ""Tuesday"": ""11:0-21:0"", ""Wednesday"": ""11:0-21:0"", ""Thursday"": ""11:0-21:0"", ""Friday"": ""11:0-22:0"", ""Saturday"": ""11:0-22:0"", ""Sunday"": ""11:0-21:0""}"
idIDpVsHkk3TW8psWQW5Bg__fitness_and_instruction,idIDpVsHkk3TW8psWQW5Bg,Higher Power cycle yoga,Fitness & Instruction,idIDpVsHkk3TW8psWQW5Bg,Fitness & Instruction,29.9831353,-90.1048365,-2661.752602,2964.599853,New Orleans,LA,5.0,13,0,3,,,,false,,,,"{""Monday"": ""5:30-19:30"", ""Tuesday"": ""5:30-19:30"", ""Wednesday"": ""5:30-19:30"", ""Thursday"": ""5:30-19:30"", ""Friday"": ""5:30-19:30"", ""Saturday"": ""7:0-12:0"", ""Sunday"": ""7:0-12:0""}"
fFqiWGifimXWprqmQFLF2A__southern,fFqiWGifimXWprqmQFLF2A,The American Sector,Southern,fFqiWGifimXWprqmQFLF2A,Southern,29.9420538,-90.0705209,644.207402,-1603.464371,New Orleans,LA,3.5,259,0,2,true,false,true,true,full_bar,no,casual,"{""Monday"": ""11:0-21:0"", ""Tuesday"": ""11:0-21:0"", ""Wednesday"": ""11:0-21:0"", ""Thursday"": ""11:0-21:0"", ""Friday"": ""11:0-21:0"", ""Saturday"": ""11:0-21:0"", ""Sunday"": ""11:0-21:0""}"
UEPf0MGsw2mOlarskQX1Zg__burgers,UEPf0MGsw2mOlarskQX1Zg,Streetcar Poboys & Seafood,Burgers,UEPf0MGsw2mOlarskQX1Zg,Burgers,29.9379160,-90.0758264,133.079628,-2063.563838,New Orleans,LA,4.5,45,0,,true,,,,full_bar,free,,"{""Monday"": ""11:0-22:0"", ""Tuesday"": ""11:0-22:0"", ""Wednesday"": ""11:0-22:0"", ""Thursday"": ""11:0-22:0"", ""Friday"": ""11:0-22:0"", ""Saturday"": ""11:0-22:0"", ""Sunday"": ""11:0-22:0""}"
CtXv5uzc7L5yTkhjA5lJKA__seafood,CtXv5uzc7L5yTkhjA5lJKA,North Broad Seafood,Seafood,CtXv5uzc7L5yTkhjA5lJKA,Seafood,29.9838009,-90.0716782,532.720801,3038.609975,New Orleans,LA,4.5,21,1,1,true,true,false,true,,,,"{""Monday"": ""10:0-20:0"", ""Tuesday"": ""10:0-20:0"", ""Wednesday"": ""10:0-20:0"", ""Thursday"": ""10:0-20:0"", ""Friday"": ""10:0-20:0"", ""Saturday"": ""10:0-20:0"", ""Sunday"": ""10:0-20:0""}"
lo3zYtvPB6-iVok2C7HsGw__beer,lo3zYtvPB6-iVok2C7HsGw,Old New Orleans Rum,Beer,lo3zYtvPB6-iVok2C7HsGw,Beer,29.9865508,-90.0592500,1730.049546,3344.386650,New Orleans,LA,4.5,283,1,1,false,false,,false,,free,,"{""Monday"": ""9:0-17:0"", ""Friday"": ""9:0-17:0"", ""Saturday"": ""10:0-17:0""}"
7KZ4kSUEh9r2o9Zs2emA6w__desserts,7KZ4kSUEh9r2o9Zs2emA6w,Abbott's Frozen Custard,Desserts,7KZ4kSUEh9r2o9Zs2emA6w,Desserts,29.9569040,-90.0652380,1153.165791,47.808345,New Orleans,LA,4.5,18,1,,,,,,,,,"{""Monday"": ""0:0-0:0"", ""Wednesday"": ""12:0-20:0"", ""Thursday"": ""12:0-20:0"", ""Friday"": ""12:0-20:0"", ""Saturday"": ""12:0-20:0"", ""Sunday"": ""12:0-20:0""}"
PtRtq2TlrVg7hgjomdgQYA__desserts,PtRtq2TlrVg7hgjomdgQYA,Nola Cookie,Desserts,PtRtq2TlrVg7hgjomdgQYA,Desserts,29.9896875,-90.0638198,1289.795140,3693.172258,New Orleans,LA,4.5,20,1,,true,true,,,,,,"{""Monday"": ""16:0-23:0"", ""Tuesday"": ""16:0-23:0"", ""Wednesday"": ""16:0-23:0"", ""Thursday"": ""16:0-23:0"", ""Friday"": ""16:0-23:0"", ""Saturday"": ""12:0-23:0"", ""Sunday"": ""12:0-23:0""}"
srPwdMyFdHxvRkG9P_sRDA__breakfast_and_brunch,srPwdMyFdHxvRkG9P_sRDA,Booty's Street Food,Breakfast & Brunch,srPwdMyFdHxvRkG9P_sRDA,Breakfast & Brunch,29.9641870,-90.0435740,3240.274952,857.642114,New Orleans,LA,3.5,250,0,2,true,false,false,false,full_bar,free,hipster,"{""Monday"": ""9:0-23:0"", ""Tuesday"": ""9:0-23:0"", ""Wednesday"": ""9:0-23:0"", ""Thursday"": ""9:0-23:0"", ""Friday"": ""9:0-0:0"", ""Saturday"": ""9:0-0:0"", ""Sunday"": ""9:0-23:0""}"
yTJ2Ir6CMBzThLK5dmACvQ__cafes,yTJ2Ir6CMBzThLK5dmACvQ,Monkey Monkey Coffee and Tea,Cafes,yTJ2Ir6CMBzThLK5dmACvQ,Cafes,29.9736908,-90.1018458,-2373.630882,1914.422677,New Orleans,LA,4.5,155,1,1,true,false,true,true,none,free,casual,"{""Tuesday"": ""7:0-17:0"", ""Wednesday"": ""7:0-17:0"", ""Thursday"": ""7:0-17:0"", ""Friday"": ""7:0-17:0"", ""Saturday"": ""8:0-16:0"", ""Sunday"": ""8:0-16:0""}"
mG-JcnRZCAYfznkxhiClkA__southern,mG-JcnRZCAYfznkxhiClkA,Cafe Dauphine,Southern,mG-JcnRZCAYfznkxhiClkA,Southern,29.9590782,-90.0207512,5439.022872,289.568689,New Orleans,LA,4.5,153,1,2,true,true,false,true,full_bar,no,casual|classy,"{""Monday"": ""11:0-20:0"", ""Wednesday"": ""11:0-20:0"", ""Thursday"": ""11:0-20:0"", ""Friday"": ""11:0-21:0"", ""Saturday"": ""11:0-21:0"", ""Sunday"": ""11:0-17:0""}"
1hId-t2dmHYuhmlmW3UxdA__specialty_food,1hId-t2dmHYuhmlmW3UxdA,Smoothie King,Specialty Food,1hId-t2dmHYuhmlmW3UxdA,Specialty Food,30.0412000,-90.0002300,7416.034712,9421.108829,New Orleans,LA,3.5,12,1,1,true,true,,,,no,,"{""Monday"": ""0:0-0:0"", ""Tuesday"": ""7:0-21:0"", ""Wednesday"": ""7:0-19:0"", ""Thursday"": ""7:0-19:0"", ""Friday"": ""7:0-19:0"", ""Saturday"": ""9:0-20:0"", ""Sunday"": ""11:0-18:0""}"
Se9CEgJEVxcWax1fStWuQA__seafood,Se9CEgJEVxcWax1fStWuQA,The Half Shell On the Bayou,Seafood,Se9CEgJEVxcWax1fStWuQA,Seafood,29.9762915,-90.0763730,80.420200,2203.602963,New Orleans,LA,3.5,116,1,2,true,true,true,true,full_bar,free,casual,"{""Wednesday"": ""16:0-21:0"", ""Thursday"": ""16:0-21:0"", ""Friday"": ""16:0-22:0"", ""Saturday"": ""16:0-22:0""}"
gGf7dpWXL13f57CwTIvEkA__coffee_and_tea,gGf7dpWXL13f57CwTIvEkA,Nola Beans,Coffee & Tea,gGf7dpWXL13f57CwTIvEkA,Coffee & Tea,30.0042916,-90.1064270,-2814.981328,5317.076329,New Orleans,LA,3.5,71,1,1,true,,true,true,none,free,,"{""Monday"": ""7:0-20:0"", ""Tuesday"": ""7:0-20:0"", ""Wednesday"": ""7:0-20:0"", ""Thursday"": ""7:0-20:0"", ""Friday"": ""7:0-20:0"", ""Saturday"": ""7:0-20:0"", ""Sunday"": ""8:0-17:0""}"
Vz2RN55rTJBGn43K1v84nA__pizza,Vz2RN55rTJBGn43K1v84nA,Domenica,Pizza,Vz2RN55rTJBGn43K1v84nA,Pizza,29.9538790,-90.0716247,537.870857,-288.556773,New Orleans,LA,4.0,1906,1,3,true,true,,false,full_bar,no,classy|trendy,"{""Monday"": ""15:0-21:0"", ""Tuesday"": ""15:0-21:0"", ""Wednesday"": ""15:0-21:0"", ""Thursday"": ""12:0-21:0"", ""Friday"": ""12:0-21:0"", ""Saturday"": ""12:0-21:0"", ""Sunday"": ""12:0-21:0""}"
MCMGD5Ei1U5M5-xcyUbWVg__cajun_creole,MCMGD5Ei1U5M5-xcyUbWVg,Bayou Bar,Cajun/Creole,MCMGD5Ei1U5M5-xcyUbWVg,Cajun/Creole,29.9351203,-90.0798108,-250.777357,-2374.431924,New Orleans,LA,4.0,9,0,1,false,,false,false,full_bar,,intimate,"{""Monday"": ""17:0-0:0"", ""Tuesday"": ""17:0-0:0"", ""Wednesday"": ""17:0-0:0"", ""Thursday"": ""17:0-1:0"", ""Friday"": ""17:0-1:0"", ""Saturday"": ""17:0-1:0"", ""Sunday"": ""17:0-0:0""}"
Xjp2aV-s4peSgr7rKOftFQ__venues_and_event_spaces,Xjp2aV-s4peSgr7rKOftFQ,Bar Mon Cher,Venues & Event Spaces,Xjp2aV-s4peSgr7rKOftFQ,Venues & Event Spaces,29.9572046,-90.0672430,960.003800,81.236822,New Orleans,LA,4.5,56,0,2,true,false,true,false,full_bar,no,casual|classy|intimate,"{""Monday"": ""0:0-0:0"", ""Tuesday"": ""9:0-2:0"", ""Thursday"": ""14:0-3:0"", ""Friday"": ""14:0-4:0"", ""Saturday"": ""14:0-4:0"", ""Sunday"": ""13:0-2:0""}"
vNY4rpSSM0HFq8zz80UBFg__cajun_creole,vNY4rpSSM0HFq8zz80UBFg,Ray's On The Ave,Cajun/Creole,vNY4rpSSM0HFq8zz80UBFg,Cajun/Creole,29.9846310,-90.0711420,584.374595,3130.914335,New Orleans,LA,4.0,18,1,,true,true,false,,none,free,,"{""Monday"": ""0:0-0:0"", ""Tuesday"": ""16:0-22:0"", ""Wednesday"": ""16:0-22:0"", ""Thursday"": ""16:0-22:0"", ""Friday"": ""16:0-22:0"", ""Saturday"": ""16:0-22:0"", ""Sunday"": ""12:0-22:0""}"
UFTNjgf8vEIsOglJIClBqw__beer,UFTNjgf8vEIsOglJIClBqw,Robert Fresh Market,Beer,UFTNjgf8vEIsOglJIClBqw,Beer,29.9570745,-90.1206701,-4187.156371,66.765905,New Orleans,LA,3.0,78,1,3,true,true,,,,,,"{""Monday"": ""7:0-21:0"", ""Tuesday"": ""7:0-21:0"", ""Wednesday"": ""7:0-21:0"", ""Thursday"": ""7:0-21:0"", ""Friday"": ""7:0-21:0"", ""Saturday"": ""7:0-21:0"", ""Sunday"": ""7:0-21:0""}"
MPklzgZNnd5gdJfEeydciw__pizza,MPklzgZNnd5gdJfEeydciw,Kubi's Bar & Cafe,Pizza,MPklzgZNnd5gdJfEeydciw,Pizza,29.9508751,-90.0664801,1033.501912,-622.575674,New Orleans,LA,3.0,49,0,2,true,false,false,false,full_bar,free,,"{""Monday"": ""16:0-2:0"", ""Tuesday"": ""16:0-2:0"", ""Wednesday"": ""16:0-2:0"", ""Thursday"": ""16:0-2:0"", ""Friday"": ""11:0-4:0"", ""Saturday"": ""11:0-4:0"", ""Sunday"": ""11:0-4:0""}"
RloVMlIr8kP8Sn609loBTg__cocktail_bars,RloVMlIr8kP8Sn609loBTg,30/90 NOLA,Cocktail Bars,RloVMlIr8kP8Sn609loBTg,Cocktail Bars,29.9628663,-90.0578664,1863.346167,710.783836,New Orleans,LA,4.0,308,1,2,false,false,true,false,full_bar,no,casual|classy|trendy,"{""Monday"": ""16:0-2:0"", ""Tuesday"": ""16:0-2:0"", ""Wednesday"": ""16:0-2:0"", ""Thursday"": ""16:0-2:0"", ""Friday"": ""16:0-4:0"", ""Saturday"": ""15:0-4:0"", ""Sunday"": ""15:0-2:0""}"
V1aiJQjFYWWfLbuS58rfjw__southern,V1aiJQjFYWWfLbuS58rfjw,J'Anitas,Southern,V1aiJQjFYWWfLbuS58rfjw,Southern,29.9548090,-90.1048820,-2666.136071,-185.145348,New Orleans,LA,4.5,31,0,2,true,false,true,true,full_bar,,casual,"{""Monday"": ""11:0-1:0"", ""Tuesday"": ""11:0-1:0"", ""Wednesday"": ""11:0-1:0"", ""Thursday"": ""11:0-1:0"", ""Friday"": ""11:0-3:0"", ""Saturday"": ""11:0-3:0"", ""Sunday"": ""11:0-1:0""}"
stqWlKEgXweNQSsxOsHjVA__american_(traditional),stqWlKEgXweNQSsxOsHjVA,Mahony's Po-Boys & Seafood  - Uptown,American (Traditional),stqWlKEgXweNQSsxOsHjVA,American (Traditional),29.9225327,-90.0901437,-1246.246788,-3774.116187,New Orleans,LA,3.5,671,1,2,true,true,true,true,full_bar,free,casual,"{""Monday"": ""0:0-0:0"", ""Tuesday"": ""11:0-19:0"", ""Thursday"": ""11:0-19:0"", ""Friday"": ""11:0-19:0"", ""Saturday"": ""11:0-19:0"", ""Sunday"": ""11:0-19:0""}"
LO23N_AsEoptZ8QG8ZjkRQ__coffee_and_tea,LO23N_AsEoptZ8QG8ZjkRQ,Starbucks,Coffee & Tea,LO23N_AsEoptZ8QG8ZjkRQ,Coffee & Tea,29.9677120,-90.0564870,1996.236889,1249.604772,New Orleans,LA,3.0,10,1,,,,,,,free,,"{""Monday"": ""0:0-0:0"", ""Tuesday"": ""5:0-20:30"", ""Wednesday"": ""5:0-20:30"", ""Thursday"": ""5:0-20:30"", ""Friday"": ""5:0-20:30"", ""Saturday"": ""5:0-20:30"", ""Sunday"": ""5:0-20:30""}"
__bSsYCu2KDn8pb31Epgrg__specialty_food,__bSsYCu2KDn8pb31Epgrg,American Seafoods,Specialty Food,__bSsYCu2KDn8pb31Epgrg,Specialty Food,29.9889168,-90.0695855,734.327762,3607.474210,New Orleans,LA,5.0,5,1,2,,,,,,,,"{""Monday"": ""8:0-15:0"", ""Tuesday"": ""8:0-15:0"", ""Wednesday"": ""8:0-15:0"", ""Thursday"": ""8:0-15:0"", ""Friday"": ""8:0-16:0"", ""Saturday"": ""8:0-14:0""}"
Qmrw1chFGn3skbWFEyxYCQ__american_(new),Qmrw1chFGn3skbWFEyxYCQ,Dick & Jenny's,American (New),Qmrw1chFGn3skbWFEyxYCQ,American (New),29.9171335,-90.1024887,-2435.565615,-4374.475593,New Orleans,LA,4.0,353,0,3,true,false,true,false,full_bar,free,casual,
wBa-Abx8y5SLOqbohCA4nQ__coffee_and_tea,wBa-Abx8y5SLOqbohCA4nQ,New Orleans Famous Beignets And Coffee,Coffee & Tea,wBa-Abx8y5SLOqbohCA4nQ,Coffee & Tea,29.9562672,-90.0626983,1397.840419,-23.000682,New Orleans,LA,4.0,239,0,1,true,false,true,true,none,no,casual|touristy,"{""Monday"": ""8:0-20:0"", ""Tuesday"": ""8:0-20:0"", ""Wednesday"": ""8:0-20:0"", ""Thursday"": ""8:0-20:0"", ""Friday"": ""8:0-21:0"", ""Saturday"": ""8:0-21:0"", ""Sunday"": ""8:0-21:0""}"
2Z7oHhFWBGuzusEF3j2dsA__seafood,2Z7oHhFWBGuzusEF3j2dsA,Fiery Crab,Seafood,2Z7oHhFWBGuzusEF3j2dsA,Seafood,29.9538877,-90.0724138,461.849418,-287.589375,New Orleans,LA,3.5,64,1,2,true,,false,,,,classy,"{""Monday"": ""11:0-22:0"", ""Tuesday"": ""11:0-22:0"", ""Wednesday"": ""11:0-22:0"", ""Thursday"": ""11:0-22:0"", ""Friday"": ""11:0-23:0"", ""Saturday"": ""11:0-23:0"", ""Sunday"": ""11:0-22:0""}"
OWsEEVCKBBSfVbzY3lXd1Q__pizza,OWsEEVCKBBSfVbzY3lXd1Q,Cote Sud,Pizza,OWsEEVCKBBSfVbzY3lXd1Q,Pizza,29.9433389,-90.1316021,-5240.349765,-1460.564038,New Orleans,LA,4.0,57,1,3,true,false,true,false,full_bar,no,intimate,"{""Monday"": ""17:30-22:0"", ""Tuesday"": ""17:30-22:0"", ""Wednesday"": ""17:30-22:0"", ""Thursday"": ""17:30-22:0"", ""Friday"": ""17:30-23:0"", ""Saturday"": ""17:30-23:0"", ""Sunday"": ""18:0-22:0""}"
fTVK2JgWb93WMj_2Z9VnYQ__fitness_and_instruction,fTVK2JgWb93WMj_2Z9VnYQ,Prime Fitness RX,Fitness & Instruction,fTVK2JgWb93WMj_2Z9VnYQ,Fitness & Instruction,29.9527323,-90.0798495,-254.510329,-416.059101,New Orleans,LA,4.5,32,1,,,,,true,,free,,"{""Monday"": ""10:0-15:0"", ""Tuesday"": ""0:0-0:0"", ""Wednesday"": ""0:0-0:0"", ""Thursday"": ""0:0-0:0"", ""Friday"": ""0:0-0:0"", ""Saturday"": ""0:0-0:0"", ""Sunday"": ""0:0-0:0""}"
2px6TBM430hX0T49rm95yQ__cocktail_bars,2px6TBM430hX0T49rm95yQ,Felipe's Mexican Taqueria - Mid City,Cocktail Bars,2px6TBM430hX0T49rm95yQ,Cocktail Bars,29.9776530,-90.0983930,-2040.985991,2354.995065,New Orleans,LA,3.5,298,1,1,true,true,true,true,full_bar,free,casual,"{""Monday"": ""0:0-0:0"", ""Tuesday"": ""11:0-23:0"", ""Wednesday"": ""11:0-23:0"", ""Thursday"": ""11:0-16:0"", ""Friday"": ""11:0-0:0"", ""Saturday"": ""11:0-0:0"", ""Sunday"": ""11:0-23:0""}"
I2YZuyG1KjiTbtwfNFHaOQ__cocktail_bars,I2YZuyG1KjiTbtwfNFHaOQ,Tahyo Tavern,Cocktail Bars,I2YZuyG1KjiTbtwfNFHaOQ,Cocktail Bars,29.9605120,-90.0591861,1736.205670,449.000195,New Orleans,LA,4.5,156,0,1,true,false,true,false,full_bar,free,casual|divey,"{""Monday"": ""0:0-0:0"", ""Tuesday"": ""11:0-22:0"", ""Wednesday"": ""11:0-22:0"", ""Thursday"": ""11:0-22:0"", ""Friday"": ""11:0-23:0"", ""Saturday"": ""11:0-23:0"", ""Sunday"": ""11:0-22:0""}"
dA3gSTHqKDWU_OAW98wOmA__american_(new),dA3gSTHqKDWU_OAW98wOmA,Isis Restaurant & Bar,American (New),dA3gSTHqKDWU_OAW98wOmA,American (New),29.9521040,-90.0720870,493.328552,-485.930197,New Orleans,LA,3.0,13,0,1,true,true,false,true,full_bar,free,casual,"{""Monday"": ""7:30-19:0"", ""Tuesday"": ""7:30-19:0"", ""Wednesday"": ""7:30-19:0"", ""Thursday"": ""7:30-19:0"", ""Friday"": ""7:30-19:0"", ""Saturday"": ""7:30-19:0""}"
OI2J5UsaCSD1xFnY0psJ2w__beer,OI2J5UsaCSD1xFnY0psJ2w,Victory,Beer,OI2J5UsaCSD1xFnY0psJ2w,Beer,29.9515158,-90.0729065,414.382714,-551.332986,New Orleans,LA,4.0,284,1,2,true,false,true,false,full_bar,free,classy|trendy,"{""Monday"": ""0:0-0:0"", ""Tuesday"": ""16:30-0:0"", ""Wednesday"": ""16:30-0:0"", ""Thursday"": ""16:30-0:0"", ""Friday"": ""16:30-2:0"", ""Saturday"": ""16:30-2:0"", ""Sunday"": ""16:30-0:0""}"
MNwTcsnjhe22ShOLYbxm2A__coffee_and_tea,MNwTcsnjhe22ShOLYbxm2A,CC's Coffee House,Coffee & Tea,MNwTcsnjhe22ShOLYbxm2A,Coffee & Tea,29.9777579,-90.0810263,-367.878594,2366.659429,New Orleans,LA,3.5,60,1,1,true,,true,,,free,,"{""Monday"": ""6:0-21:0"", ""Tuesday"": ""6:0-21:0"", ""Wednesday"": ""6:0-21:0"", ""Thursday"": ""6:0-21:0"", ""Friday"": ""6:0-21:0"", ""Saturday"": ""6:0-21:0"", ""Sunday"": ""7:0-21:0""}"
2781BMa4Bl3YFzsZodTcFg__southern,2781BMa4Bl3YFzsZodTcFg,Holiday Street Car Restaurant,Southern,2781BMa4Bl3YFzsZodTcFg,Southern,29.9529376,-90.0750052,212.194014,-393.235821,New Orleans,LA,3.0,14,1,2,true,true,false,true,full_bar,no,,"{""Monday"": ""6:30-22:0"", ""Tuesday"": ""6:30-22:0"", ""Wednesday"": ""6:30-22:0"", ""Thursday"": ""6:30-22:0"", ""Friday"": ""6:30-22:0"", ""Saturday"": ""6:30-22:0"", ""Sunday"": ""6:30-22:0""}"
a0jSWZ8xRTffHVF1IldNqQ__american_(new),a0jSWZ8xRTffHVF1IldNqQ,Faubourg Bistro,American (New),a0jSWZ8xRTffHVF1IldNqQ,American (New),29.9411124,-90.1285415,-4945.493024,-1708.140607,New Orleans,LA,4.5,30,0,2,true,,false,,full_bar,free,,"{""Monday"": ""0:0-0:0""}"
c3gwn7_ukRwGGIghHLi-UA__breakfast_and_brunch,c3gwn7_ukRwGGIghHLi-UA,Toast,Breakfast & Brunch,c3gwn7_ukRwGGIghHLi-UA,Breakfast & Brunch,29.9864029,-90.0763705,80.665067,3327.937662,New Orleans,LA,4.5,554,1,2,,,true,true,full_bar,free,casual,"{""Monday"": ""6:30-14:0"", ""Tuesday"": ""6:30-14:0"", ""Wednesday"": ""6:30-14:0"", ""Thursday"": ""6:30-14:0"", ""Friday"": ""6:30-14:0"", ""Saturday"": ""8:0-14:0"", ""Sunday"": ""8:0-14:0""}"
clE3s0AJjGh9c3r08xpsCQ__specialty_food,clE3s0AJjGh9c3r08xpsCQ,Crescent City Farmers Market: Tuesday Market,Specialty Food,clE3s0AJjGh9c3r08xpsCQ,Specialty Food,29.9313553,-90.1329857,-5373.645751,-2793.081401,New Orleans,LA,4.0,18,1,2,false,,,,,,,"{""Tuesday"": ""8:0-12:0""}"
0KTwW1eC1YAjR-zDr8w4jA__burgers,0KTwW1eC1YAjR-zDr8w4jA,New Orleans Hamburger & Seafood Co,Burgers,0KTwW1eC1YAjR-zDr8w4jA,Burgers,29.9268988,-90.0996134,-2158.559293,-3288.622276,New Orleans,LA,3.5,233,1,2,true,true,true,true,full_bar,free,casual,"{""Monday"": ""11:0-20:0"", ""Tuesday"": ""11:0-20:0"", ""Wednesday"": ""11:0-20:0"", ""Thursday"": ""11:0-20:0"", ""Friday"": ""11:0-20:0"", ""Saturday"": ""11:0-20:0"", ""Sunday"": ""11:0-20:0""}"
kxAQbjFxKmithy_y6w9tYw__cocktail_bars,kxAQbjFxKmithy_y6w9tYw,Fat Tuesday,Cocktail Bars,kxAQbjFxKmithy_y6w9tYw,Cocktail Bars,29.9438688,-90.0622092,1444.958951,-1401.636850,New Orleans,LA,4.0,18,1,1,,,,,,free,touristy,"{""Monday"": ""0:0-0:0"", ""Tuesday"": ""10:0-19:0"", ""Wednesday"": ""10:0-19:0"", ""Thursday"": ""10:0-19:0"", ""Friday"": ""10:0-19:0"", ""Saturday"": ""10:0-19:0"", ""Sunday"": ""11:0-19:0""}"
oe-iacnzvyHV8zxaNqCf7A__southern,oe-iacnzvyHV8zxaNqCf7A,Coterie Restaurant & Oyster Bar,Southern,oe-iacnzvyHV8zxaNqCf7A,Southern,29.9527700,-90.0664430,1037.076125,-411.872117,New Orleans,LA,4.0,718,1,2,true,true,,true,full_bar,free,casual|classy|trendy,"{""Monday"": ""8:0-21:0"", ""Tuesday"": ""8:0-21:0"", ""Wednesday"": ""8:0-21:0"", ""Thursday"": ""8:0-21:0"", ""Friday"": ""9:0-21:0"", ""Saturday"": ""9:0-21:0"", ""Sunday"": ""9:0-21:0""}"
3vkOyLZ4gJvwpJscdwUYaA__fitness_and_instruction,3vkOyLZ4gJvwpJscdwUYaA,Crescent City Aerial Arts,Fitness & Instruction,3vkOyLZ4gJvwpJscdwUYaA,Fitness & Instruction,29.9596361,-90.1019634,-2384.954336,351.608305,New Orleans,LA,4.5,8,1,,,,,true,,,,"{""Tuesday"": ""9:0-17:0"", ""Wednesday"": ""9:0-17:0"", ""Thursday"": ""9:0-17:0"", ""Friday"": ""9:0-17:0"", ""Saturday"": ""9:0-17:0""}"
atU0QpfYPoVrzb-xR2mEew__fast_food,atU0QpfYPoVrzb-xR2mEew,Krispy Krunchy Chicken,Fast Food,atU0QpfYPoVrzb-xR2mEew,Fast Food,29.9926869,-90.1710176,-9037.642453,4026.694496,New Orleans,LA,2.0,5,1,,true,true,,,,,,
k82r04xQpJ7u9Db_aHRJpQ__american_(traditional),k82r04xQpJ7u9Db_aHRJpQ,Tastee Restaurant,American (Traditional),k82r04xQpJ7u9Db_aHRJpQ,American (Traditional),30.0047455,-90.1035723,-2539.959609,5367.547776,New Orleans,LA,3.0,46,1,1,true,false,true,true,none,,classy,
54b_ZM23HJhw7L1_D-nRkw__cocktail_bars,54b_ZM23HJhw7L1_D-nRkw,Barrel Proof,Cocktail Bars,54b_ZM23HJhw7L1_D-nRkw,Cocktail Bars,29.9393035,-90.0710160,596.513431,-1909.280665,New Orleans,LA,4.0,197,1,2,,,true,,full_bar,free,casual|classy|hipster|intimate|trendy,"{""Monday"": ""0:0-0:0"", ""Tuesday"": ""16:0-0:0"", ""Wednesday"": ""16:0-0:0"", ""Thursday"": ""16:0-0:0"", ""Friday"": ""16:0-1:0"", ""Saturday"": ""16:0-1:0"", ""Sunday"": ""16:0-0:0""}"
BEjrdO987753vuC2_-JDVw__sandwiches,BEjrdO987753vuC2_-JDVw,Roly Poly,Sandwiches,BEjrdO987753vuC2_-JDVw,Sandwiches,29.9503038,-90.0713499,564.345515,-686.101423,New Orleans,LA,3.0,10,1,2,true,true,false,true,none,free,,"{""Monday"": ""10:0-16:0"", ""Tuesday"": ""10:0-16:0"", ""Wednesday"": ""10:0-16:0"", ""Thursday"": ""10:0-16:0"", ""Friday"": ""10:0-16:0""}"
sDWxKuzKcDv_sOQzhNSGzg__fitness_and_instruction,sDWxKuzKcDv_sOQzhNSGzg,Yoga In Motion,Fitness & Instruction,sDWxKuzKcDv_sOQzhNSGzg,Fitness & Instruction,29.9467780,-90.0743860,271.847725,-1078.153037,New Orleans,LA,4.0,5,0,,,,,true,,,,
aklDnLm1843Lvr1cF0iaig__desserts,aklDnLm1843Lvr1cF0iaig,Kilwins,Desserts,aklDnLm1843Lvr1cF0iaig,Desserts,29.9559253,-90.0629624,1372.397032,-61.018280,New Orleans,LA,4.5,149,1,2,true,true,,true,,no,,"{""Monday"": ""10:0-21:0"", ""Tuesday"": ""10:0-21:0"", ""Wednesday"": ""10:0-21:0"", ""Thursday"": ""10:0-21:0"", ""Friday"": ""10:0-21:0"", ""Saturday"": ""10:0-21:0"", ""Sunday"": ""10:0-21:0""}"
f2xAMaXtrELwiyyIDpaQ-w__sandwiches,f2xAMaXtrELwiyyIDpaQ-w,McAlister's Deli,Sandwiches,f2xAMaXtrELwiyyIDpaQ-w,Sandwiches,29.9158814,-90.1156645,-3704.920011,-4513.701163,New Orleans,LA,2.5,42,0,1,true,false,false,true,none,no,casual,"{""Monday"": ""10:30-21:0"", ""Tuesday"": ""10:30-21:0"", ""Wednesday"": ""10:30-21:0"", ""Thursday"": ""10:30-21:0"", ""Friday"": ""10:30-21:0"", ""Saturday"": ""10:30-21:0"", ""Sunday"": ""10:30-21:0""}"
ytY1d6GAmOiuSNLeUw0DTw__burgers,ytY1d6GAmOiuSNLeUw0DTw,Buds Broiler,Burgers,ytY1d6GAmOiuSNLeUw0DTw,Burgers,29.9473994,-90.1129356,-3442.019672,-1009.056414,New Orleans,LA,3.0,39,0,1,true,false,true,true,beer_and_wine,no,casual,"{""Monday"": ""11:0-21:0"", ""Tuesday"": ""11:0-21:0"", ""Wednesday"": ""11:0-21:0"", ""Thursday"": ""11:0-21:0"", ""Friday"": ""11:0-21:0"", ""Saturday"": ""11:0-21:0"", ""Sunday"": ""11:0-20:30""}"
24f-qQokEN2UvBNHMWLm3A__venues_and_event_spaces,24f-qQokEN2UvBNHMWLm3A,Antoine's Restaurant,Venues & Event Spaces,24f-qQokEN2UvBNHMWLm3A,Venues & Event Spaces,29.9567368,-90.0663924,1041.950927,29.216528,New Orleans,LA,3.5,1460,1,3,false,false,false,false,full_bar,free,classy,"{""Monday"": ""0:0-0:0"", ""Tuesday"": ""17:30-21:0"", ""Wednesday"": ""17:30-21:0"", ""Thursday"": ""17:30-21:0"", ""Friday"": ""17:30-21:0"", ""Saturday"": ""17:30-21:0"", ""Sunday"": ""11:0-14:0""}"
bDAYnPCamnB3bsJyhvhlqQ__art_galleries,bDAYnPCamnB3bsJyhvhlqQ,Swamp Dog and Friends,Art Galleries,bDAYnPCamnB3bsJyhvhlqQ,Art Galleries,29.9595049,-90.0635735,1313.523675,337.015629,New Orleans,LA,4.5,8,0,2,,,,true,,,,"{""Monday"": ""9:0-22:0"", ""Tuesday"": ""9:0-22:0"", ""Wednesday"": ""9:0-22:0"", ""Thursday"": ""9:0-22:0"", ""Friday"": ""9:0-22:0"", ""Saturday"": ""9:0-22:0"", ""Sunday"": ""9:0-22:0""}"
GoGss2SqsUPwP0xcI9IUuw__coffee_and_tea,GoGss2SqsUPwP0xcI9IUuw,Spitfire Coffee,Coffee & Tea,GoGss2SqsUPwP0xcI9IUuw,Coffee & Tea,29.9579700,-90.0644420,1229.852409,166.342301,New Orleans,LA,4.5,610,1,2,true,false,,false,none,free,,"{""Monday"": ""8:0-20:0"", ""Tuesday"": ""8:0-20:0"", ""Wednesday"": ""8:0-20:0"", ""Thursday"": ""8:0-20:0"", ""Friday"": ""8:0-20:0"", ""Saturday"": ""8:0-20:0"", ""Sunday"": ""8:0-20:0""}"
YqjGRqPL0roLE5EO6nf3UA__seafood,YqjGRqPL0roLE5EO6nf3UA,Galvez Restaurant,Seafood,YqjGRqPL0roLE5EO6nf3UA,Seafood,29.9582230,-90.0606619,1594.026956,194.478314,New Orleans,LA,3.5,96,0,2,true,false,true,false,full_bar,free,romantic,"{""Tuesday"": ""17:0-22:0"", ""Wednesday"": ""17:0-22:0"", ""Thursday"": ""17:0-22:0"", ""Friday"": ""17:0-22:0"", ""Saturday"": ""17:0-22:0"", ""Sunday"": ""17:0-22:0""}"
_3Cv3TGUPMgnq7aADi13Wg__cafes,_3Cv3TGUPMgnq7aADi13Wg,WOW Café,Cafes,_3Cv3TGUPMgnq7aADi13Wg,Cafes,29.9761000,-90.0995260,-2150.139179,2182.309105,New Orleans,LA,2.0,24,0,2,true,false,false,true,full_bar,no,,
8BhNur6_XKLjCDvbhX2CNg__seafood,8BhNur6_XKLjCDvbhX2CNg,The Old Coffee Pot Restaurant,Seafood,8BhNur6_XKLjCDvbhX2CNg,Seafood,29.9581581,-90.0651605,1160.632139,187.258095,New Orleans,LA,3.5,735,0,2,true,true,true,true,full_bar,no,casual,"{""Monday"": ""8:0-21:0"", ""Tuesday"": ""8:0-14:0"", ""Wednesday"": ""8:0-14:0"", ""Thursday"": ""17:0-21:0"", ""Friday"": ""8:0-21:0"", ""Saturday"": ""8:0-21:0"", ""Sunday"": ""8:0-21:0""}"
YazC5kqwscVNn2kE7s6A4g__specialty_food,YazC5kqwscVNn2kE7s6A4g,F&F Botanica,Specialty Food,YazC5kqwscVNn2kE7s6A4g,Specialty Food,29.9715599,-90.0825218,-511.955022,1677.472322,New Orleans,LA,5.0,25,0,1,,,,,,,,"{""Monday"": ""0:0-0:0"", ""Tuesday"": ""8:0-17:0"", ""Thursday"": ""8:0-17:0"", ""Friday"": ""8:0-17:0"", ""Saturday"": ""8:0-17:0""}"
3kww56KySEPEj23XbpWrVA__specialty_food,3kww56KySEPEj23XbpWrVA,Koreole,Specialty Food,3kww56KySEPEj23XbpWrVA,Specialty Food,29.9686763,-90.0478611,2827.257157,1356.835592,New Orleans,LA,4.0,17,0,2,true,false,true,false,none,,,"{""Tuesday"": ""18:0-20:30"", ""Wednesday"": ""18:0-20:30"", ""Thursday"": ""18:0-20:30""}"
m6X_EoCd8wZFm2dxC5JcOQ__cajun_creole,m6X_EoCd8wZFm2dxC5JcOQ,Cypress Knee Cafe at Audubon Nature Institute,Cajun/Creole,m6X_EoCd8wZFm2dxC5JcOQ,Cajun/Creole,29.9220600,-90.1304340,-5127.815044,-3826.673031,New Orleans,LA,3.0,7,1,2,true,false,true,true,beer_and_wine,,,
UXULM1Q0Qh5GK8_pIP4plQ__beer,UXULM1Q0Qh5GK8_pIP4plQ,Dat's Grocery,Beer,UXULM1Q0Qh5GK8_pIP4plQ,Beer,29.9322689,-90.0727848,426.107288,-2691.493576,New Orleans,LA,3.5,11,0,1,true,,,,,,,
R7ZqfB-4Z7jyl73iQ58nEQ__cafes,R7ZqfB-4Z7jyl73iQ58nEQ,GG's Dine-O-Rama,Cafes,R7ZqfB-4Z7jyl73iQ58nEQ,Cafes,29.9243290,-90.0854730,-796.273548,-3574.371393,New Orleans,LA,4.0,204,0,2,true,true,true,true,none,free,casual,"{""Monday"": ""9:0-15:0"", ""Tuesday"": ""9:0-15:0"", ""Thursday"": ""9:0-15:0"", ""Friday"": ""8:0-15:0"", ""Saturday"": ""8:0-15:0"", ""Sunday"": ""8:0-15:0""}"
MtzzWMHEPQERkaNAd13eYQ__burgers,MtzzWMHEPQERkaNAd13eYQ,Junction,Burgers,MtzzWMHEPQERkaNAd13eYQ,Burgers,29.9681242,-90.0453847,3065.832164,1295.439384,New Orleans,LA,3.5,184,1,2,true,false,true,false,full_bar,free,casual,"{""Monday"": ""11:0-2:0"", ""Tuesday"": ""11:0-2:0"", ""Wednesday"": ""11:0-2:0"", ""Thursday"": ""11:0-2:0"", ""Friday"": ""11:0-2:0"", ""Saturday"": ""11:0-2:0"", ""Sunday"": ""11:0-2:0""}"
ZoaSQGz0_yEf9wTXMd2f_w__sandwiches,ZoaSQGz0_yEf9wTXMd2f_w,Bubby's Sandwiches,Sandwiches,ZoaSQGz0_yEf9wTXMd2f_w,Sandwiches,29.9520862,-90.0489639,2721.012135,-487.907312,New Orleans,LA,3.5,11,0,1,true,true,false,false,none,no,,"{""Tuesday"": ""11:0-19:0"", ""Wednesday"": ""11:0-19:0"", ""Thursday"": ""11:0-19:0"", ""Friday"": ""11:0-19:0"", ""Saturday"": ""11:0-19:0""}"
4PY2rKHXo7DsRdHvJNwAvA__coffee_and_tea,4PY2rKHXo7DsRdHvJNwAvA,Church Alley Coffee,Coffee & Tea,4PY2rKHXo7DsRdHvJNwAvA,Coffee & Tea,29.9427315,-90.0777395,-51.225453,-1528.103618,New Orleans,LA,4.5,24,0,1,,,true,,,free,,"{""Monday"": ""8:0-15:30"", ""Tuesday"": ""8:0-17:0"", ""Wednesday"": ""8:0-17:0"", ""Thursday"": ""8:0-17:0"", ""Friday"": ""8:0-17:0"", ""Saturday"": ""9:0-17:0"", ""Sunday"": ""10:0-16:0""}"
UW-HlMeaY7a9UfspWodQuQ__art_galleries,UW-HlMeaY7a9UfspWodQuQ,Rabbit Ears,Art Galleries,UW-HlMeaY7a9UfspWodQuQ,Art Galleries,29.9484674,-90.1310796,-5190.008228,-890.303282,New Orleans,LA,3.5,6,1,2,,,,,,free,,"{""Thursday"": ""12:0-17:30"", ""Friday"": ""12:0-17:30"", ""Saturday"": ""12:0-17:30""}"
9aGEniF1pk3en022yvyAAw__fast_food,9aGEniF1pk3en022yvyAAw,Taco Bell,Fast Food,9aGEniF1pk3en022yvyAAw,Fast Food,29.9198050,-90.0125210,6231.920112,-4077.417936,New Orleans,LA,2.5,18,1,1,true,true,false,true,none,free,,"{""Monday"": ""8:0-3:0"", ""Tuesday"": ""8:0-3:0"", ""Wednesday"": ""8:0-3:0"", ""Thursday"": ""8:0-3:0"", ""Friday"": ""8:0-3:0"", ""Saturday"": ""8:0-3:0"", ""Sunday"": ""8:0-3:0""}"
1bG56xTahLSU2iP1UQDblQ__venues_and_event_spaces,1bG56xTahLSU2iP1UQDblQ,The Revolution,Venues & Event Spaces,1bG56xTahLSU2iP1UQDblQ,Venues & Event Spaces,29.9415288,-90.0784180,-116.595044,-1661.838252,New Orleans,LA,4.0,16,1,2,,,true,,full_bar,free,,"{""Friday"": ""16:0-2:0"", ""Saturday"": ""21:0-2:0"", ""Sunday"": ""14:0-21:0""}"
CMdpVKl2qgFBJyZV0BnKSQ__seafood,CMdpVKl2qgFBJyZV0BnKSQ,Captain Sal's Seafood,Seafood,CMdpVKl2qgFBJyZV0BnKSQ,Seafood,29.9299010,-90.0926300,-1485.778730,-2954.792406,New Orleans,LA,3.0,14,0,1,true,false,false,true,none,,,"{""Monday"": ""10:0-20:0"", ""Tuesday"": ""10:0-20:0"", ""Wednesday"": ""10:0-20:0"", ""Thursday"": ""10:0-20:0"", ""Friday"": ""10:0-20:0"", ""Saturday"": ""10:0-21:0"", ""Sunday"": ""10:0-21:0""}"
wBKUW6-fveoQ5OulZCIYjg__specialty_food,wBKUW6-fveoQ5OulZCIYjg,House of Pepper,Specialty Food,wBKUW6-fveoQ5OulZCIYjg,Specialty Food,29.9582684,-90.0615654,1506.980399,199.526638,New Orleans,LA,4.5,20,1,2,true,,,,,,,
c0spCFxpXFZMNQD8kkMuiQ__pizza,c0spCFxpXFZMNQD8kkMuiQ,Pizza Nola,Pizza,c0spCFxpXFZMNQD8kkMuiQ,Pizza,30.0058545,-90.1169482,-3828.593445,5490.863120,New Orleans,LA,3.5,88,0,2,true,true,true,true,beer_and_wine,no,casual,"{""Monday"": ""0:0-0:0"", ""Tuesday"": ""11:0-21:0"", ""Wednesday"": ""11:0-21:0"", ""Thursday"": ""11:0-22:0"", ""Friday"": ""11:0-22:0"", ""Saturday"": ""11:0-22:0"", ""Sunday"": ""11:0-22:0""}"
Ggy_q0lQcwBzZksqIae4fg__cocktail_bars,Ggy_q0lQcwBzZksqIae4fg,Le Phare,Cocktail Bars,Ggy_q0lQcwBzZksqIae4fg,Cocktail Bars,29.9508211,-90.0682770,860.388615,-628.580208,New Orleans,LA,3.5,15,0,2,,,false,false,full_bar,,trendy,"{""Monday"": ""10:0-0:0"", ""Tuesday"": ""10:0-0:0"", ""Wednesday"": ""10:0-0:0"", ""Thursday"": ""10:0-3:0"", ""Friday"": ""10:0-3:0"", ""Saturday"": ""10:0-3:0"", ""Sunday"": ""10:0-0:0""}"
FlGl5Gv0uxrxBQRKLSsKVQ__pizza,FlGl5Gv0uxrxBQRKLSsKVQ,Uptown Sports Bar and Grill,Pizza,FlGl5Gv0uxrxBQRKLSsKVQ,Pizza,29.9260710,-90.0940310,-1620.751032,-3380.669564,New Orleans,LA,3.0,30,0,2,true,true,true,false,full_bar,free,,"{""Monday"": ""11:0-23:0"", ""Tuesday"": ""11:0-23:0"", ""Wednesday"": ""11:0-23:0"", ""Thursday"": ""11:0-23:0"", ""Friday"": ""11:0-23:0"", ""Saturday"": ""11:0-23:0"", ""Sunday"": ""11:0-23:0""}"
yImIxNT7GAFzFgegPp0skQ__art_galleries,yImIxNT7GAFzFgegPp0skQ,Jonathan Ferrara Gallery,Art Galleries,yImIxNT7GAFzFgegPp0skQ,Art Galleries,29.9449375,-90.0677296,913.125116,-1282.807582,New Orleans,LA,4.5,5,1,,,,,false,,,,"{""Monday"": ""0:0-0:0"", ""Tuesday"": ""10:0-17:0"", ""Wednesday"": ""10:0-17:0"", ""Thursday"": ""10:0-17:0"", ""Friday"": ""10:0-17:0"", ""Saturday"": ""10:0-17:0""}"
ZDV6ocQSe6dkMt-u011xcQ__breakfast_and_brunch,ZDV6ocQSe6dkMt-u011xcQ,Eat New Orleans,Breakfast & Brunch,ZDV6ocQSe6dkMt-u011xcQ,Breakfast & Brunch,29.9608254,-90.0652429,1152.693725,483.848733,New Orleans,LA,4.0,896,0,2,true,false,false,true,none,no,casual|classy,"{""Thursday"": ""14:0-18:0"", ""Friday"": ""14:0-18:0"", ""Saturday"": ""9:0-14:0"", ""Sunday"": ""9:0-14:0""}"
rjnjqqwMLbEGs5m16u2cGA__sandwiches,rjnjqqwMLbEGs5m16u2cGA,Milk Bar,Sandwiches,rjnjqqwMLbEGs5m16u2cGA,Sandwiches,29.9268149,-90.0921295,-1437.560574,-3297.951544,New Orleans,LA,4.5,201,0,1,true,false,true,true,none,no,casual,"{""Monday"": ""8:0-21:0"", ""Tuesday"": ""8:0-21:0"", ""Wednesday"": ""8:0-21:0"", ""Thursday"": ""8:0-21:0"", ""Friday"": ""8:0-21:0""}"
Y1Zs1vhS7U8O7LGyiEC4sA__cajun_creole,Y1Zs1vhS7U8O7LGyiEC4sA,Begue's Restaurant,Cajun/Creole,Y1Zs1vhS7U8O7LGyiEC4sA,Cajun/Creole,29.9556490,-90.0679950,887.556488,-91.741481,New Orleans,LA,4.0,14,0,3,false,false,true,true,full_bar,,,
Exh1uNhTSDR1hGivZBIylA__american_(traditional),Exh1uNhTSDR1hGivZBIylA,The Pelican Club,American (Traditional),Exh1uNhTSDR1hGivZBIylA,American (Traditional),29.9546360,-90.0668485,998.010266,-204.382097,New Orleans,LA,4.0,458,1,3,true,false,true,false,full_bar,no,classy,"{""Wednesday"": ""17:0-21:0"", ""Thursday"": ""17:0-21:0"", ""Friday"": ""17:0-21:0"", ""Saturday"": ""17:0-21:0"", ""Sunday"": ""11:0-14:15""}"
5LkVlNxACcR9KrYcby_xXg__beer,5LkVlNxACcR9KrYcby_xXg,Red Zone,Beer,5LkVlNxACcR9KrYcby_xXg,Beer,29.9352420,-90.0795131,-222.096947,-2360.899483,New Orleans,LA,4.0,22,0,4,true,false,false,false,full_bar,,,"{""Monday"": ""8:0-2:0"", ""Tuesday"": ""8:0-2:0"", ""Wednesday"": ""8:0-2:0"", ""Thursday"": ""8:0-2:0"", ""Friday"": ""8:0-2:0"", ""Saturday"": ""8:0-2:0"", ""Sunday"": ""8:0-2:0""}"
HuT7BNQum5g_rbXjwZqs3Q__southern,HuT7BNQum5g_rbXjwZqs3Q,Zea Rotisserie & Bar,Southern,HuT7BNQum5g_rbXjwZqs3Q,Southern,29.9807338,-90.1142252,-3566.259700,2697.564868,New Orleans,LA,4.0,59,1,2,true,true,true,true,full_bar,free,casual|classy|trendy|upscale,"{""Monday"": ""0:0-0:0"", ""Wednesday"": ""11:0-20:30"", ""Thursday"": ""11:0-20:30"", ""Friday"": ""11:0-15:0"", ""Saturday"": ""11:0-21:0"", ""Sunday"": ""11:0-20:30""}"
6OgkKH_W4FjSsEql9trqGw__seafood,6OgkKH_W4FjSsEql9trqGw,Mat & Naddie's Restaurant,Seafood,6OgkKH_W4FjSsEql9trqGw,Seafood,29.9490778,-90.1353764,-5603.965723,-822.426592,New Orleans,LA,4.0,101,0,3,false,false,true,false,full_bar,no,intimate,"{""Monday"": ""17:30-21:0"", ""Tuesday"": ""17:45-21:0"", ""Thursday"": ""17:30-21:0"", ""Friday"": ""17:0-21:30"", ""Saturday"": ""17:30-21:30""}"
w5gg-e5tYb09iUXZdZgZ-Q__specialty_food,w5gg-e5tYb09iUXZdZgZ-Q,Orchid Seafood,Specialty Food,w5gg-e5tYb09iUXZdZgZ-Q,Specialty Food,29.9752983,-90.0792518,-196.923313,2093.164009,New Orleans,LA,4.5,30,1,1,true,false,false,true,none,no,,"{""Monday"": ""10:30-19:0"", ""Tuesday"": ""10:30-19:0"", ""Wednesday"": ""10:30-19:0"", ""Thursday"": ""10:30-19:0"", ""Friday"": ""10:30-19:0"", ""Saturday"": ""10:30-18:0""}"
y2UlwgzTRVR8bRSagsexIQ__art_galleries,y2UlwgzTRVR8bRSagsexIQ,Space Tiger Tattoos,Art Galleries,y2UlwgzTRVR8bRSagsexIQ,Art Galleries,29.9690082,-90.0487896,2737.804192,1393.735835,New Orleans,LA,5.0,5,1,,,,,,,,,"{""Tuesday"": ""12:0-18:0"", ""Wednesday"": ""12:0-18:0"", ""Thursday"": ""12:0-18:0"", ""Friday"": ""12:0-18:0"", ""Saturday"": ""12:0-18:0""}"
HH5HeqALwq3qPUtF9gMeTA__specialty_food,HH5HeqALwq3qPUtF9gMeTA,Mr Chill's,Specialty Food,HH5HeqALwq3qPUtF9gMeTA,Specialty Food,29.9425590,-90.1342390,-5494.388638,-1547.285081,New Orleans,LA,4.5,33,0,2,true,true,true,true,beer_and_wine,free,casual,"{""Tuesday"": ""11:0-19:0"", ""Wednesday"": ""11:0-19:0"", ""Thursday"": ""11:0-19:0"", ""Friday"": ""11:0-19:0"", ""Saturday"": ""11:0-19:0"", ""Sunday"": ""11:0-19:0""}"
sCNdu_Anatq1BKuXD86A8A__burgers,sCNdu_Anatq1BKuXD86A8A,The Crazy Lobster Bar & Grill,Burgers,sCNdu_Anatq1BKuXD86A8A,Burgers,29.9494954,-90.0627852,1389.470566,-775.989603,New Orleans,LA,3.0,484,0,2,true,false,true,true,full_bar,no,touristy,"{""Monday"": ""11:0-22:0"", ""Tuesday"": ""11:0-22:0"", ""Wednesday"": ""11:0-22:0"", ""Thursday"": ""11:0-22:0"", ""Friday"": ""11:0-22:0"", ""Saturday"": ""11:0-22:0"", ""Sunday"": ""11:0-22:0""}"
TzkVUJab9Sh0CqDk2sCF-w__american_(new),TzkVUJab9Sh0CqDk2sCF-w,Bayona,American (New),TzkVUJab9Sh0CqDk2sCF-w,American (New),29.9573006,-90.0680821,879.165276,91.908314,New Orleans,LA,4.0,746,1,3,false,false,true,false,full_bar,no,classy|romantic,"{""Wednesday"": ""17:0-21:0"", ""Thursday"": ""17:0-21:0"", ""Friday"": ""17:0-21:0"", ""Saturday"": ""17:0-21:0""}"
tJhIqLwZnbBl5FKIChEIQA__venues_and_event_spaces,tJhIqLwZnbBl5FKIChEIQA,CellarDoor,Venues & Event Spaces,tJhIqLwZnbBl5FKIChEIQA,Venues & Event Spaces,29.9488403,-90.0739357,315.229614,-848.835423,New Orleans,LA,4.0,222,1,2,true,true,true,false,full_bar,no,classy|intimate|romantic|trendy,"{""Tuesday"": ""16:0-23:0"", ""Wednesday"": ""16:0-23:0"", ""Thursday"": ""16:0-23:0"", ""Friday"": ""16:0-1:0"", ""Saturday"": ""17:0-1:0"", ""Sunday"": ""9:30-22:0""}"
n_fUROdhfmLwd_mpBi55ew__sandwiches,n_fUROdhfmLwd_mpBi55ew,Central Grocery & Deli,Sandwiches,n_fUROdhfmLwd_mpBi55ew,Sandwiches,29.9588312,-90.0610718,1554.540390,262.106773,New Orleans,LA,4.5,1781,0,2,,true,,true,beer_and_wine,no,casual,"{""Monday"": ""9:0-17:0"", ""Tuesday"": ""9:0-17:0"", ""Wednesday"": ""9:0-17:0"", ""Thursday"": ""9:0-17:0"", ""Friday"": ""9:0-17:0"", ""Saturday"": ""9:0-17:0"", ""Sunday"": ""9:0-17:0""}"
OqI87nbZ4s1ufOdvgAbgZw__pizza,OqI87nbZ4s1ufOdvgAbgZw,Dante Pizza,Pizza,OqI87nbZ4s1ufOdvgAbgZw,Pizza,29.9582510,-90.0655660,1121.566280,197.588118,New Orleans,LA,3.0,64,0,1,true,false,false,true,none,no,,
42Jo8KeWhGUt-wRukkiuMg__fitness_and_instruction,42Jo8KeWhGUt-wRukkiuMg,Louisiana Running + Walking,Fitness & Instruction,42Jo8KeWhGUt-wRukkiuMg,Fitness & Instruction,29.9479030,-90.1302862,-5113.575996,-953.058572,New Orleans,LA,4.5,18,0,2,,,,,,,,"{""Monday"": ""0:0-0:0"", ""Tuesday"": ""10:0-18:30"", ""Wednesday"": ""10:0-18:30"", ""Thursday"": ""10:0-18:30"", ""Friday"": ""10:0-18:30"", ""Saturday"": ""10:0-17:0"", ""Sunday"": ""12:0-15:0""}"
BokW_cq-5ZIKP2kvLtzrNQ__sandwiches,BokW_cq-5ZIKP2kvLtzrNQ,Mona's Cafe,Sandwiches,BokW_cq-5ZIKP2kvLtzrNQ,Sandwiches,29.9442500,-90.0621790,1447.869767,-1359.254200,New Orleans,LA,3.5,21,1,1,true,false,false,false,,no,,
N8SymnBYl1S0yvO9-vYUlg__cocktail_bars,N8SymnBYl1S0yvO9-vYUlg,Birdy’s Behind the Bower,Cocktail Bars,N8SymnBYl1S0yvO9-vYUlg,Cocktail Bars,29.9377653,-90.0712579,573.208792,-2080.320937,New Orleans,LA,4.5,92,1,2,,,true,,full_bar,,casual|hipster|trendy,"{""Monday"": ""8:0-14:0"", ""Tuesday"": ""8:0-14:0"", ""Wednesday"": ""8:0-14:0"", ""Thursday"": ""8:0-14:0"", ""Friday"": ""8:0-14:0"", ""Saturday"": ""8:0-14:0"", ""Sunday"": ""8:0-14:0""}"
HDIWGT22GEYn_gTDJIRBHA__american_(new),HDIWGT22GEYn_gTDJIRBHA,Roux on Orleans,American (New),HDIWGT22GEYn_gTDJIRBHA,American (New),29.9586550,-90.0645750,1217.039193,242.510931,New Orleans,LA,3.5,25,1,2,true,true,false,true,full_bar,free,,"{""Monday"": ""17:30-22:0"", ""Tuesday"": ""17:30-22:0"", ""Wednesday"": ""17:30-22:0"", ""Thursday"": ""17:30-22:0"", ""Friday"": ""17:30-23:0"", ""Saturday"": ""17:30-23:0"", ""Sunday"": ""17:30-22:0""}"
ZI2rweo-00OaC6q6ChAB7Q__burgers,ZI2rweo-00OaC6q6ChAB7Q,Queenies on St Claude,Burgers,ZI2rweo-00OaC6q6ChAB7Q,Burgers,29.9669553,-90.0423889,3354.447453,1165.463455,New Orleans,LA,4.5,26,0,1,true,true,true,false,full_bar,free,,"{""Tuesday"": ""12:0-22:0"", ""Wednesday"": ""12:0-22:0"", ""Thursday"": ""12:0-22:0"", ""Friday"": ""12:0-0:0"", ""Saturday"": ""12:0-0:0"", ""Sunday"": ""12:0-21:0""}"
njtka6K1nOo8PJ-w83L4BA__fitness_and_instruction,njtka6K1nOo8PJ-w83L4BA,Fit Therapy,Fitness & Instruction,njtka6K1nOo8PJ-w83L4BA,Fitness & Instruction,29.9237454,-90.0861755,-863.952379,-3639.264842,New Orleans,LA,5.0,16,1,,,,,,,free,,"{""Monday"": ""5:30-20:0"", ""Tuesday"": ""5:30-20:0"", ""Wednesday"": ""5:30-20:0"", ""Thursday"": ""5:30-20:0"", ""Friday"": ""5:30-20:0"", ""Saturday"": ""7:0-17:0"", ""Sunday"": ""8:30-15:0""}"
SbuLL-8eSaUs-huaYR5_IQ__american_(new),SbuLL-8eSaUs-huaYR5_IQ,The Delachaise,American (New),SbuLL-8eSaUs-huaYR5_IQ,American (New),29.9276000,-90.0925610,-1479.131272,-3210.652286,New Orleans,LA,4.0,416,1,2,false,false,true,false,full_bar,free,classy|intimate,"{""Monday"": ""17:0-2:0"", ""Tuesday"": ""17:0-2:0"", ""Wednesday"": ""16:0-2:0"", ""Thursday"": ""17:0-2:0"", ""Friday"": ""17:0-2:30"", ""Saturday"": ""17:0-2:30"", ""Sunday"": ""17:0-2:30""}"
NgEy0AX40Yg4Bpon61wbEg__cafes,NgEy0AX40Yg4Bpon61wbEg,Pagoda Cafe,Cafes,NgEy0AX40Yg4Bpon61wbEg,Cafes,29.9760100,-90.0757700,138.513203,2172.301548,New Orleans,LA,4.5,177,1,1,true,false,true,true,none,free,casual|hipster,"{""Tuesday"": ""8:0-14:0"", ""Wednesday"": ""8:0-14:0"", ""Thursday"": ""8:0-14:0"", ""Friday"": ""8:0-14:0"", ""Saturday"": ""8:0-14:0"", ""Sunday"": ""8:0-14:0""}"
1-2o_s9TE1auWIivBjdL5g__pizza,1-2o_s9TE1auWIivBjdL5g,Fresco Cafe and Pizzeria,Pizza,1-2o_s9TE1auWIivBjdL5g,Pizza,29.9418506,-90.1290070,-4990.337903,-1626.055676,New Orleans,LA,3.5,200,1,2,true,true,true,true,beer_and_wine,free,casual,"{""Monday"": ""11:0-1:0"", ""Tuesday"": ""11:0-1:0"", ""Wednesday"": ""11:0-1:0"", ""Thursday"": ""11:0-1:0"", ""Friday"": ""11:0-1:0"", ""Saturday"": ""11:0-1:0"", ""Sunday"": ""11:0-1:0""}"
q2b5ZXmqxiD7lcY2PhFVSg__beer,q2b5ZXmqxiD7lcY2PhFVSg,Grande Krewe,Beer,q2b5ZXmqxiD7lcY2PhFVSg,Beer,29.9627742,-90.0547310,2165.410063,700.550420,New Orleans,LA,4.5,25,1,2,true,true,,,,,,"{""Monday"": ""10:0-20:0"", ""Tuesday"": ""10:0-20:0"", ""Wednesday"": ""10:0-20:0"", ""Thursday"": ""10:0-20:0"", ""Friday"": ""10:0-20:0"", ""Saturday"": ""10:0-20:0"", ""Sunday"": ""12:0-17:0""}"
NHdE_ObFj7OjQBB3jjqBNQ__southern,NHdE_ObFj7OjQBB3jjqBNQ,Lula Restaurant Distillery,Southern,NHdE_ObFj7OjQBB3jjqBNQ,Southern,29.9382426,-90.0755730,157.492177,-2027.247525,New Orleans,LA,4.0,666,1,2,true,,true,true,full_bar,free,casual|classy|trendy,"{""Monday"": ""0:0-0:0"", ""Tuesday"": ""12:0-21:0"", ""Wednesday"": ""12:0-21:0"", ""Thursday"": ""11:0-18:0"", ""Friday"": ""12:0-22:0"", ""Saturday"": ""11:0-22:0"", ""Sunday"": ""11:0-21:0""}"
FJyr_-r0xbWS3wBqITkYDA__fast_food,FJyr_-r0xbWS3wBqITkYDA,Popeyes,Fast Food,FJyr_-r0xbWS3wBqITkYDA,Fast Food,29.9558045,-90.0727245,431.916589,-74.450646,New Orleans,LA,3.5,18,0,1,true,false,false,true,none,,,
P9xNwbMStRsHsVc6K5PDpg__breakfast_and_brunch,P9xNwbMStRsHsVc6K5PDpg,Toast,Breakfast & Brunch,P9xNwbMStRsHsVc6K5PDpg,Breakfast & Brunch,29.9185016,-90.1164893,-3784.383032,-4222.349604,New Orleans,LA,4.5,548,1,2,true,false,,true,none,free,casual,"{""Monday"": ""6:30-14:0"", ""Tuesday"": ""6:30-14:0"", ""Wednesday"": ""6:30-14:0"", ""Thursday"": ""6:30-14:0"", ""Friday"": ""6:30-14:0"", ""Saturday"": ""8:0-14:0"", ""Sunday"": ""8:0-14:0""}"
uz9ZD1yBqoaAbwewhH2ZvQ__fast_food,uz9ZD1yBqoaAbwewhH2ZvQ,Wendy's,Fast Food,uz9ZD1yBqoaAbwewhH2ZvQ,Fast Food,30.0339989,-89.9730832,10031.358069,8620.381325,New Orleans,LA,1.5,5,1,1,,true,,false,,no,,"{""Monday"": ""10:0-2:0"", ""Tuesday"": ""10:0-2:0"", ""Wednesday"": ""10:0-2:0"", ""Thursday"": ""10:0-2:0"", ""Friday"": ""10:0-2:0"", ""Saturday"": ""10:0-2:0"", ""Sunday"": ""10:0-2:0""}"
M0YuK7sLLSA3TfBC4UkUzg__coffee_and_tea,M0YuK7sLLSA3TfBC4UkUzg,Croissant D'Or Patisserie,Coffee & Tea,M0YuK7sLLSA3TfBC4UkUzg,Coffee & Tea,29.9610074,-90.0612872,1533.787372,504.084002,New Orleans,LA,4.0,576,1,1,,,true,true,none,free,,"{""Monday"": ""6:30-15:0"", ""Wednesday"": ""6:30-15:0"", ""Thursday"": ""6:30-15:0"", ""Friday"": ""6:30-15:0"", ""Saturday"": ""6:30-15:0"", ""Sunday"": ""6:30-15:0""}"
LojIiUOGn5EEdluoytxubw__coffee_and_tea,LojIiUOGn5EEdluoytxubw,Main Squeeze Juice Co.,Coffee & Tea,LojIiUOGn5EEdluoytxubw,Coffee & Tea,29.9456500,-90.0727290,431.483059,-1203.581088,New Orleans,LA,5.0,20,1,,true,true,,,none,free,,"{""Monday"": ""0:0-0:0"", ""Tuesday"": ""7:0-20:0"", ""Wednesday"": ""7:0-20:0"", ""Thursday"": ""7:0-20:0"", ""Friday"": ""7:0-17:0"", ""Saturday"": ""7:0-20:0"", ""Sunday"": ""9:0-18:0""}"
TkcA5ieREOdWMY_GcXYUeQ__beer,TkcA5ieREOdWMY_GcXYUeQ,Broadway Food Store,Beer,TkcA5ieREOdWMY_GcXYUeQ,Beer,29.9504911,-90.1161799,-3754.575444,-665.274585,New Orleans,LA,3.5,8,1,1,false,,,,,,,"{""Monday"": ""8:0-22:0"", ""Tuesday"": ""8:0-22:0"", ""Wednesday"": ""8:0-22:0"", ""Thursday"": ""8:0-0:0"", ""Friday"": ""8:0-0:0"", ""Saturday"": ""8:0-0:0"", ""Sunday"": ""8:0-22:0""}"
vxLV9tci88Hsr1G01uleag__desserts,vxLV9tci88Hsr1G01uleag,Slice Pizzeria,Desserts,vxLV9tci88Hsr1G01uleag,Desserts,29.9389437,-90.0759998,116.374277,-1949.288654,New Orleans,LA,4.0,531,1,2,true,true,,true,full_bar,free,casual,"{""Monday"": ""0:0-0:0"", ""Tuesday"": ""11:0-23:0"", ""Wednesday"": ""11:0-23:0"", ""Thursday"": ""11:0-23:0"", ""Friday"": ""11:0-0:0"", ""Saturday"": ""11:0-0:0"", ""Sunday"": ""11:0-23:0""}"
OJ8TFOwK5fTQQbvBZl7a3w__cafes,OJ8TFOwK5fTQQbvBZl7a3w,Acorn,Cafes,OJ8TFOwK5fTQQbvBZl7a3w,Cafes,29.9899423,-90.0940571,-1623.265505,3721.504764,New Orleans,LA,4.0,37,1,,true,true,true,true,beer_and_wine,free,casual,"{""Wednesday"": ""9:0-17:0"", ""Thursday"": ""9:0-17:0"", ""Friday"": ""9:0-17:0"", ""Saturday"": ""9:0-17:0"", ""Sunday"": ""9:0-17:0""}"
OKNuLargbuXjx6dvx5UwAA__southern,OKNuLargbuXjx6dvx5UwAA,Trep's,Southern,OKNuLargbuXjx6dvx5UwAA,Southern,29.9787338,-90.1021884,-2406.634722,2475.174708,New Orleans,LA,4.0,118,1,2,true,true,true,,full_bar,free,casual|trendy,"{""Wednesday"": ""11:0-21:0"", ""Thursday"": ""11:0-21:0"", ""Friday"": ""11:0-21:0"", ""Saturday"": ""11:0-21:0"", ""Sunday"": ""9:0-19:0""}"
WoJcgS0d24IA2yGwW-ge0A__fast_food,WoJcgS0d24IA2yGwW-ge0A,Subway,Fast Food,WoJcgS0d24IA2yGwW-ge0A,Fast Food,30.0315706,-89.9736428,9977.444197,8350.369136,New Orleans,LA,2.5,7,1,1,true,true,,,none,,,"{""Monday"": ""8:30-20:0"", ""Tuesday"": ""8:30-20:0"", ""Wednesday"": ""8:30-20:0"", ""Thursday"": ""8:30-20:0"", ""Friday"": ""8:30-20:0"", ""Saturday"": ""9:0-20:0"", ""Sunday"": ""9:0-20:0""}"
W-LtYDGHDF6j0I_810hzuA__american_(new),W-LtYDGHDF6j0I_810hzuA,Fiorella's the Original,American (New),W-LtYDGHDF6j0I_810hzuA,American (New),30.0129551,-90.0506932,2554.411421,6280.414907,New Orleans,LA,4.5,124,1,2,true,false,false,true,beer_and_wine,no,casual,"{""Monday"": ""11:0-19:0"", ""Tuesday"": ""11:0-19:0"", ""Wednesday"": ""11:0-19:0"", ""Thursday"": ""11:0-19:0"", ""Friday"": ""11:0-19:0"", ""Saturday"": ""11:0-19:0""}"
cTSczU-9-cYUEM2DlNJcQw__cafes,cTSczU-9-cYUEM2DlNJcQw,1000 Figs,Cafes,cTSczU-9-cYUEM2DlNJcQw,Cafes,29.9805040,-90.0842745,-680.808319,2672.017665,New Orleans,LA,4.5,311,1,2,true,true,false,false,beer_and_wine,no,casual|classy|hipster,"{""Monday"": ""11:0-21:0"", ""Tuesday"": ""11:0-21:0"", ""Wednesday"": ""11:0-21:0"", ""Thursday"": ""11:0-21:0"", ""Friday"": ""11:0-21:0"", ""Saturday"": ""11:0-21:0""}"
H0nX4N4N3AIDheuIcbVYkw__cafes,H0nX4N4N3AIDheuIcbVYkw,Wow Cafe,Cafes,H0nX4N4N3AIDheuIcbVYkw,Cafes,29.9502470,-90.0661750,1062.895237,-692.417304,New Orleans,LA,2.5,127,0,2,true,false,true,true,full_bar,free,casual,"{""Monday"": ""6:0-0:0"", ""Tuesday"": ""6:0-0:0"", ""Wednesday"": ""6:0-0:0"", ""Thursday"": ""6:0-0:0"", ""Friday"": ""6:0-0:0"", ""Saturday"": ""6:0-0:0"", ""Sunday"": ""6:0-0:0""}"
nePr9450kf-eEGYD-Qn21w__southern,nePr9450kf-eEGYD-Qn21w,Ruby Slipper Cafe,Southern,nePr9450kf-eEGYD-Qn21w,Southern,29.9258371,-90.0825740,-516.983969,-3406.678093,New Orleans,LA,4.0,619,1,2,true,true,true,true,full_bar,free,casual|trendy,"{""Monday"": ""0:0-0:0"", ""Tuesday"": ""7:30-14:0"", ""Wednesday"": ""7:30-14:0"", ""Thursday"": ""7:30-14:0"", ""Friday"": ""7:30-14:0"", ""Saturday"": ""7:30-15:0"", ""Sunday"": ""7:30-15:0""}"
FGqkXBqo-3olcRdsw4iWMQ__fitness_and_instruction,FGqkXBqo-3olcRdsw4iWMQ,Orangetheory Fitness New Orleans - Uptown,Fitness & Instruction,FGqkXBqo-3olcRdsw4iWMQ,Fitness & Instruction,29.9160980,-90.1141070,-3554.872316,-4489.618099,New Orleans,LA,4.5,20,1,,,,,false,,,,
JHG_yP7Y_zEyu0Nj7JWjhQ__pizza,JHG_yP7Y_zEyu0Nj7JWjhQ,Domino's Pizza,Pizza,JHG_yP7Y_zEyu0Nj7JWjhQ,Pizza,30.0194108,-89.9628584,11016.413621,6998.256986,New Orleans,LA,2.0,16,1,1,true,true,,true,,,,"{""Monday"": ""10:30-0:0"", ""Tuesday"": ""10:30-0:0"", ""Wednesday"": ""10:30-0:0"", ""Thursday"": ""10:30-0:0"", ""Friday"": ""10:30-1:0"", ""Saturday"": ""10:30-1:0"", ""Sunday"": ""10:30-0:0""}"
kBgiy6ulQRiATWFPZjTPKA__cafes,kBgiy6ulQRiATWFPZjTPKA,Cafe Beignet on Decatur Street,Cafes,kBgiy6ulQRiATWFPZjTPKA,Cafes,29.9559008,-90.0633280,1337.178809,-63.741536,New Orleans,LA,3.5,581,1,1,true,false,true,true,full_bar,no,casual|classy|touristy,"{""Monday"": ""0:0-0:0"", ""Tuesday"": ""8:0-15:0"", ""Wednesday"": ""8:0-15:0"", ""Thursday"": ""8:0-15:0"", ""Friday"": ""8:0-18:0"", ""Saturday"": ""8:0-18:0"", ""Sunday"": ""8:0-18:0""}"
U2fN80Q-QOudDt5V-qjIlw__specialty_food,U2fN80Q-QOudDt5V-qjIlw,Piece Of Meat,Specialty Food,U2fN80Q-QOudDt5V-qjIlw,Specialty Food,29.9712600,-90.0913540,-1362.848926,1644.124917,New Orleans,LA,4.5,118,1,2,true,false,true,false,full_bar,no,,"{""Monday"": ""0:0-0:0"", ""Thursday"": ""10:0-18:0"", ""Friday"": ""10:0-18:0"", ""Saturday"": ""10:0-16:0"", ""Sunday"": ""10:0-16:0""}"
jffDUOQc590Bne25gS-aTA__cocktail_bars,jffDUOQc590Bne25gS-aTA,River Bar,Cocktail Bars,jffDUOQc590Bne25gS-aTA,Cocktail Bars,29.9485100,-90.0629441,1374.160054,-885.563158,New Orleans,LA,5.0,7,1,,,,,,,,,"{""Monday"": ""10:0-21:0"", ""Tuesday"": ""10:0-21:0"", ""Wednesday"": ""10:0-21:0"", ""Thursday"": ""10:0-21:0"", ""Friday"": ""10:0-21:0"", ""Saturday"": ""10:0-21:0"", ""Sunday"": ""10:0-19:0""}"
vTgNM_Pb0NtEBPsTqYr63g__american_(traditional),vTgNM_Pb0NtEBPsTqYr63g,LMNO,American (Traditional),vTgNM_Pb0NtEBPsTqYr63g,American (Traditional),29.9490204,-90.0665748,1024.378516,-828.809189,New Orleans,LA,2.5,18,1,2,true,false,false,false,full_bar,no,,"{""Monday"": ""17:0-23:0"", ""Tuesday"": ""17:0-23:0"", ""Wednesday"": ""17:0-23:0"", ""Thursday"": ""17:0-23:0"", ""Friday"": ""17:0-23:0"", ""Saturday"": ""17:0-23:0"", ""Sunday"": ""17:0-23:0""}"
8NyDM-FDoWEEeEG9XUwnbg__southern,8NyDM-FDoWEEeEG9XUwnbg,K-Paul's Louisiana Kitchen,Southern,8NyDM-FDoWEEeEG9XUwnbg,Southern,29.9551790,-90.0653540,1141.990355,-144.003168,New Orleans,LA,4.0,1433,0,3,true,false,true,true,full_bar,no,classy,"{""Tuesday"": ""5:0-21:0"", ""Wednesday"": ""5:0-21:0"", ""Thursday"": ""5:0-21:0"", ""Friday"": ""5:0-21:0"", ""Saturday"": ""5:0-21:0""}"
kpvyVkEnSNMjfvsDcuCF-g__seafood,kpvyVkEnSNMjfvsDcuCF-g,Dish on Hayne,Seafood,kpvyVkEnSNMjfvsDcuCF-g,Seafood,30.0482063,-89.9859411,8792.626942,10200.174919,New Orleans,LA,3.5,12,0,2,true,false,false,false,full_bar,free,trendy,"{""Monday"": ""17:0-22:0"", ""Thursday"": ""17:0-22:0"", ""Friday"": ""17:0-23:0"", ""Saturday"": ""17:0-0:0"", ""Sunday"": ""11:0-22:0""}"
xcIMF3KwRsZ1ppRJRDbVgw__fitness_and_instruction,xcIMF3KwRsZ1ppRJRDbVgw,Anytime Fitness,Fitness & Instruction,xcIMF3KwRsZ1ppRJRDbVgw,Fitness & Instruction,29.9610532,-90.0379548,3781.630537,509.176782,New Orleans,LA,4.0,19,1,,,,,false,,,,"{""Monday"": ""0:0-0:0"", ""Tuesday"": ""0:0-0:0"", ""Wednesday"": ""0:0-0:0"", ""Thursday"": ""0:0-0:0"", ""Friday"": ""0:0-0:0"", ""Saturday"": ""0:0-0:0"", ""Sunday"": ""0:0-0:0""}"
-b56__bDEGYnCkCK-zOvKg__cocktail_bars,-b56__bDEGYnCkCK-zOvKg,Portside Lounge,Cocktail Bars,-b56__bDEGYnCkCK-zOvKg,Cocktail Bars,29.9320758,-90.0900832,-1240.420089,-2712.965346,New Orleans,LA,4.5,25,1,3,true,,true,false,full_bar,no,casual|divey,"{""Tuesday"": ""17:0-2:0"", ""Wednesday"": ""17:0-2:0"", ""Thursday"": ""17:0-2:0"", ""Friday"": ""17:0-2:0"", ""Saturday"": ""14:0-2:0"", ""Sunday"": ""12:0-2:0""}"
QNq_X4ImJkPKyVll_k6ViQ__specialty_food,QNq_X4ImJkPKyVll_k6ViQ,Del Fuego,Specialty Food,QNq_X4ImJkPKyVll_k6ViQ,Specialty Food,29.9204574,-90.1032111,-2505.161611,-4004.874266,New Orleans,LA,4.0,238,1,2,true,true,true,true,full_bar,free,casual,"{""Tuesday"": ""12:0-19:0"", ""Wednesday"": ""12:0-19:0"", ""Thursday"": ""12:0-19:0"", ""Friday"": ""12:0-20:0"", ""Saturday"": ""12:0-17:0""}"
OSyRjc5SLixdhnvpsqg5MA__southern,OSyRjc5SLixdhnvpsqg5MA,3 Southern Girls,Southern,OSyRjc5SLixdhnvpsqg5MA,Southern,29.9592843,-90.1719775,-9130.114683,312.485995,New Orleans,LA,5.0,21,1,,true,,,,none,,,"{""Tuesday"": ""10:0-18:0"", ""Wednesday"": ""10:0-18:0"", ""Thursday"": ""10:0-18:0"", ""Friday"": ""10:0-18:0""}"
40yZy3NmbB9xjnFHOPdrag__fast_food,40yZy3NmbB9xjnFHOPdrag,Subway,Fast Food,40yZy3NmbB9xjnFHOPdrag,Fast Food,29.9573233,-90.0745788,253.271278,94.432887,New Orleans,LA,2.0,7,1,1,true,true,,,,,,"{""Monday"": ""8:0-20:0"", ""Tuesday"": ""8:0-20:0"", ""Wednesday"": ""8:0-20:0"", ""Thursday"": ""8:0-20:0"", ""Friday"": ""8:0-20:0"", ""Saturday"": ""8:0-20:0"", ""Sunday"": ""8:0-20:0""}"
sJaEnBC-3EzlXQYO1sjTlQ__fitness_and_instruction,sJaEnBC-3EzlXQYO1sjTlQ,The Church Of Yoga,Fitness & Instruction,sJaEnBC-3EzlXQYO1sjTlQ,Fitness & Instruction,29.9756813,-90.0740380,305.374035,2135.751725,New Orleans,LA,5.0,5,0,,,,,,,,,"{""Monday"": ""6:30-19:30"", ""Tuesday"": ""8:30-20:45"", ""Wednesday"": ""7:0-19:30"", ""Thursday"": ""8:30-20:45"", ""Friday"": ""6:30-19:30"", ""Saturday"": ""8:30-18:30"", ""Sunday"": ""9:0-19:45""}"
sLfLbBX1c1pQqpxCoLTcRA__fitness_and_instruction,sLfLbBX1c1pQqpxCoLTcRA,Crescent City Pilates,Fitness & Instruction,sLfLbBX1c1pQqpxCoLTcRA,Fitness & Instruction,29.9444255,-90.0735869,348.832996,-1339.739464,New Orleans,LA,5.0,6,0,,,,,,,,,"{""Monday"": ""0:0-0:0"", ""Tuesday"": ""7:30-18:30"", ""Wednesday"": ""7:30-19:30"", ""Thursday"": ""7:30-18:30"", ""Friday"": ""7:30-17:30"", ""Saturday"": ""9:0-15:0"", ""Sunday"": ""8:45-13:30""}"
Xpue0uHw0dk7HdIXVjhdUA__desserts,Xpue0uHw0dk7HdIXVjhdUA,Euphorbia Kava Bar,Desserts,Xpue0uHw0dk7HdIXVjhdUA,Desserts,29.9517183,-90.1354052,-5606.740314,-528.815982,New Orleans,LA,4.5,33,1,1,true,,true,true,,free,,"{""Monday"": ""12:0-23:0"", ""Tuesday"": ""12:0-23:0"", ""Wednesday"": ""12:0-23:0"", ""Thursday"": ""12:0-23:0"", ""Friday"": ""12:0-23:0"", ""Saturday"": ""12:0-23:0"", ""Sunday"": ""12:0-23:0""}"
Wxphbi_mfeej3_Ozv_mPng__art_galleries,Wxphbi_mfeej3_Ozv_mPng,Photo Works,Art Galleries,Wxphbi_mfeej3_Ozv_mPng,Art Galleries,29.9578498,-90.0624959,1417.339629,152.976652,New Orleans,LA,4.0,5,1,2,,,,false,,,,"{""Monday"": ""10:0-17:30"", ""Tuesday"": ""10:0-17:30"", ""Thursday"": ""10:0-17:30"", ""Friday"": ""10:0-17:30"", ""Saturday"": ""10:0-17:30"", ""Sunday"": ""10:0-17:30""}"
psG_tTwM0Wcddk9cW7yw_Q__southern,psG_tTwM0Wcddk9cW7yw_Q,Huck Finn's Cafe,Southern,psG_tTwM0Wcddk9cW7yw_Q,Southern,29.9527375,-90.0664486,1036.537864,-415.481264,New Orleans,LA,3.5,607,0,2,true,true,false,true,full_bar,free,casual,"{""Monday"": ""7:30-22:0"", ""Tuesday"": ""7:30-22:0"", ""Wednesday"": ""7:30-22:0"", ""Thursday"": ""7:30-22:0"", ""Friday"": ""7:30-23:0"", ""Saturday"": ""7:30-23:0"", ""Sunday"": ""7:30-22:0""}"
60PRpOidld9weYzjWwlMaQ__american_(new),60PRpOidld9weYzjWwlMaQ,Meals From The Heart Cafe,American (New),60PRpOidld9weYzjWwlMaQ,American (New),29.9596660,-90.0595400,1702.110954,354.929157,New Orleans,LA,4.5,819,1,2,true,true,true,true,none,free,casual,"{""Monday"": ""10:0-15:30"", ""Tuesday"": ""10:0-15:30"", ""Wednesday"": ""10:0-15:30"", ""Thursday"": ""10:0-15:30"", ""Friday"": ""10:0-15:30"", ""Saturday"": ""10:0-15:30"", ""Sunday"": ""10:0-15:30""}"
lWGNCV2NSqURVoqJQAHD6Q__venues_and_event_spaces,lWGNCV2NSqURVoqJQAHD6Q,The Metropolitan,Venues & Event Spaces,lWGNCV2NSqURVoqJQAHD6Q,Venues & Event Spaces,29.9418408,-90.0662659,1054.137934,-1627.145387,New Orleans,LA,2.5,49,1,2,,,false,,full_bar,,classy,"{""Saturday"": ""22:0-6:0""}"
JVDkpFxbc_j49Wvxk5CtVA__beer,JVDkpFxbc_j49Wvxk5CtVA,Pluck Wines,Beer,JVDkpFxbc_j49Wvxk5CtVA,Beer,29.9472850,-90.0720030,501.425879,-1021.777132,New Orleans,LA,4.5,22,1,,true,,true,,beer_and_wine,free,classy,"{""Tuesday"": ""12:0-23:0"", ""Wednesday"": ""12:0-23:0"", ""Thursday"": ""12:0-0:0"", ""Friday"": ""12:0-0:0"", ""Saturday"": ""12:0-0:0""}"
4k-XUWBbeDyxjWdUrEsvLQ__beer,4k-XUWBbeDyxjWdUrEsvLQ,Brady's Wine Warehouse,Beer,4k-XUWBbeDyxjWdUrEsvLQ,Beer,29.9448929,-90.0768705,32.492364,-1287.763058,New Orleans,LA,5.0,36,1,2,true,true,,,beer_and_wine,,,"{""Monday"": ""0:0-0:0"", ""Tuesday"": ""10:0-20:0"", ""Wednesday"": ""10:0-20:0"", ""Thursday"": ""10:0-20:0"", ""Friday"": ""10:0-20:0"", ""Saturday"": ""10:0-20:0"", ""Sunday"": ""12:0-18:0""}"
G4kmb7lGpbER5Jd2Al2TLw__art_galleries,G4kmb7lGpbER5Jd2Al2TLw,Mimi's In The Marigny,Art Galleries,G4kmb7lGpbER5Jd2Al2TLw,Art Galleries,29.9649085,-90.0512837,2497.520625,937.874157,New Orleans,LA,4.0,333,0,2,false,false,false,false,full_bar,free,classy|hipster,"{""Monday"": ""11:0-5:0"", ""Tuesday"": ""11:0-5:0"", ""Wednesday"": ""11:0-5:0"", ""Thursday"": ""11:0-5:0"", ""Friday"": ""11:0-5:0"", ""Saturday"": ""11:0-5:0"", ""Sunday"": ""11:0-5:0""}"
VC6cVPFTVuWVVX_jI-Yc5g__american_(traditional),VC6cVPFTVuWVVX_jI-Yc5g,First Stop Bar & Lounge,American (Traditional),VC6cVPFTVuWVVX_jI-Yc5g,American (Traditional),29.9692490,-90.0602550,1633.227873,1420.511611,New Orleans,LA,5.0,9,0,1,,,,,,,,
Q9GU2OvZObDVyA00ZJkFaA__fast_food,Q9GU2OvZObDVyA00ZJkFaA,Taco Bell,Fast Food,Q9GU2OvZObDVyA00ZJkFaA,Fast Food,29.9421200,-90.0946300,-1678.458675,-1596.099721,New Orleans,LA,1.5,67,1,1,true,true,false,true,none,free,casual,"{""Monday"": ""10:0-4:0"", ""Tuesday"": ""10:0-4:0"", ""Wednesday"": ""10:0-4:0"", ""Thursday"": ""10:0-4:0"", ""Friday"": ""10:0-4:0"", ""Saturday"": ""10:0-4:0"", ""Sunday"": ""10:0-4:0""}"
oIozEyiTSYh0T_YQRfpm5A__seafood,oIozEyiTSYh0T_YQRfpm5A,Lakeview Grocery,Seafood,oIozEyiTSYh0T_YQRfpm5A,Seafood,30.0051731,-90.1052748,-2703.978412,5415.094792,New Orleans,LA,3.5,13,1,2,true,true,true,true,beer_and_wine,no,,
7i3LYKtPYagJllD3dPTcfw__art_galleries,7i3LYKtPYagJllD3dPTcfw,Java House Imports,Art Galleries,7i3LYKtPYagJllD3dPTcfw,Art Galleries,29.9592902,-90.0639293,1279.245913,313.142046,New Orleans,LA,4.0,9,1,3,,,,false,,,,
pds8bhq4azIP28OhTiLsDQ__cafes,pds8bhq4azIP28OhTiLsDQ,Pax Treme,Cafes,pds8bhq4azIP28OhTiLsDQ,Cafes,29.9647823,-90.0722065,481.818074,923.838014,New Orleans,LA,4.5,7,1,,,,,,,,,
AWhTcfA_llsBKFWBxwjLFg__fast_food,AWhTcfA_llsBKFWBxwjLFg,Bud's Broiler,Fast Food,AWhTcfA_llsBKFWBxwjLFg,Fast Food,29.9824221,-90.1102110,-3179.532920,2885.295333,New Orleans,LA,3.0,10,1,1,,,,,,,,
7Fqf5nkKkVhXn_DUrPWWEA__coffee_and_tea,7Fqf5nkKkVhXn_DUrPWWEA,The Reservoir Cafe,Coffee & Tea,7Fqf5nkKkVhXn_DUrPWWEA,Coffee & Tea,29.9305760,-90.0757380,141.596082,-2879.735727,New Orleans,LA,4.0,38,0,1,true,false,true,false,none,free,hipster,"{""Monday"": ""7:30-19:0"", ""Tuesday"": ""7:30-19:0"", ""Wednesday"": ""7:30-19:0"", ""Thursday"": ""7:30-19:0"", ""Friday"": ""7:30-19:0"", ""Saturday"": ""7:30-19:0"", ""Sunday"": ""8:0-19:0""}"
wVrJOXjRrPKIfZbNnrl3ow__pizza,wVrJOXjRrPKIfZbNnrl3ow,Pizza Delicious,Pizza,wVrJOXjRrPKIfZbNnrl3ow,Pizza,29.9624187,-90.0428900,3306.174421,661.016977,New Orleans,LA,4.0,678,1,2,true,true,true,true,beer_and_wine,free,casual|hipster,"{""Monday"": ""0:0-0:0"", ""Tuesday"": ""11:30-21:0"", ""Wednesday"": ""11:30-21:0"", ""Thursday"": ""11:30-21:0"", ""Friday"": ""11:30-22:0"", ""Saturday"": ""11:30-22:0"", ""Sunday"": ""11:30-21:0""}"
cJwEovDtd2G_HcRZRRkYOQ__fast_food,cJwEovDtd2G_HcRZRRkYOQ,Subway,Fast Food,cJwEovDtd2G_HcRZRRkYOQ,Fast Food,29.9420310,-90.0650158,1174.569258,-1605.995716,New Orleans,LA,2.0,19,1,1,true,true,false,true,,,,"{""Monday"": ""0:0-0:0"", ""Tuesday"": ""8:0-21:0"", ""Wednesday"": ""8:0-21:0"", ""Thursday"": ""8:0-21:0"", ""Friday"": ""8:0-21:0"", ""Saturday"": ""9:0-21:0"", ""Sunday"": ""9:0-21:0""}"
ZEE16n5K5PvrubjSqTIxpg__fast_food,ZEE16n5K5PvrubjSqTIxpg,Wendy's,Fast Food,ZEE16n5K5PvrubjSqTIxpg,Fast Food,29.9092632,-90.0195558,5554.187675,-5249.614233,New Orleans,LA,1.0,7,1,1,false,true,false,true,,,,"{""Monday"": ""10:0-1:0"", ""Tuesday"": ""10:0-1:0"", ""Wednesday"": ""10:0-1:0"", ""Thursday"": ""10:0-1:0"", ""Friday"": ""10:0-2:0"", ""Saturday"": ""10:0-2:0"", ""Sunday"": ""10:0-1:0""}"
ifZ_P8Mj7zVVKhNyKJAQwg__american_(traditional),ifZ_P8Mj7zVVKhNyKJAQwg,Waffle House,American (Traditional),ifZ_P8Mj7zVVKhNyKJAQwg,American (Traditional),29.9637501,-90.0852902,-778.662602,809.060984,New Orleans,LA,3.0,76,1,1,true,false,false,true,none,no,casual,"{""Monday"": ""0:0-0:0"", ""Tuesday"": ""0:0-0:0"", ""Wednesday"": ""0:0-0:0"", ""Thursday"": ""0:0-0:0"", ""Friday"": ""0:0-0:0"", ""Saturday"": ""0:0-0:0"", ""Sunday"": ""0:0-0:0""}"
dHaml_FHbs_wSyl6vvKpxw__cafes,dHaml_FHbs_wSyl6vvKpxw,Silver Whistle Café,Cafes,dHaml_FHbs_wSyl6vvKpxw,Cafes,29.9351131,-90.0797570,-245.594267,-2375.232529,New Orleans,LA,4.0,74,1,2,true,false,false,true,beer_and_wine,free,casual,"{""Monday"": ""7:0-11:0"", ""Tuesday"": ""7:0-11:0"", ""Wednesday"": ""7:0-11:0"", ""Thursday"": ""7:0-11:0"", ""Friday"": ""7:0-11:0"", ""Saturday"": ""7:0-11:0"", ""Sunday"": ""7:0-11:0""}"
5J65PhaSFmOngOEQFYOVaw__american_(traditional),5J65PhaSFmOngOEQFYOVaw,Indulge Island Grill,American (Traditional),5J65PhaSFmOngOEQFYOVaw,American (Traditional),29.9451942,-90.0733948,367.342275,-1254.258868,New Orleans,LA,3.5,30,0,2,true,true,true,true,full_bar,free,casual,"{""Monday"": ""11:0-0:0"", ""Tuesday"": ""11:0-0:0"", ""Wednesday"": ""11:0-0:0"", ""Thursday"": ""11:0-0:0"", ""Friday"": ""11:0-1:0"", ""Saturday"": ""11:0-1:0"", ""Sunday"": ""11:0-23:0""}"
7ZcA6w0UCRmeEjN2nyeYuA__southern,7ZcA6w0UCRmeEjN2nyeYuA,Root,Southern,7ZcA6w0UCRmeEjN2nyeYuA,Southern,29.9444002,-90.0653715,1140.304405,-1342.552699,New Orleans,LA,4.0,314,0,3,false,false,true,false,full_bar,free,trendy,"{""Tuesday"": ""17:0-22:0"", ""Wednesday"": ""17:0-22:0"", ""Thursday"": ""17:0-22:0"", ""Friday"": ""17:0-22:0"", ""Saturday"": ""17:0-22:0"", ""Sunday"": ""17:0-22:0""}"
9VP61EFCI7kXo5CU72Gmfg__american_(traditional),9VP61EFCI7kXo5CU72Gmfg,Azul Sports Restaurant,American (Traditional),9VP61EFCI7kXo5CU72Gmfg,American (Traditional),30.0058339,-90.1162567,-3761.974354,5488.572501,New Orleans,LA,3.5,25,0,2,,,,true,full_bar,,,
PJtI7vmojLrIH1qvFrFZkg__beer,PJtI7vmojLrIH1qvFrFZkg,Patrick's Bar Vin,Beer,PJtI7vmojLrIH1qvFrFZkg,Beer,29.9551932,-90.0683390,854.415537,-142.424198,New Orleans,LA,4.0,150,1,2,,,true,,full_bar,free,classy,"{""Thursday"": ""16:0-0:0"", ""Friday"": ""14:0-0:0"", ""Saturday"": ""14:0-0:0"", ""Sunday"": ""14:0-22:0""}"
wn5e0dymfYXHqX4FiMTDCg__cajun_creole,wn5e0dymfYXHqX4FiMTDCg,Primo's Restaurant,Cajun/Creole,wn5e0dymfYXHqX4FiMTDCg,Cajun/Creole,29.9559347,-90.0636824,1303.032252,-59.973046,New Orleans,LA,3.5,7,0,2,,,true,,full_bar,,,
mBXxL7776PIpye9GRDLu6Q__american_(new),mBXxL7776PIpye9GRDLu6Q,Apolline Restaurant,American (New),mBXxL7776PIpye9GRDLu6Q,American (New),29.9206840,-90.1058410,-2758.526105,-3979.677461,New Orleans,LA,4.5,406,1,2,,,true,false,full_bar,no,classy|romantic,"{""Wednesday"": ""17:0-21:30"", ""Thursday"": ""17:0-21:30"", ""Friday"": ""17:0-22:30"", ""Saturday"": ""17:30-22:30"", ""Sunday"": ""17:30-21:30""}"
GC3rq2K7Sjd9BbUdcrHrvw__fast_food,GC3rq2K7Sjd9BbUdcrHrvw,Pizza Hut,Fast Food,GC3rq2K7Sjd9BbUdcrHrvw,Fast Food,29.9463722,-90.1131698,-3464.580393,-1123.276312,New Orleans,LA,2.0,30,1,1,true,true,false,true,none,no,,"{""Monday"": ""11:0-22:0"", ""Tuesday"": ""11:0-22:0"", ""Wednesday"": ""11:0-22:0"", ""Thursday"": ""11:0-22:0"", ""Friday"": ""11:0-22:0"", ""Saturday"": ""11:0-22:0"", ""Sunday"": ""11:0-22:0""}"
ySgmgIfTm6tUqKRHdK3j9Q__venues_and_event_spaces,ySgmgIfTm6tUqKRHdK3j9Q,Beauregard-Keyes House and Garden,Venues & Event Spaces,ySgmgIfTm6tUqKRHdK3j9Q,Venues & Event Spaces,29.9609856,-90.0609191,1569.248498,501.662185,New Orleans,LA,4.5,30,1,,,,,true,,,,"{""Monday"": ""10:0-15:0"", ""Tuesday"": ""10:0-15:0"", ""Wednesday"": ""10:0-15:0"", ""Thursday"": ""10:0-15:0"", ""Friday"": ""10:0-15:0"", ""Saturday"": ""10:0-15:0""}"
-86Z04IBKxhEQ17rCOkn8g__specialty_food,-86Z04IBKxhEQ17rCOkn8g,Smoothie King,Specialty Food,-86Z04IBKxhEQ17rCOkn8g,Specialty Food,30.0280910,-90.0534740,2286.509226,7963.452522,New Orleans,LA,2.0,10,1,2,true,true,,,,no,,"{""Monday"": ""0:0-0:0"", ""Tuesday"": ""7:0-21:0"", ""Wednesday"": ""7:0-19:0"", ""Thursday"": ""7:0-19:0"", ""Friday"": ""7:0-19:0"", ""Saturday"": ""9:0-20:0"", ""Sunday"": ""11:0-18:0""}"
6PHK5X5u3A8urE-1QDZEag__cafes,6PHK5X5u3A8urE-1QDZEag,Breads on Oak Cafe & Bakery,Cafes,6PHK5X5u3A8urE-1QDZEag,Cafes,29.9520363,-90.0709905,598.970101,-493.455947,New Orleans,LA,4.5,61,1,2,true,true,true,,beer_and_wine,free,,"{""Monday"": ""0:0-0:0"", ""Wednesday"": ""8:30-14:0"", ""Thursday"": ""8:30-14:0"", ""Friday"": ""8:30-14:0"", ""Saturday"": ""8:30-14:0"", ""Sunday"": ""8:30-14:0""}"
_3TQ-w2vIh1CTuYgZp76uw__sandwiches,_3TQ-w2vIh1CTuYgZp76uw,Rimon at Tulane Hillel,Sandwiches,_3TQ-w2vIh1CTuYgZp76uw,Sandwiches,29.9400611,-90.1249579,-4600.247721,-1825.039272,New Orleans,LA,4.0,5,1,2,true,false,true,true,none,free,,"{""Monday"": ""0:0-0:0"", ""Tuesday"": ""10:0-19:0"", ""Wednesday"": ""10:0-19:0"", ""Thursday"": ""10:0-19:0"", ""Friday"": ""10:0-15:0""}"
9HvjjSwxxubIhG6E_sObfQ__seafood,9HvjjSwxxubIhG6E_sObfQ,NOLA Poboys,Seafood,9HvjjSwxxubIhG6E_sObfQ,Seafood,29.9603292,-90.0637834,1293.301915,428.673734,New Orleans,LA,4.0,1269,1,2,true,true,false,true,none,free,casual,"{""Monday"": ""11:0-0:0"", ""Tuesday"": ""11:0-0:0"", ""Wednesday"": ""11:0-0:0"", ""Thursday"": ""11:0-1:0"", ""Friday"": ""11:0-3:0"", ""Saturday"": ""11:0-3:0"", ""Sunday"": ""11:0-0:0""}"
A9coerF0oRiAfoeMoclq7A__burgers,A9coerF0oRiAfoeMoclq7A,Streetcar Bistro,Burgers,A9coerF0oRiAfoeMoclq7A,Burgers,29.9438660,-90.1336280,-5435.524915,-1401.953111,New Orleans,LA,4.0,15,0,,,,true,,,,,"{""Tuesday"": ""15:0-22:0"", ""Wednesday"": ""15:0-22:0"", ""Thursday"": ""15:0-22:0"", ""Friday"": ""15:0-22:0"", ""Saturday"": ""15:0-22:0"", ""Sunday"": ""15:0-22:0""}"
WEo8qW5e2T4Fo3InrqEHEw__venues_and_event_spaces,WEo8qW5e2T4Fo3InrqEHEw,City Park Peristyle Pavilion,Venues & Event Spaces,WEo8qW5e2T4Fo3InrqEHEw,Venues & Event Spaces,29.9852323,-90.0976574,-1970.115398,3197.778405,New Orleans,LA,5.0,15,1,,,,,true,,,,
I6M31tAZh-v2Y6v77jwNMQ__cocktail_bars,I6M31tAZh-v2Y6v77jwNMQ,Avila Grill,Cocktail Bars,I6M31tAZh-v2Y6v77jwNMQ,Cocktail Bars,29.9573462,-90.0673228,952.318558,96.974751,New Orleans,LA,4.5,28,1,,true,true,false,,full_bar,no,,"{""Monday"": ""0:0-0:0"", ""Tuesday"": ""17:0-21:0"", ""Wednesday"": ""17:0-21:0"", ""Thursday"": ""17:0-21:0"", ""Friday"": ""17:0-22:0"", ""Saturday"": ""17:0-22:0"", ""Sunday"": ""16:0-21:0""}"
99VA9y7rdlDzl_-Rd-WKKA__cafes,99VA9y7rdlDzl_-Rd-WKKA,Cafe Beignet - St. Peter,Cafes,99VA9y7rdlDzl_-Rd-WKKA,Cafes,29.9581860,-90.0651420,1162.414429,190.360438,New Orleans,LA,3.5,42,0,,true,false,true,,,no,,"{""Monday"": ""8:0-22:0"", ""Tuesday"": ""8:0-22:0"", ""Wednesday"": ""8:0-22:0"", ""Thursday"": ""8:0-22:0"", ""Friday"": ""8:0-22:0"", ""Saturday"": ""8:0-22:0"", ""Sunday"": ""8:0-22:0""}"
mVbogEqN0dtUh1c2XkyRgw__burgers,mVbogEqN0dtUh1c2XkyRgw,WOW Cafe,Burgers,mVbogEqN0dtUh1c2XkyRgw,Burgers,30.0415355,-89.9556707,11708.876440,9458.414778,New Orleans,LA,2.5,19,0,2,true,false,,true,,,,"{""Monday"": ""11:0-22:0"", ""Tuesday"": ""11:0-22:0"", ""Wednesday"": ""11:0-22:0"", ""Thursday"": ""11:0-22:0"", ""Friday"": ""11:0-22:0"", ""Saturday"": ""11:0-22:0"", ""Sunday"": ""11:0-22:0""}"
AbsMfTW2p7JM8jKzwRjPuQ__southern,AbsMfTW2p7JM8jKzwRjPuQ,Fulton Place Restaurant,Southern,AbsMfTW2p7JM8jKzwRjPuQ,Southern,29.9419651,-90.0652612,1150.930704,-1613.323839,New Orleans,LA,4.0,6,0,2,true,true,false,true,full_bar,free,,"{""Monday"": ""11:0-23:0"", ""Tuesday"": ""11:0-23:0"", ""Wednesday"": ""11:0-23:0"", ""Thursday"": ""11:0-23:0"", ""Friday"": ""11:0-23:0"", ""Saturday"": ""11:0-23:0"", ""Sunday"": ""11:0-23:0""}"
ZsztcaF2vwHv1LRs2ziLHg__sandwiches,ZsztcaF2vwHv1LRs2ziLHg,John & Mary's Food Store,Sandwiches,ZsztcaF2vwHv1LRs2ziLHg,Sandwiches,29.9747686,-90.0892972,-1164.696871,2034.263975,New Orleans,LA,4.0,11,1,1,true,false,false,false,beer_and_wine,,,"{""Monday"": ""7:0-19:0"", ""Tuesday"": ""7:0-19:0"", ""Wednesday"": ""7:0-19:0"", ""Thursday"": ""7:0-19:0"", ""Friday"": ""7:0-19:0"", ""Saturday"": ""7:0-19:0""}"
gybl_Jycrn8X_CytA-9J8g__coffee_and_tea,gybl_Jycrn8X_CytA-9J8g,Dunkin' Donuts,Coffee & Tea,gybl_Jycrn8X_CytA-9J8g,Coffee & Tea,29.8932009,-90.0305307,4496.863704,-7035.658956,New Orleans,LA,2.0,19,0,1,true,,true,,,free,,"{""Monday"": ""5:0-22:0"", ""Tuesday"": ""5:0-22:0"", ""Wednesday"": ""5:0-22:0"", ""Thursday"": ""5:0-22:0"", ""Friday"": ""5:0-23:0"", ""Saturday"": ""5:0-23:0"", ""Sunday"": ""5:0-22:0""}"
ORVWMFwF5qTWy9Cbahf0Pg__american_(new),ORVWMFwF5qTWy9Cbahf0Pg,Café Adelaide,American (New),ORVWMFwF5qTWy9Cbahf0Pg,American (New),29.9481852,-90.0662039,1060.110367,-921.676785,New Orleans,LA,3.5,435,0,2,false,false,false,false,full_bar,free,classy,"{""Monday"": ""11:30-21:0"", ""Tuesday"": ""11:30-21:0"", ""Wednesday"": ""11:30-21:0"", ""Thursday"": ""11:30-21:0"", ""Friday"": ""11:30-22:0"", ""Saturday"": ""17:30-22:0"", ""Sunday"": ""17:30-21:0""}"
wHpOgSutd4QmV_X7gXZ3dw__coffee_and_tea,wHpOgSutd4QmV_X7gXZ3dw,CR Coffee Shop,Coffee & Tea,wHpOgSutd4QmV_X7gXZ3dw,Coffee & Tea,29.9217528,-90.0920693,-1431.760908,-3860.832159,New Orleans,LA,4.5,17,1,,true,true,true,,,free,,"{""Monday"": ""6:0-19:0"", ""Tuesday"": ""6:0-19:0"", ""Wednesday"": ""6:0-19:0"", ""Thursday"": ""6:0-19:0"", ""Friday"": ""6:0-19:0"", ""Saturday"": ""6:0-19:0"", ""Sunday"": ""6:0-19:0""}"
HhD8DLES5ZeULKDXmfkOOg__burgers,HhD8DLES5ZeULKDXmfkOOg,Walk-On's Sports Bistreaux - New Orleans,Burgers,HhD8DLES5ZeULKDXmfkOOg,Burgers,29.9507694,-90.0747974,232.216572,-634.328994,New Orleans,LA,3.5,508,1,2,true,true,false,true,full_bar,free,casual,"{""Monday"": ""0:0-0:0"", ""Tuesday"": ""11:0-23:0"", ""Wednesday"": ""11:0-23:0"", ""Thursday"": ""11:0-23:0"", ""Friday"": ""11:0-16:0"", ""Saturday"": ""11:0-0:0"", ""Sunday"": ""11:0-23:0""}"
YKOp8yCwOXVha_RP-vvGag__sandwiches,YKOp8yCwOXVha_RP-vvGag,Banh Mi Boys,Sandwiches,YKOp8yCwOXVha_RP-vvGag,Sandwiches,29.9233283,-90.0875805,-999.313113,-3685.648969,New Orleans,LA,4.5,8,1,,true,true,false,,,,casual,"{""Tuesday"": ""11:0-20:0"", ""Wednesday"": ""11:0-20:0"", ""Thursday"": ""11:0-20:0"", ""Friday"": ""11:0-20:0"", ""Saturday"": ""11:0-20:0"", ""Sunday"": ""11:0-20:0""}"
aYTy7BprrbZ2uvsqPHanZg__cajun_creole,aYTy7BprrbZ2uvsqPHanZg,Cava,Cajun/Creole,aYTy7BprrbZ2uvsqPHanZg,Cajun/Creole,30.0048880,-90.1059690,-2770.857621,5383.393075,New Orleans,LA,4.0,85,0,3,false,false,false,false,full_bar,paid,classy|upscale,"{""Tuesday"": ""17:0-21:0"", ""Wednesday"": ""17:0-21:0"", ""Thursday"": ""17:0-21:0"", ""Friday"": ""17:0-22:0"", ""Saturday"": ""17:0-22:0"", ""Sunday"": ""17:0-21:0""}"
nVJLWmuM4DQ7D-Qgq9ytSg__specialty_food,nVJLWmuM4DQ7D-Qgq9ytSg,Bar B Q Kings,Specialty Food,nVJLWmuM4DQ7D-Qgq9ytSg,Specialty Food,29.9967010,-90.0597590,1681.012500,4473.038953,New Orleans,LA,4.0,26,0,1,true,false,false,true,none,no,divey,"{""Wednesday"": ""11:0-19:0"", ""Thursday"": ""11:0-19:0"", ""Friday"": ""11:0-19:0"", ""Saturday"": ""11:0-19:0"", ""Sunday"": ""11:0-15:0""}"
66U1bqahhW27Pr4ermVaqw__specialty_food,66U1bqahhW27Pr4ermVaqw,Made Grocery,Specialty Food,66U1bqahhW27Pr4ermVaqw,Specialty Food,29.9482376,-90.1307812,-5161.260313,-915.851275,New Orleans,LA,4.0,34,0,2,true,false,true,true,beer_and_wine,no,classy,"{""Monday"": ""9:0-20:0"", ""Tuesday"": ""9:0-20:0"", ""Wednesday"": ""9:0-20:0"", ""Thursday"": ""9:0-20:0"", ""Friday"": ""9:0-20:0"", ""Saturday"": ""9:0-20:0"", ""Sunday"": ""9:0-20:0""}"
tmaIgDhOC-YJultQCh5_lw__venues_and_event_spaces,tmaIgDhOC-YJultQCh5_lw,Rare Form,Venues & Event Spaces,tmaIgDhOC-YJultQCh5_lw,Venues & Event Spaces,29.9620440,-90.0574910,1899.511557,619.351058,New Orleans,LA,4.0,54,0,2,true,true,true,false,full_bar,no,casual|divey,"{""Monday"": ""13:0-2:0"", ""Tuesday"": ""13:0-2:0"", ""Wednesday"": ""13:0-2:0"", ""Thursday"": ""13:0-2:0"", ""Friday"": ""13:0-3:0"", ""Saturday"": ""11:0-3:0"", ""Sunday"": ""11:0-3:0""}"
htDRn1cXDyimxz6BJWB3LQ__southern,htDRn1cXDyimxz6BJWB3LQ,Josephine Estelle,Southern,htDRn1cXDyimxz6BJWB3LQ,Southern,29.9483315,-90.0718664,514.585919,-905.411480,New Orleans,LA,4.0,364,1,2,true,true,true,false,full_bar,free,classy|trendy,"{""Monday"": ""0:0-0:0"", ""Wednesday"": ""17:0-22:0"", ""Thursday"": ""17:0-22:0"", ""Friday"": ""17:0-22:0"", ""Saturday"": ""17:0-22:0"", ""Sunday"": ""17:0-22:0""}"
JRa60aO_ZZCdfDIU6IlpCA__southern,JRa60aO_ZZCdfDIU6IlpCA,Balise Tavern,Southern,JRa60aO_ZZCdfDIU6IlpCA,Southern,29.9476763,-90.0722131,481.184850,-978.266497,New Orleans,LA,4.0,188,0,2,true,false,true,false,full_bar,no,classy|intimate|trendy,"{""Monday"": ""16:30-23:0"", ""Tuesday"": ""16:30-22:0"", ""Wednesday"": ""16:30-22:0"", ""Thursday"": ""16:30-22:0"", ""Friday"": ""16:30-23:0"", ""Saturday"": ""16:30-23:0"", ""Sunday"": ""10:0-22:0""}"
24YT8pH4s8fX2kUzFibYIQ__seafood,24YT8pH4s8fX2kUzFibYIQ,Rock N Roll Sushi,Seafood,24YT8pH4s8fX2kUzFibYIQ,Seafood,29.9485100,-90.0629440,1374.169688,-885.563158,New Orleans,LA,4.5,25,1,2,true,true,true,,beer_and_wine,free,casual|trendy,"{""Monday"": ""0:0-0:0"", ""Tuesday"": ""11:0-19:0"", ""Wednesday"": ""11:0-19:0"", ""Thursday"": ""11:0-19:0"", ""Friday"": ""11:0-19:0"", ""Saturday"": ""11:0-19:0"", ""Sunday"": ""11:0-18:0""}"
EJeq9K5-ilBj8bSbCX4cMw__burgers,EJeq9K5-ilBj8bSbCX4cMw,IHOP,Burgers,EJeq9K5-ilBj8bSbCX4cMw,Burgers,29.9644000,-90.1108000,-3236.276027,881.326667,New Orleans,LA,2.0,60,1,,true,true,false,,,,,"{""Monday"": ""0:0-0:0"", ""Tuesday"": ""0:0-0:0"", ""Wednesday"": ""0:0-0:0"", ""Thursday"": ""0:0-0:0"", ""Friday"": ""0:0-0:0"", ""Saturday"": ""0:0-0:0"", ""Sunday"": ""0:0-0:0""}"
d-ZDoG2XxcvP0Qgt4tyJ-w__specialty_food,d-ZDoG2XxcvP0Qgt4tyJ-w,Cajun Jerky and Meats,Specialty Food,d-ZDoG2XxcvP0Qgt4tyJ-w,Specialty Food,29.9596064,-90.0595690,1699.317094,348.301930,New Orleans,LA,4.5,6,0,2,true,,,true,,,classy,
ZdvKfuS_x7lmtmeCO46Mmg__american_(new),ZdvKfuS_x7lmtmeCO46Mmg,PDR,American (New),ZdvKfuS_x7lmtmeCO46Mmg,American (New),29.9682679,-90.0326531,4292.394155,1311.418117,New Orleans,LA,4.5,12,1,2,true,false,,true,,,,
T8z4KyPHqDeZTDnTBGDfJg__beer,T8z4KyPHqDeZTDnTBGDfJg,Nola Wine Merchant,Beer,T8z4KyPHqDeZTDnTBGDfJg,Beer,29.9215527,-90.1172213,-3854.903891,-3883.082295,New Orleans,LA,4.0,19,1,2,true,,,,,,,"{""Monday"": ""10:0-19:0"", ""Tuesday"": ""10:0-19:0"", ""Wednesday"": ""10:0-19:0"", ""Thursday"": ""10:0-19:0"", ""Friday"": ""10:0-19:0"", ""Saturday"": ""10:0-19:0""}"
bWMpAxTtVKpNfuVK7xMjQg__art_galleries,bWMpAxTtVKpNfuVK7xMjQg,The Rook Cafe,Art Galleries,bWMpAxTtVKpNfuVK7xMjQg,Art Galleries,29.9348693,-90.1047087,-2649.440354,-2402.341889,New Orleans,LA,4.5,99,1,1,true,false,true,true,none,free,casual|hipster,"{""Monday"": ""0:0-0:0"", ""Tuesday"": ""5:30-17:0"", ""Wednesday"": ""5:30-17:0"", ""Thursday"": ""5:30-17:0"", ""Friday"": ""12:0-14:0"", ""Saturday"": ""5:30-17:0"", ""Sunday"": ""5:30-17:0""}"
hLlDzRaDGN-0SlEWk0xTpQ__cafes,hLlDzRaDGN-0SlEWk0xTpQ,Breads on Oak Cafe & Bakery,Cafes,hLlDzRaDGN-0SlEWk0xTpQ,Cafes,29.9511300,-90.1348639,-5554.591487,-594.232048,New Orleans,LA,4.5,388,1,2,true,true,true,true,beer_and_wine,free,casual,"{""Monday"": ""0:0-0:0"", ""Wednesday"": ""7:30-15:0"", ""Thursday"": ""7:30-15:0"", ""Friday"": ""7:30-15:0"", ""Saturday"": ""7:30-15:0"", ""Sunday"": ""7:30-15:0""}"
5HZPNcMR5dHQ1OyOb-RDgw__pizza,5HZPNcMR5dHQ1OyOb-RDgw,Nonna Mia Cafe & Pizzeria,Pizza,5HZPNcMR5dHQ1OyOb-RDgw,Pizza,29.9802825,-90.0840396,-658.179832,2647.382528,New Orleans,LA,3.5,294,1,2,true,true,true,true,full_bar,no,casual,"{""Monday"": ""0:0-0:0"", ""Tuesday"": ""16:0-21:0"", ""Wednesday"": ""16:0-21:0"", ""Thursday"": ""16:0-21:0"", ""Friday"": ""16:0-21:0"", ""Saturday"": ""16:0-21:0"", ""Sunday"": ""16:0-21:0""}"
urcsgFm757tjbcOOjzIDyQ__pizza,urcsgFm757tjbcOOjzIDyQ,Angeletto's Pizzeria and Pub,Pizza,urcsgFm757tjbcOOjzIDyQ,Pizza,29.9569728,-90.0778669,-63.502085,55.458567,New Orleans,LA,3.0,15,0,2,true,true,true,true,full_bar,free,,"{""Monday"": ""11:0-16:0"", ""Tuesday"": ""11:0-16:0"", ""Wednesday"": ""11:0-16:0"", ""Thursday"": ""11:0-16:0"", ""Friday"": ""11:0-16:0""}"
wwmlA6z3OhuykghM7f9RkA__seafood,wwmlA6z3OhuykghM7f9RkA,Patois Restaurant,Seafood,wwmlA6z3OhuykghM7f9RkA,Seafood,29.9198745,-90.1244805,-4554.251300,-4069.685508,New Orleans,LA,4.0,202,1,3,true,true,true,false,full_bar,free,classy,"{""Wednesday"": ""17:30-21:0"", ""Thursday"": ""17:30-21:0"", ""Friday"": ""17:30-21:0"", ""Saturday"": ""17:30-21:0"", ""Sunday"": ""10:30-14:30""}"
WejC6VuhY1GwMIXBJsAO9w__fitness_and_instruction,WejC6VuhY1GwMIXBJsAO9w,Zone Fit Nola,Fitness & Instruction,WejC6VuhY1GwMIXBJsAO9w,Fitness & Instruction,29.9916894,-90.1099689,-3156.207876,3915.773689,New Orleans,LA,5.0,6,1,,,,,,,,,"{""Monday"": ""5:30-19:30"", ""Tuesday"": ""5:30-19:30"", ""Wednesday"": ""5:30-19:30"", ""Thursday"": ""5:30-19:30"", ""Friday"": ""5:30-19:30""}"
_wUVeoShcomTE79D9T1goQ__burgers,_wUVeoShcomTE79D9T1goQ,Stuph'D Beignets & Burgers,Burgers,_wUVeoShcomTE79D9T1goQ,Burgers,30.0137092,-90.0507924,2544.854495,6364.267117,New Orleans,LA,4.5,89,1,2,true,false,true,,none,no,casual|intimate|trendy,"{""Monday"": ""0:0-0:0"", ""Wednesday"": ""10:0-17:0"", ""Thursday"": ""10:0-17:0"", ""Friday"": ""10:0-17:0"", ""Saturday"": ""10:0-17:0"", ""Sunday"": ""10:0-15:0""}"
OBvAvvz04spDGJA5yQ2ueA__desserts,OBvAvvz04spDGJA5yQ2ueA,That's Amore Pizzeria Chicago Wood & Fire,Desserts,OBvAvvz04spDGJA5yQ2ueA,Desserts,29.9413585,-90.0743596,274.391100,-1680.774775,New Orleans,LA,4.0,62,0,2,true,true,,true,full_bar,free,casual,"{""Tuesday"": ""16:30-21:0"", ""Wednesday"": ""16:30-21:0"", ""Thursday"": ""16:30-21:0"", ""Friday"": ""16:30-21:0"", ""Saturday"": ""16:30-21:0"", ""Sunday"": ""16:30-21:0""}"
QQng-ifjEZhI1Vb9j0Hb4A__pizza,QQng-ifjEZhI1Vb9j0Hb4A,Reginelli's Pizzeria,Pizza,QQng-ifjEZhI1Vb9j0Hb4A,Pizza,29.9646506,-90.1948353,-11332.234503,909.192154,New Orleans,LA,4.0,75,1,2,true,true,true,true,beer_and_wine,paid,casual,"{""Monday"": ""11:0-21:0"", ""Tuesday"": ""11:0-21:0"", ""Wednesday"": ""11:0-21:0"", ""Thursday"": ""11:0-21:0"", ""Friday"": ""11:0-21:0"", ""Saturday"": ""11:0-21:0"", ""Sunday"": ""11:0-21:0""}"
UWgXGLSJXL9vJqOJ1j_LFg__cajun_creole,UWgXGLSJXL9vJqOJ1j_LFg,Cajun Cabin,Cajun/Creole,UWgXGLSJXL9vJqOJ1j_LFg,Cajun/Creole,29.9572555,-90.0670177,981.709543,86.893416,New Orleans,LA,3.0,61,0,2,true,false,false,false,full_bar,,casual|touristy,"{""Monday"": ""11:0-1:0"", ""Tuesday"": ""11:0-1:0"", ""Wednesday"": ""11:0-1:0"", ""Thursday"": ""11:0-1:0"", ""Friday"": ""11:0-1:0"", ""Saturday"": ""11:0-1:0"", ""Sunday"": ""11:0-1:0""}"
9kv9JpLhzkN3UeWZDrsmEA__southern,9kv9JpLhzkN3UeWZDrsmEA,The Country Club,Southern,9kv9JpLhzkN3UeWZDrsmEA,Southern,29.9629627,-90.0440440,3194.995165,721.505978,New Orleans,LA,4.0,558,1,2,true,false,true,true,full_bar,free,classy|trendy,"{""Monday"": ""10:0-23:0"", ""Thursday"": ""10:0-23:0"", ""Friday"": ""10:0-23:0"", ""Saturday"": ""10:0-23:0"", ""Sunday"": ""10:0-23:0""}"
Mhil8-ZE3xaIctgGcUZ3QA__art_galleries,Mhil8-ZE3xaIctgGcUZ3QA,Good Work Tattoos,Art Galleries,Mhil8-ZE3xaIctgGcUZ3QA,Art Galleries,29.9654440,-90.0359798,3971.899969,997.414330,New Orleans,LA,4.5,30,1,3,,,,,,,,"{""Monday"": ""12:0-20:0"", ""Tuesday"": ""12:0-20:0"", ""Wednesday"": ""12:0-20:0"", ""Thursday"": ""12:0-20:0"", ""Friday"": ""12:0-20:0"", ""Saturday"": ""12:0-20:0"", ""Sunday"": ""12:0-20:0""}"
xZileQFJ7h-0QKjtGc9xgg__cajun_creole,xZileQFJ7h-0QKjtGc9xgg,Arnaud's French 75 Bar,Cajun/Creole,xZileQFJ7h-0QKjtGc9xgg,Cajun/Creole,29.9558322,-90.0686549,823.981740,-71.370542,New Orleans,LA,4.5,468,1,2,true,,,false,full_bar,no,classy,"{""Wednesday"": ""17:30-21:0"", ""Thursday"": ""17:30-21:0"", ""Friday"": ""17:30-21:0"", ""Saturday"": ""5:30-21:0"", ""Sunday"": ""10:0-13:30""}"
zvGNZF827KyzLupKiG4Xtw__american_(traditional),zvGNZF827KyzLupKiG4Xtw,Three Legged Dog,American (Traditional),zvGNZF827KyzLupKiG4Xtw,American (Traditional),29.9575258,-90.0693665,755.426216,116.949446,New Orleans,LA,4.0,255,1,1,,,true,false,full_bar,free,casual|divey,"{""Monday"": ""0:0-0:0"", ""Tuesday"": ""0:0-0:0"", ""Wednesday"": ""0:0-0:0"", ""Thursday"": ""0:0-0:0"", ""Friday"": ""0:0-0:0"", ""Saturday"": ""0:0-0:0"", ""Sunday"": ""0:0-0:0""}"
znBiWLCwpLGwdrgvZ7G6Hg__american_(traditional),znBiWLCwpLGwdrgvZ7G6Hg,Margaritaville,American (Traditional),znBiWLCwpLGwdrgvZ7G6Hg,American (Traditional),29.9600488,-90.0597162,1685.135850,397.494633,New Orleans,LA,3.0,159,0,2,true,false,true,true,full_bar,no,touristy,"{""Monday"": ""11:0-22:0"", ""Tuesday"": ""11:0-22:0"", ""Wednesday"": ""11:0-22:0"", ""Thursday"": ""11:0-22:0"", ""Friday"": ""11:0-23:0"", ""Saturday"": ""11:0-23:0"", ""Sunday"": ""11:0-22:0""}"
4inlQasjjXIe-wK9Wce5qA__beer,4inlQasjjXIe-wK9Wce5qA,Rotolo's Pizzeria,Beer,4inlQasjjXIe-wK9Wce5qA,Beer,29.9549893,-90.0661553,1064.793135,-165.096875,New Orleans,LA,3.0,22,0,1,true,true,false,true,full_bar,no,,"{""Monday"": ""11:0-23:0"", ""Tuesday"": ""11:0-23:0"", ""Wednesday"": ""11:0-23:0"", ""Thursday"": ""11:0-1:0"", ""Friday"": ""11:0-1:0"", ""Saturday"": ""11:0-1:0""}"
_Vm1wFLSe6kanZV1sQjkOw__cafes,_Vm1wFLSe6kanZV1sQjkOw,Catahoula Hotel,Cafes,_Vm1wFLSe6kanZV1sQjkOw,Cafes,29.9516963,-90.0732350,382.735033,-531.262274,New Orleans,LA,3.5,99,1,2,,,true,,full_bar,free,,"{""Monday"": ""0:0-0:0"", ""Tuesday"": ""0:0-0:0"", ""Wednesday"": ""0:0-0:0"", ""Thursday"": ""0:0-0:0"", ""Friday"": ""0:0-0:0"", ""Saturday"": ""0:0-0:0"", ""Sunday"": ""0:0-0:0""}"
ZgmEBmGQbSHj8YZgN2pPLQ__coffee_and_tea,ZgmEBmGQbSHj8YZgN2pPLQ,Satsuma Café,Coffee & Tea,ZgmEBmGQbSHj8YZgN2pPLQ,Coffee & Tea,29.9638110,-90.0429710,3298.367955,815.832764,New Orleans,LA,4.0,365,1,2,true,false,true,true,none,free,hipster,"{""Monday"": ""8:0-15:0"", ""Tuesday"": ""8:0-15:0"", ""Wednesday"": ""8:0-15:0"", ""Thursday"": ""8:0-15:0"", ""Friday"": ""8:0-15:0"", ""Saturday"": ""8:0-15:0"", ""Sunday"": ""8:0-15:0""}"
ZVEZPj5E2Myyks4duZSntw__american_(traditional),ZVEZPj5E2Myyks4duZSntw,Cafe Rani Bistro & Wine,American (Traditional),ZVEZPj5E2Myyks4duZSntw,American (Traditional),29.9255365,-90.0843625,-689.288009,-3440.103334,New Orleans,LA,3.5,57,0,2,true,false,true,true,full_bar,,casual,"{""Monday"": ""11:0-18:0"", ""Tuesday"": ""11:0-21:0"", ""Wednesday"": ""11:0-21:0"", ""Thursday"": ""11:0-21:0"", ""Friday"": ""11:0-22:0"", ""Saturday"": ""10:0-22:0"", ""Sunday"": ""10:0-16:0""}"
DWRu1Mw1T7fln6p2F9h7Fg__venues_and_event_spaces,DWRu1Mw1T7fln6p2F9h7Fg,Sun Ray Grill,Venues & Event Spaces,DWRu1Mw1T7fln6p2F9h7Fg,Venues & Event Spaces,29.9408761,-90.0682131,866.544740,-1734.415281,New Orleans,LA,3.5,81,0,2,true,true,true,true,full_bar,no,casual,"{""Monday"": ""11:0-22:30"", ""Tuesday"": ""11:0-22:30"", ""Wednesday"": ""11:0-22:30"", ""Thursday"": ""11:0-22:30"", ""Friday"": ""11:0-22:30"", ""Saturday"": ""12:0-22:30"", ""Sunday"": ""12:0-21:0""}"
yqYywLM3t-FgbEXgnhTYNA__cafes,yqYywLM3t-FgbEXgnhTYNA,Breakfast Club Cafe,Cafes,yqYywLM3t-FgbEXgnhTYNA,Cafes,29.9380623,-90.2116885,-12955.871324,-2047.295998,New Orleans,LA,3.5,34,1,1,true,true,false,true,none,free,,"{""Monday"": ""7:30-22:0"", ""Tuesday"": ""7:30-22:0"", ""Wednesday"": ""7:30-22:0"", ""Thursday"": ""7:30-22:0"", ""Friday"": ""7:30-16:0"", ""Saturday"": ""7:30-16:0"", ""Sunday"": ""7:30-14:0""}"
75FY8ZQx5nOWP0VFmNvWfw__southern,75FY8ZQx5nOWP0VFmNvWfw,Atchafalaya Restaurant,Southern,75FY8ZQx5nOWP0VFmNvWfw,Southern,29.9212715,-90.0878562,-1025.870970,-3914.350351,New Orleans,LA,4.5,2037,1,3,,false,,true,full_bar,free,classy,"{""Monday"": ""0:0-0:0"", ""Thursday"": ""15:0-21:0"", ""Friday"": ""15:0-21:30"", ""Saturday"": ""15:0-21:30"", ""Sunday"": ""15:0-21:0""}"
W-JkDeuTjGhQmNj1KgWMMQ__cajun_creole,W-JkDeuTjGhQmNj1KgWMMQ,Montrels Bistro,Cajun/Creole,W-JkDeuTjGhQmNj1KgWMMQ,Cajun/Creole,29.9589492,-90.0603896,1620.260513,275.224523,New Orleans,LA,1.5,35,0,2,true,,true,true,,,,
FdoIc2GfFO35OzVVC4fi2w__american_(traditional),FdoIc2GfFO35OzVVC4fi2w,P & G Restaurant & Bar,American (Traditional),FdoIc2GfFO35OzVVC4fi2w,American (Traditional),29.9514706,-90.0729795,407.349896,-556.359004,New Orleans,LA,4.0,203,1,2,true,true,false,true,beer_and_wine,no,casual,"{""Monday"": ""6:0-15:0"", ""Tuesday"": ""6:0-15:0"", ""Wednesday"": ""6:0-15:0"", ""Thursday"": ""6:0-15:0"", ""Friday"": ""6:0-15:0"", ""Saturday"": ""6:0-14:0""}"
BK8NZlJtgsKnh_L_mTRc6Q__southern,BK8NZlJtgsKnh_L_mTRc6Q,The Yard,Southern,BK8NZlJtgsKnh_L_mTRc6Q,Southern,29.9620440,-90.0574910,1899.511557,619.351058,New Orleans,LA,4.0,59,1,,true,true,true,,full_bar,free,,"{""Thursday"": ""16:0-23:0"", ""Friday"": ""11:0-1:0"", ""Saturday"": ""11:0-1:0"", ""Sunday"": ""11:0-1:0""}"
Zu190KfU6xuNaOCDfthmYw__venues_and_event_spaces,Zu190KfU6xuNaOCDfthmYw,Bourbon Street Drinkery,Venues & Event Spaces,Zu190KfU6xuNaOCDfthmYw,Venues & Event Spaces,29.9550754,-90.0689191,798.524143,-155.518497,New Orleans,LA,4.0,161,1,2,true,false,true,false,full_bar,free,casual|classy|touristy|trendy,"{""Monday"": ""12:0-3:0"", ""Tuesday"": ""12:0-3:0"", ""Wednesday"": ""12:0-3:0"", ""Thursday"": ""11:0-3:0"", ""Friday"": ""11:0-3:0"", ""Saturday"": ""11:0-3:0"", ""Sunday"": ""11:0-3:0""}"
kvt7lGaRArkeDbw5eCZP8w__seafood,kvt7lGaRArkeDbw5eCZP8w,Mr. Eds seafood and oyster Bar,Seafood,kvt7lGaRArkeDbw5eCZP8w,Seafood,29.9549912,-90.0693311,758.838606,-164.886149,New Orleans,LA,3.5,13,0,,,false,,true,,,,
rrNF0siUBVQOOgsFVfGpKA__venues_and_event_spaces,rrNF0siUBVQOOgsFVfGpKA,Columns,Venues & Event Spaces,rrNF0siUBVQOOgsFVfGpKA,Venues & Event Spaces,29.9273532,-90.0961074,-1820.791350,-3238.095232,New Orleans,LA,3.5,293,1,2,false,false,true,false,full_bar,free,classy,"{""Monday"": ""7:0-21:0"", ""Tuesday"": ""7:0-21:0"", ""Wednesday"": ""7:0-21:0"", ""Thursday"": ""7:0-21:0"", ""Friday"": ""7:0-22:0"", ""Saturday"": ""7:0-22:0"", ""Sunday"": ""7:0-21:0""}"
RTJiMomkeeDi5LZn0GhxQA__southern,RTJiMomkeeDi5LZn0GhxQA,Curio,Southern,RTJiMomkeeDi5LZn0GhxQA,Southern,29.9550316,-90.0676538,920.427686,-160.393323,New Orleans,LA,4.0,609,1,2,true,true,true,false,full_bar,no,casual|classy|intimate|romantic|trendy|upscale,"{""Monday"": ""9:0-22:0"", ""Wednesday"": ""9:0-22:0"", ""Thursday"": ""9:0-22:0"", ""Friday"": ""9:0-23:0"", ""Saturday"": ""9:0-23:0"", ""Sunday"": ""9:0-22:0""}"
3rjbYOHP_cRoP3zleHuS3Q__art_galleries,3rjbYOHP_cRoP3zleHuS3Q,The Big Top Gallery,Art Galleries,3rjbYOHP_cRoP3zleHuS3Q,Art Galleries,29.9418185,-90.0748598,226.201846,-1629.625038,New Orleans,LA,4.0,5,0,2,,,,true,,,,
MCDKORBcNIjKGF79sXFOcg__art_galleries,MCDKORBcNIjKGF79sXFOcg,Neal Auction Company,Art Galleries,MCDKORBcNIjKGF79sXFOcg,Art Galleries,29.9208627,-90.0976954,-1973.779226,-3959.806900,New Orleans,LA,2.5,18,1,3,,,,,,,,"{""Monday"": ""9:0-17:0"", ""Tuesday"": ""9:0-17:0"", ""Wednesday"": ""9:0-17:0"", ""Thursday"": ""9:0-17:0"", ""Friday"": ""9:0-17:0""}"
LCijSRG2kzBgbdwPdi02Nw__seafood,LCijSRG2kzBgbdwPdi02Nw,Yang's Po-Boys,Seafood,LCijSRG2kzBgbdwPdi02Nw,Seafood,29.9814570,-90.1072490,-2894.172786,2777.981150,New Orleans,LA,4.0,35,0,1,true,false,false,true,none,no,casual,"{""Monday"": ""10:30-19:0"", ""Tuesday"": ""10:30-19:0"", ""Wednesday"": ""10:30-19:0"", ""Thursday"": ""10:30-19:0"", ""Friday"": ""10:30-19:0"", ""Saturday"": ""10:30-19:0""}"
yf8a1DOlqoqlKHuLSKEfxg__cocktail_bars,yf8a1DOlqoqlKHuLSKEfxg,Dante's Kitchen,Cocktail Bars,yf8a1DOlqoqlKHuLSKEfxg,Cocktail Bars,29.9458219,-90.1349687,-5564.687916,-1184.466654,New Orleans,LA,4.5,640,0,2,false,false,true,false,full_bar,no,classy,"{""Monday"": ""18:0-21:15"", ""Wednesday"": ""18:0-21:15"", ""Thursday"": ""18:0-22:0"", ""Friday"": ""18:0-21:15"", ""Saturday"": ""18:0-21:15"", ""Sunday"": ""18:0-21:15""}"
b_WqANUY0faWZOpMNiBLew__seafood,b_WqANUY0faWZOpMNiBLew,Clancy's Restaurant,Seafood,b_WqANUY0faWZOpMNiBLew,Seafood,29.9190693,-90.1250853,-4612.519584,-4159.227248,New Orleans,LA,4.0,318,1,3,false,false,false,false,full_bar,no,classy|intimate,"{""Tuesday"": ""17:0-22:0"", ""Wednesday"": ""17:0-22:0"", ""Thursday"": ""17:0-22:0"", ""Friday"": ""17:0-22:0"", ""Saturday"": ""17:0-22:0""}"
oYF96W1boB-0E3g3i8U_zw__coffee_and_tea,oYF96W1boB-0E3g3i8U_zw,Wink's World Famous Buttermilk Drop Bakery & Bistro,Coffee & Tea,oYF96W1boB-0E3g3i8U_zw,Coffee & Tea,29.9609322,-90.0587724,1776.061516,495.724367,New Orleans,LA,4.0,113,0,1,true,false,,,,,,"{""Monday"": ""8:0-16:0"", ""Tuesday"": ""8:0-16:0"", ""Wednesday"": ""8:0-16:0"", ""Thursday"": ""8:0-16:0"", ""Friday"": ""8:0-16:0"", ""Saturday"": ""9:0-17:0"", ""Sunday"": ""9:0-17:0""}"
3wo9jODQnuvBm8Gkem6qXg__southern,3wo9jODQnuvBm8Gkem6qXg,Ruby Slipper Cafe,Southern,3wo9jODQnuvBm8Gkem6qXg,Southern,29.9636570,-90.0894798,-1182.288550,798.708722,New Orleans,LA,4.0,904,1,2,true,true,true,true,full_bar,no,casual,"{""Monday"": ""0:0-0:0"", ""Tuesday"": ""7:30-14:0"", ""Wednesday"": ""7:30-14:0"", ""Thursday"": ""7:30-14:0"", ""Friday"": ""7:30-14:0"", ""Saturday"": ""7:30-15:0"", ""Sunday"": ""7:30-15:0""}"
0JmFfcBbIux_vauRNWzD9Q__coffee_and_tea,0JmFfcBbIux_vauRNWzD9Q,Alma Cafe,Coffee & Tea,0JmFfcBbIux_vauRNWzD9Q,Coffee & Tea,29.9641769,-90.0435741,3240.265318,856.519044,New Orleans,LA,4.5,149,1,2,true,true,true,,full_bar,free,,"{""Monday"": ""0:0-0:0"", ""Tuesday"": ""8:0-15:0"", ""Wednesday"": ""8:0-15:0"", ""Thursday"": ""8:0-15:0"", ""Friday"": ""8:0-15:0"", ""Saturday"": ""8:0-15:0"", ""Sunday"": ""8:0-15:0""}"
Il_WGpBE_4brNcOlg7_bMQ__cocktail_bars,Il_WGpBE_4brNcOlg7_bMQ,Belle Epoque,Cocktail Bars,Il_WGpBE_4brNcOlg7_bMQ,Cocktail Bars,29.9554016,-90.0684542,843.317172,-119.248452,New Orleans,LA,5.0,32,0,2,true,true,true,,full_bar,free,classy,"{""Thursday"": ""18:0-2:0"", ""Friday"": ""14:0-2:0"", ""Saturday"": ""18:0-2:0"", ""Sunday"": ""18:0-2:0""}"
R9TBf8VqGQ83kvdIxkC9RQ__sandwiches,R9TBf8VqGQ83kvdIxkC9RQ,Dooky Chase's Restaurant,Sandwiches,R9TBf8VqGQ83kvdIxkC9RQ,Sandwiches,29.9681302,-90.0785465,-128.974730,1296.106555,New Orleans,LA,3.5,742,1,2,true,,,true,full_bar,free,classy,"{""Tuesday"": ""11:0-15:0"", ""Wednesday"": ""11:0-15:0"", ""Thursday"": ""11:0-15:0"", ""Friday"": ""11:0-15:0""}"
cygBw1IxU3WheJ9C-k7qUg__art_galleries,cygBw1IxU3WheJ9C-k7qUg,Image Gallery,Art Galleries,cygBw1IxU3WheJ9C-k7qUg,Art Galleries,29.9578824,-90.0647127,1203.777890,156.600778,New Orleans,LA,1.5,10,1,,,,,,,,,
9CRWWbw3iOo4-9FMAO6nKw__cafes,9CRWWbw3iOo4-9FMAO6nKw,Fat Boy Pantry,Cafes,9CRWWbw3iOo4-9FMAO6nKw,Cafes,29.9380541,-90.0711912,579.634668,-2048.207798,New Orleans,LA,4.5,237,1,2,true,true,true,true,none,free,casual|trendy,"{""Monday"": ""0:0-0:0"", ""Tuesday"": ""12:0-0:0"", ""Wednesday"": ""12:0-0:0"", ""Thursday"": ""12:0-0:0"", ""Friday"": ""12:0-0:0"", ""Saturday"": ""12:0-0:0"", ""Sunday"": ""12:0-0:0""}"
faEtEyYmeiHZegXvRugl3w__american_(new),faEtEyYmeiHZegXvRugl3w,Avenue Bar & Restaurant,American (New),faEtEyYmeiHZegXvRugl3w,American (New),29.9780645,-90.0480783,2806.330814,2400.751840,New Orleans,LA,3.5,14,1,2,true,false,false,false,full_bar,,,"{""Wednesday"": ""16:0-0:0"", ""Thursday"": ""11:0-0:0"", ""Friday"": ""11:0-3:0"", ""Saturday"": ""11:0-2:0"", ""Sunday"": ""16:0-0:0""}"
6a4gLLFSgr-Q6CZXDLzBGQ__seafood,6a4gLLFSgr-Q6CZXDLzBGQ,Cochon,Seafood,6a4gLLFSgr-Q6CZXDLzBGQ,Seafood,29.9422803,-90.0672682,957.576380,-1578.275150,New Orleans,LA,4.0,4421,1,2,,,,true,full_bar,no,classy|trendy,"{""Tuesday"": ""11:0-21:0"", ""Wednesday"": ""11:0-21:0"", ""Thursday"": ""11:0-21:0"", ""Friday"": ""11:0-22:0"", ""Saturday"": ""11:0-22:0"", ""Sunday"": ""11:0-21:0""}"
DTDz_tXLGNWHZjmM6SvcEA__specialty_food,DTDz_tXLGNWHZjmM6SvcEA,Magnolia Sugar & Spice,Specialty Food,DTDz_tXLGNWHZjmM6SvcEA,Specialty Food,29.9548900,-90.0678703,899.570082,-176.138546,New Orleans,LA,4.0,60,0,2,false,,,true,,,,
B5fOvhKvzb_GUe58Pg0FZw__beer,B5fOvhKvzb_GUe58Pg0FZw,Nola Beer Tours,Beer,B5fOvhKvzb_GUe58Pg0FZw,Beer,29.9567078,-90.0627955,1388.476174,25.991870,New Orleans,LA,5.0,7,0,2,,,,,,,,
g-IXI3v3fOudMsyLPKb-eQ__cafes,g-IXI3v3fOudMsyLPKb-eQ,Ruby Slipper Cafe,Cafes,g-IXI3v3fOudMsyLPKb-eQ,Cafes,29.9665650,-90.0589307,1760.810899,1122.064015,New Orleans,LA,4.0,983,1,2,true,true,true,true,full_bar,no,casual|classy,"{""Monday"": ""0:0-0:0"", ""Tuesday"": ""7:30-14:0"", ""Wednesday"": ""7:30-14:0"", ""Thursday"": ""7:30-14:0"", ""Friday"": ""7:30-14:0"", ""Saturday"": ""7:30-15:0"", ""Sunday"": ""7:30-15:0""}"
CPPJslhKpdRxQP5QcpjaKw__breakfast_and_brunch,CPPJslhKpdRxQP5QcpjaKw,Edible Alchemy,Breakfast & Brunch,CPPJslhKpdRxQP5QcpjaKw,Breakfast & Brunch,29.9696857,-90.0938880,-1606.978693,1469.067066,New Orleans,LA,4.5,15,0,1,true,true,true,false,full_bar,free,casual|divey,"{""Monday"": ""11:0-23:0"", ""Tuesday"": ""11:0-23:0"", ""Wednesday"": ""11:0-23:0"", ""Thursday"": ""11:0-23:0"", ""Friday"": ""11:0-23:0"", ""Saturday"": ""11:0-23:0"", ""Sunday"": ""11:0-23:0""}"
lnQBboTCqU0WDwZ_950fow__specialty_food,lnQBboTCqU0WDwZ_950fow,Market on Magazine,Specialty Food,lnQBboTCqU0WDwZ_950fow,Specialty Food,29.9211199,-90.1001202,-2207.380248,-3931.207281,New Orleans,LA,4.5,8,1,,,,,,,,,
zNPf2S_oNh_JJUWcoPo2uQ__desserts,zNPf2S_oNh_JJUWcoPo2uQ,Fireman Mike's Cafe & Sweet Shop,Desserts,zNPf2S_oNh_JJUWcoPo2uQ,Desserts,30.0059230,-90.1172560,-3858.246889,5498.479983,New Orleans,LA,4.5,14,0,,true,false,,,,free,,"{""Monday"": ""0:0-0:0"", ""Tuesday"": ""11:0-21:0"", ""Wednesday"": ""11:0-21:0"", ""Thursday"": ""11:0-21:0"", ""Friday"": ""11:0-22:0"", ""Saturday"": ""11:0-22:0"", ""Sunday"": ""11:0-18:0""}"
UgnHg8cdrPqxJKD9MpHNPw__coffee_and_tea,UgnHg8cdrPqxJKD9MpHNPw,First Cup Cafe,Coffee & Tea,UgnHg8cdrPqxJKD9MpHNPw,Coffee & Tea,29.9474308,-90.1133301,-3480.025791,-1005.564889,New Orleans,LA,3.5,51,0,1,true,false,true,false,none,free,,"{""Monday"": ""7:0-16:0"", ""Tuesday"": ""7:0-16:0"", ""Wednesday"": ""7:0-16:0"", ""Thursday"": ""7:0-16:0"", ""Friday"": ""7:0-16:0"", ""Saturday"": ""7:0-15:0"", ""Sunday"": ""7:0-15:0""}"
tBybSckFKWXl6UaJfTxRyQ__fitness_and_instruction,tBybSckFKWXl6UaJfTxRyQ,Big Easy Crossfit,Fitness & Instruction,tBybSckFKWXl6UaJfTxRyQ,Fitness & Instruction,29.9220352,-90.0750112,211.615974,-3829.430669,New Orleans,LA,5.0,14,1,,,,,true,,,,"{""Monday"": ""5:0-19:30"", ""Tuesday"": ""5:0-19:30"", ""Wednesday"": ""5:0-19:30"", ""Thursday"": ""5:0-19:30"", ""Friday"": ""5:0-19:30"", ""Saturday"": ""8:0-23:0""}"
lDS0quWgtTETLqYgMh-UtA__specialty_food,lDS0quWgtTETLqYgMh-UtA,The Green Fork,Specialty Food,lDS0quWgtTETLqYgMh-UtA,Specialty Food,29.9388660,-90.0735635,351.087352,-1957.928512,New Orleans,LA,4.0,87,1,2,true,,,,,free,,"{""Monday"": ""0:0-0:0"", ""Tuesday"": ""7:0-16:0"", ""Wednesday"": ""7:0-16:0"", ""Thursday"": ""7:0-16:0"", ""Friday"": ""7:0-16:0"", ""Saturday"": ""8:0-14:0""}"
psVf3ImVOo44xBeh-oVEcg__beer,psVf3ImVOo44xBeh-oVEcg,NOLA Tropical Winery,Beer,psVf3ImVOo44xBeh-oVEcg,Beer,29.9494270,-90.0627999,1388.052278,-783.597270,New Orleans,LA,4.0,39,1,2,true,,,,,,,"{""Monday"": ""10:0-19:0"", ""Tuesday"": ""10:0-19:0"", ""Wednesday"": ""10:0-19:0"", ""Thursday"": ""10:0-19:0"", ""Friday"": ""10:0-19:0"", ""Saturday"": ""10:0-19:0""}"
LDUAhHYmSgH9uwuO5y3yaA__coffee_and_tea,LDUAhHYmSgH9uwuO5y3yaA,New Orleans Cajun Cookery,Coffee & Tea,LDUAhHYmSgH9uwuO5y3yaA,Coffee & Tea,29.9456960,-90.0660035,1079.420991,-1198.468749,New Orleans,LA,3.5,21,1,2,true,,true,,,free,,"{""Monday"": ""7:0-21:0"", ""Tuesday"": ""7:0-21:0"", ""Wednesday"": ""7:0-21:0"", ""Thursday"": ""7:0-21:0"", ""Friday"": ""7:0-21:0"", ""Saturday"": ""7:0-21:0"", ""Sunday"": ""7:0-21:0""}"
SL1CvdV8mqc8xqTJAR4kNw__coffee_and_tea,SL1CvdV8mqc8xqTJAR4kNw,Tasseology,Coffee & Tea,SL1CvdV8mqc8xqTJAR4kNw,Coffee & Tea,29.9427677,-90.0778042,-57.461569,-1524.078668,New Orleans,LA,5.0,5,0,1,,,true,,,free,,"{""Monday"": ""8:0-18:0"", ""Tuesday"": ""8:0-18:0"", ""Wednesday"": ""8:0-18:0"", ""Thursday"": ""8:0-18:0"", ""Friday"": ""8:0-18:0"", ""Saturday"": ""10:0-18:0"", ""Sunday"": ""10:0-18:0""}"
vNYTI4GlssJn2uRCLPjsmQ__art_galleries,vNYTI4GlssJn2uRCLPjsmQ,Antieau Gallery,Art Galleries,vNYTI4GlssJn2uRCLPjsmQ,Art Galleries,29.9601446,-90.0629085,1377.586847,408.150580,New Orleans,LA,4.5,14,1,3,,,,true,,,,"{""Monday"": ""10:0-20:0"", ""Tuesday"": ""10:0-20:0"", ""Wednesday"": ""10:0-20:0"", ""Thursday"": ""10:0-20:0"", ""Friday"": ""10:0-20:0"", ""Saturday"": ""10:0-20:0"", ""Sunday"": ""10:0-20:0""}"
HtSM1dtabFtzCOLphKms-w__seafood,HtSM1dtabFtzCOLphKms-w,Seafood Zone,Seafood,HtSM1dtabFtzCOLphKms-w,Seafood,29.9253351,-90.0204119,5471.708192,-3462.495922,New Orleans,LA,4.0,21,1,1,true,false,false,false,,,,"{""Monday"": ""10:0-19:0"", ""Tuesday"": ""10:0-19:0"", ""Wednesday"": ""10:0-19:0"", ""Thursday"": ""10:0-19:0"", ""Friday"": ""10:0-19:0"", ""Saturday"": ""10:0-19:0""}"
tjcbw-0JVLrjrEcWenio1g__cafes,tjcbw-0JVLrjrEcWenio1g,Whole Hog Cafe,Cafes,tjcbw-0JVLrjrEcWenio1g,Cafes,29.9490830,-90.0770690,13.367579,-821.848377,New Orleans,LA,4.0,13,0,2,true,false,false,true,none,,,
zWd07FzvWMbfzwpOEkVdZA__sandwiches,zWd07FzvWMbfzwpOEkVdZA,Maries Bar,Sandwiches,zWd07FzvWMbfzwpOEkVdZA,Sandwiches,29.9669222,-90.0520947,2419.390949,1161.777961,New Orleans,LA,4.0,54,1,1,,,true,,full_bar,,casual|divey,"{""Monday"": ""10:0-2:0"", ""Tuesday"": ""10:0-2:0"", ""Wednesday"": ""10:0-2:0"", ""Thursday"": ""10:0-2:0"", ""Friday"": ""10:0-2:0"", ""Saturday"": ""10:0-2:0"", ""Sunday"": ""10:0-2:0""}"
_d4oswY38HTB5UWMMEt_jA__american_(traditional),_d4oswY38HTB5UWMMEt_jA,The Business Bar,American (Traditional),_d4oswY38HTB5UWMMEt_jA,American (Traditional),29.9351935,-90.1049458,-2672.282561,-2366.292444,New Orleans,LA,4.0,49,1,,true,true,true,,full_bar,free,,"{""Monday"": ""8:0-20:0"", ""Tuesday"": ""8:0-20:0"", ""Wednesday"": ""8:0-20:0"", ""Thursday"": ""8:0-20:0"", ""Friday"": ""8:0-20:0"", ""Saturday"": ""10:0-16:0"", ""Sunday"": ""10:0-16:0""}"
_9NKC0LTGR8RSRTSdcwyvw__fast_food,_9NKC0LTGR8RSRTSdcwyvw,Capt. Sal's Seafood & Chicken,Fast Food,_9NKC0LTGR8RSRTSdcwyvw,Fast Food,29.9670480,-90.0426806,3326.345083,1175.771239,New Orleans,LA,4.0,56,1,1,true,false,false,true,none,no,casual,"{""Monday"": ""10:0-20:0"", ""Tuesday"": ""10:0-20:0"", ""Wednesday"": ""10:0-20:0"", ""Thursday"": ""10:0-20:0"", ""Friday"": ""10:0-21:0"", ""Saturday"": ""10:0-21:0"", ""Sunday"": ""10:0-20:0""}"
H41S-qS3NOUJSbIqWTuyIA__cajun_creole,H41S-qS3NOUJSbIqWTuyIA,Paddlewheeler Creole Queen,Cajun/Creole,H41S-qS3NOUJSbIqWTuyIA,Cajun/Creole,29.9486272,-90.0621414,1451.490367,-872.526247,New Orleans,LA,4.0,713,1,3,false,true,true,true,full_bar,no,classy|touristy,"{""Monday"": ""9:0-21:0"", ""Tuesday"": ""9:0-21:0"", ""Wednesday"": ""9:0-21:0"", ""Thursday"": ""9:0-21:0"", ""Friday"": ""9:0-21:0"", ""Saturday"": ""9:0-21:0"", ""Sunday"": ""9:0-21:0""}"
CVgrAk0K7KGfhxEn75Ihdg__fitness_and_instruction,CVgrAk0K7KGfhxEn75Ihdg,NOLA BJJ,Fitness & Instruction,CVgrAk0K7KGfhxEn75Ihdg,Fitness & Instruction,29.9209091,-90.1033572,-2519.236881,-3954.647448,New Orleans,LA,5.0,5,1,,,,,,,,,"{""Monday"": ""18:0-20:0"", ""Tuesday"": ""18:0-20:0"", ""Wednesday"": ""18:0-20:0"", ""Thursday"": ""18:0-20:0"", ""Friday"": ""18:0-20:0"", ""Saturday"": ""11:0-12:30"", ""Sunday"": ""15:0-16:30""}"
FQJ4ph8e1SMz5YWsdH2m8Q__southern,FQJ4ph8e1SMz5YWsdH2m8Q,Mr. Ed's Oyster Bar - St Charles Ave,Southern,FQJ4ph8e1SMz5YWsdH2m8Q,Southern,29.9401527,-90.0751877,194.611969,-1814.853802,New Orleans,LA,4.0,291,1,2,true,false,true,true,full_bar,no,casual|trendy,"{""Monday"": ""0:0-0:0"", ""Tuesday"": ""11:0-21:0"", ""Wednesday"": ""11:0-21:0"", ""Thursday"": ""11:0-21:0"", ""Friday"": ""11:0-21:0"", ""Saturday"": ""11:0-21:0"", ""Sunday"": ""11:0-21:0""}"
K4erLZcvyz7g1QgO91v7FA__desserts,K4erLZcvyz7g1QgO91v7FA,Doily,Desserts,K4erLZcvyz7g1QgO91v7FA,Desserts,29.9693909,-90.0521636,2412.753125,1436.290193,New Orleans,LA,5.0,9,1,,true,true,true,,full_bar,free,,"{""Monday"": ""7:0-10:0"", ""Tuesday"": ""7:0-10:0"", ""Wednesday"": ""7:0-10:0"", ""Thursday"": ""7:0-10:0"", ""Friday"": ""7:0-11:0"", ""Saturday"": ""7:0-11:0"", ""Sunday"": ""7:0-10:0""}"
WVC_vAgf8EEwOGpWUT4WGQ__american_(new),WVC_vAgf8EEwOGpWUT4WGQ,Allegro Bistro,American (New),WVC_vAgf8EEwOGpWUT4WGQ,American (New),29.9499450,-90.0754850,165.970095,-725.998218,New Orleans,LA,4.0,17,0,2,true,false,true,false,full_bar,no,,"{""Monday"": ""11:0-14:0"", ""Tuesday"": ""11:0-14:0"", ""Wednesday"": ""11:0-14:0"", ""Thursday"": ""11:0-14:0"", ""Friday"": ""11:0-14:0""}"
Fs4T7lKpXVtD5Pz7jWSJeg__american_(new),Fs4T7lKpXVtD5Pz7jWSJeg,Coquette,American (New),Fs4T7lKpXVtD5Pz7jWSJeg,American (New),29.9260125,-90.0825354,-513.265246,-3387.174476,New Orleans,LA,4.5,784,1,3,true,,,false,full_bar,no,classy|romantic,"{""Tuesday"": ""17:30-21:0"", ""Wednesday"": ""17:30-21:0"", ""Thursday"": ""17:30-21:0"", ""Friday"": ""17:30-21:30"", ""Saturday"": ""17:30-21:30""}"
OO2ESATDuipy2uNYi6_fOg__beer,OO2ESATDuipy2uNYi6_fOg,Sidney's Wine Cellar,Beer,OO2ESATDuipy2uNYi6_fOg,Beer,29.9587946,-90.0611928,1542.880247,258.033764,New Orleans,LA,4.0,47,1,1,true,,,,,,,"{""Monday"": ""8:0-23:0"", ""Tuesday"": ""8:0-23:0"", ""Wednesday"": ""8:0-23:0"", ""Thursday"": ""8:0-23:0"", ""Friday"": ""8:0-0:0"", ""Saturday"": ""8:0-0:0"", ""Sunday"": ""8:0-23:0""}"
HUfoljaD3iVbHdQlBAsV4Q__cafes,HUfoljaD3iVbHdQlBAsV4Q,Revel Cafe and Bar,Cafes,HUfoljaD3iVbHdQlBAsV4Q,Cafes,29.9753673,-90.1001874,-2213.858437,2100.836470,New Orleans,LA,4.5,138,1,2,true,false,true,false,full_bar,free,casual,"{""Tuesday"": ""17:0-22:0"", ""Wednesday"": ""17:0-22:0"", ""Thursday"": ""17:0-22:0"", ""Friday"": ""17:0-23:0"", ""Saturday"": ""17:0-23:0""}"
z6ria3f5fCWMYasYIRICSA__breakfast_and_brunch,z6ria3f5fCWMYasYIRICSA,The Wine Bistro,Breakfast & Brunch,z6ria3f5fCWMYasYIRICSA,Breakfast & Brunch,29.9531420,-90.0737480,333.312627,-370.507547,New Orleans,LA,3.0,8,0,2,true,,false,,full_bar,,,"{""Monday"": ""7:0-16:0"", ""Tuesday"": ""7:0-16:0"", ""Wednesday"": ""7:0-16:0"", ""Thursday"": ""17:0-0:0"", ""Friday"": ""21:0-4:0"", ""Saturday"": ""21:0-4:0""}"
bRR2rDp0XFC5CZi0lCx-qw__beer,bRR2rDp0XFC5CZi0lCx-qw,Matassa's Market,Beer,bRR2rDp0XFC5CZi0lCx-qw,Beer,29.9617631,-90.0643832,1235.520870,588.113702,New Orleans,LA,3.5,45,1,1,true,true,false,,beer_and_wine,free,,"{""Monday"": ""7:0-21:0"", ""Tuesday"": ""7:0-21:0"", ""Wednesday"": ""7:0-21:0"", ""Thursday"": ""7:0-22:0"", ""Friday"": ""7:0-22:0"", ""Saturday"": ""7:0-22:0"", ""Sunday"": ""7:0-21:0""}"
8JfmKF-Mtx-Z1iCFnK_F0g__seafood,8JfmKF-Mtx-Z1iCFnK_F0g,River Bottom Restaurant,Seafood,8JfmKF-Mtx-Z1iCFnK_F0g,Seafood,29.9595007,-90.0609279,1568.400706,336.548610,New Orleans,LA,4.0,123,0,2,true,false,true,false,full_bar,no,casual|divey,"{""Monday"": ""9:0-1:0"", ""Tuesday"": ""9:0-1:0"", ""Wednesday"": ""9:0-1:0"", ""Thursday"": ""9:0-1:0"", ""Friday"": ""9:0-2:0"", ""Saturday"": ""9:0-2:0"", ""Sunday"": ""9:0-1:0""}"
q6hWVlVeiCgMgM22wt1wfw__beer,q6hWVlVeiCgMgM22wt1wfw,The Company Burger,Beer,q6hWVlVeiCgMgM22wt1wfw,Beer,29.9347240,-90.1057440,-2749.181127,-2418.498534,New Orleans,LA,4.0,748,1,2,true,,,true,full_bar,no,casual,"{""Monday"": ""11:0-22:0"", ""Tuesday"": ""11:0-22:0"", ""Wednesday"": ""11:0-22:0"", ""Thursday"": ""11:0-22:0"", ""Friday"": ""11:0-22:0"", ""Saturday"": ""11:0-22:0"", ""Sunday"": ""11:0-22:0""}"
lAV4xwSqt4hjhkqY3NZlOQ__seafood,lAV4xwSqt4hjhkqY3NZlOQ,Creole Carre',Seafood,lAV4xwSqt4hjhkqY3NZlOQ,Seafood,29.9549384,-90.0689358,796.919842,-170.756705,New Orleans,LA,4.0,50,0,2,false,false,false,true,full_bar,no,casual|touristy,"{""Monday"": ""11:0-23:0"", ""Tuesday"": ""11:0-23:0"", ""Wednesday"": ""11:0-23:0"", ""Thursday"": ""11:0-0:0"", ""Friday"": ""11:0-1:0"", ""Saturday"": ""11:0-1:0"", ""Sunday"": ""11:0-23:0""}"
JVM17h27iiXlcb4aQ53AFQ__venues_and_event_spaces,JVM17h27iiXlcb4aQ53AFQ,Treme Hideaway,Venues & Event Spaces,JVM17h27iiXlcb4aQ53AFQ,Venues & Event Spaces,29.9686832,-90.0687461,815.195534,1357.597434,New Orleans,LA,5.0,8,1,2,,,,false,,free,,"{""Thursday"": ""18:0-2:30"", ""Friday"": ""18:0-3:0"", ""Saturday"": ""18:0-3:30"", ""Sunday"": ""18:0-4:0""}"
6RDGvdukSq3YHPYvG8sIEQ__southern,6RDGvdukSq3YHPYvG8sIEQ,Brown Butter Southern Kitchen & Bar,Southern,6RDGvdukSq3YHPYvG8sIEQ,Southern,29.9763220,-90.0996390,-2161.025596,2206.994413,New Orleans,LA,4.0,401,1,2,true,true,true,true,full_bar,free,casual,"{""Monday"": ""0:0-0:0"", ""Wednesday"": ""12:0-20:0"", ""Thursday"": ""12:0-20:0"", ""Friday"": ""12:0-21:0"", ""Saturday"": ""17:0-21:0"", ""Sunday"": ""9:30-15:0""}"
aPs-Pf4_CLWcFQcMnbfcUw__beer,aPs-Pf4_CLWcFQcMnbfcUw,WINO  Wine Institute of New Orleans,Beer,aPs-Pf4_CLWcFQcMnbfcUw,Beer,29.9471540,-90.0671540,968.578404,-1036.343687,New Orleans,LA,4.5,235,1,2,true,false,false,false,full_bar,paid,classy|trendy,"{""Wednesday"": ""16:0-21:0"", ""Thursday"": ""16:0-21:0"", ""Friday"": ""16:0-21:0"", ""Saturday"": ""16:0-21:0""}"
BsgcLUWlc6RvvBRiAPWj5w__desserts,BsgcLUWlc6RvvBRiAPWj5w,Ignatius' Rue de La Course Coffeehouse,Desserts,BsgcLUWlc6RvvBRiAPWj5w,Desserts,29.9240890,-90.0862950,-875.465006,-3601.058213,New Orleans,LA,3.5,288,0,2,true,false,true,true,beer_and_wine,free,casual,"{""Monday"": ""6:30-22:30"", ""Tuesday"": ""6:30-22:30"", ""Wednesday"": ""6:30-22:30"", ""Thursday"": ""6:30-22:30"", ""Friday"": ""6:30-22:30"", ""Saturday"": ""7:0-22:30"", ""Sunday"": ""7:0-22:30""}"
eREGIe7KHj_V3cDuiWVjVw__specialty_food,eREGIe7KHj_V3cDuiWVjVw,Edible Arrangements,Specialty Food,eREGIe7KHj_V3cDuiWVjVw,Specialty Food,29.9278098,-90.0688498,805.205079,-3187.323558,New Orleans,LA,2.0,13,1,2,true,true,,,,,,"{""Monday"": ""9:0-18:0"", ""Tuesday"": ""9:0-18:0"", ""Wednesday"": ""9:0-18:0"", ""Thursday"": ""9:0-18:0"", ""Friday"": ""9:0-18:0"", ""Saturday"": ""9:0-17:0""}"
slzazSp3F_HhT-bTpw970g__cafes,slzazSp3F_HhT-bTpw970g,Who Dat Coffee Cafe,Cafes,slzazSp3F_HhT-bTpw970g,Cafes,29.9668381,-90.0541151,2224.745669,1152.431392,New Orleans,LA,4.5,453,1,2,true,false,true,true,full_bar,no,casual,"{""Monday"": ""0:0-0:0"", ""Tuesday"": ""7:0-14:0"", ""Friday"": ""7:0-14:0"", ""Saturday"": ""7:0-14:0"", ""Sunday"": ""7:0-14:0""}"
-Jx4CvmKL84niPDlnuMNsw__breakfast_and_brunch,-Jx4CvmKL84niPDlnuMNsw,Tastee Restaurant Deli & Donuts,Breakfast & Brunch,-Jx4CvmKL84niPDlnuMNsw,Breakfast & Brunch,29.9759953,-90.0778340,-60.332500,2170.666980,New Orleans,LA,4.0,29,1,1,true,false,false,true,beer_and_wine,no,,"{""Monday"": ""5:0-17:30"", ""Tuesday"": ""5:0-17:30"", ""Wednesday"": ""5:0-17:30"", ""Thursday"": ""5:0-17:30"", ""Friday"": ""5:0-17:30"", ""Saturday"": ""5:0-17:30"", ""Sunday"": ""5:0-14:0""}"
uYoSIozj12TUoHMAweFOUg__american_(new),uYoSIozj12TUoHMAweFOUg,One Restaurant & Lounge,American (New),uYoSIozj12TUoHMAweFOUg,American (New),29.9443435,-90.1342056,-5491.170883,-1348.857460,New Orleans,LA,4.0,46,0,3,true,false,false,false,full_bar,,classy|intimate|romantic,"{""Monday"": ""17:0-22:0"", ""Tuesday"": ""17:0-22:0"", ""Wednesday"": ""17:0-22:0"", ""Thursday"": ""17:0-22:0"", ""Friday"": ""17:0-22:0"", ""Saturday"": ""17:0-22:0""}"
6Y61FisC5lEVxLEaMzyUUQ__seafood,6Y61FisC5lEVxLEaMzyUUQ,Sake Cafe Uptown,Seafood,6Y61FisC5lEVxLEaMzyUUQ,Seafood,29.9256451,-90.0830358,-561.473768,-3428.027548,New Orleans,LA,3.5,353,1,2,true,true,true,true,full_bar,free,casual|classy,"{""Monday"": ""11:30-22:30"", ""Tuesday"": ""11:30-22:30"", ""Wednesday"": ""11:30-22:30"", ""Thursday"": ""11:30-22:30"", ""Friday"": ""11:30-23:30"", ""Saturday"": ""11:30-23:30"", ""Sunday"": ""12:0-22:30""}"
FFVB5fUAFHpKS5ViC0lb4w__american_(new),FFVB5fUAFHpKS5ViC0lb4w,Legal Perks,American (New),FFVB5fUAFHpKS5ViC0lb4w,American (New),29.9618398,-90.0899628,-1228.817673,596.639640,New Orleans,LA,3.5,5,0,1,true,false,false,,none,no,,"{""Monday"": ""8:0-15:0"", ""Tuesday"": ""8:0-15:0"", ""Wednesday"": ""8:0-15:0"", ""Thursday"": ""8:0-15:0"", ""Friday"": ""8:0-15:0""}"
X-ZgevJi7i3wf0RjsBLG1w__cajun_creole,X-ZgevJi7i3wf0RjsBLG1w,Liuzza's Restaurant & Bar,Cajun/Creole,X-ZgevJi7i3wf0RjsBLG1w,Cajun/Creole,29.9733715,-90.0952359,-1736.831064,1878.913329,New Orleans,LA,3.5,189,1,2,true,false,true,true,full_bar,no,casual,"{""Monday"": ""0:0-0:0"", ""Thursday"": ""11:0-22:0"", ""Friday"": ""11:0-22:0"", ""Saturday"": ""11:0-22:0"", ""Sunday"": ""11:0-17:0""}"
ZOZ94_vjuogm6PzmuIa1FQ__seafood,ZOZ94_vjuogm6PzmuIa1FQ,Viet Orleans Bistro,Seafood,ZOZ94_vjuogm6PzmuIa1FQ,Seafood,29.9521610,-90.0723010,472.716567,-479.589920,New Orleans,LA,3.5,172,1,2,true,true,false,true,beer_and_wine,no,casual,"{""Monday"": ""0:0-0:0"", ""Tuesday"": ""10:0-21:0"", ""Wednesday"": ""10:0-21:30"", ""Thursday"": ""10:0-21:30"", ""Friday"": ""10:0-20:15""}"
Ky1igWzs9itjlzHDoDGGjQ__fitness_and_instruction,Ky1igWzs9itjlzHDoDGGjQ,The Barre Code New Orleans - Lakeview,Fitness & Instruction,Ky1igWzs9itjlzHDoDGGjQ,Fitness & Instruction,30.0049890,-90.1059090,-2765.077223,5394.623778,New Orleans,LA,4.5,12,1,,,,,,,,,"{""Monday"": ""6:0-19:0"", ""Tuesday"": ""6:0-19:0"", ""Wednesday"": ""6:0-19:0"", ""Thursday"": ""6:0-19:0"", ""Friday"": ""6:0-19:0"", ""Saturday"": ""6:0-19:0"", ""Sunday"": ""17:0-19:0""}"
bFcPoQY3NZZJC51j4FwlJg__pizza,bFcPoQY3NZZJC51j4FwlJg,Domino's Pizza,Pizza,bFcPoQY3NZZJC51j4FwlJg,Pizza,29.9288169,-90.0669762,985.707651,-3075.338993,New Orleans,LA,2.0,51,1,1,true,true,false,true,none,no,,"{""Monday"": ""10:30-0:0"", ""Tuesday"": ""10:30-0:0"", ""Wednesday"": ""10:30-0:0"", ""Thursday"": ""10:30-0:0"", ""Friday"": ""10:30-1:0"", ""Saturday"": ""10:30-1:0"", ""Sunday"": ""10:30-0:0""}"
ztcOE7NN0WdleNOCbje8ng__coffee_and_tea,ztcOE7NN0WdleNOCbje8ng,Starbucks,Coffee & Tea,ztcOE7NN0WdleNOCbje8ng,Coffee & Tea,29.9494810,-90.0646650,1208.368595,-777.592735,New Orleans,LA,2.5,15,1,2,true,,false,,,free,,"{""Monday"": ""7:0-12:0"", ""Tuesday"": ""7:0-12:0"", ""Wednesday"": ""7:0-12:0"", ""Thursday"": ""7:0-12:0"", ""Friday"": ""6:0-18:0"", ""Saturday"": ""6:0-18:0"", ""Sunday"": ""6:0-18:0""}"
BfAYvF-GsCljAFNRmuP3lg__cocktail_bars,BfAYvF-GsCljAFNRmuP3lg,Bywater American Bistro,Cocktail Bars,BfAYvF-GsCljAFNRmuP3lg,Cocktail Bars,29.9625430,-90.0479370,2819.943652,674.837403,New Orleans,LA,4.5,181,1,2,true,true,true,false,full_bar,free,classy,"{""Wednesday"": ""17:30-22:0"", ""Thursday"": ""17:30-22:0"", ""Friday"": ""17:30-22:0"", ""Saturday"": ""17:30-22:0"", ""Sunday"": ""17:30-22:0""}"
ofXLzGLYFVb4AFFmNV837g__beer,ofXLzGLYFVb4AFFmNV837g,Red Gravy,Beer,ofXLzGLYFVb4AFFmNV837g,Beer,29.9207540,-90.0993213,-2130.418387,-3971.893805,New Orleans,LA,4.0,33,1,,true,false,true,,full_bar,no,,"{""Wednesday"": ""17:0-21:0"", ""Thursday"": ""17:0-21:0"", ""Friday"": ""17:0-21:0"", ""Saturday"": ""17:0-21:0"", ""Sunday"": ""10:0-14:0""}"
CZ9SkcpfLZE_MiQfoNr06A__breakfast_and_brunch,CZ9SkcpfLZE_MiQfoNr06A,Old Nawlins Cookery,Breakfast & Brunch,CZ9SkcpfLZE_MiQfoNr06A,Breakfast & Brunch,29.9561404,-90.0674814,937.036697,-37.100218,New Orleans,LA,3.0,24,0,2,true,false,true,true,full_bar,,,
7AeznT9XMDVRo6iAv7yB5g__american_(traditional),7AeznT9XMDVRo6iAv7yB5g,EATs @ Grit's Bar,American (Traditional),7AeznT9XMDVRo6iAv7yB5g,American (Traditional),29.9173977,-90.1070554,-2875.525567,-4345.098142,New Orleans,LA,3.5,31,1,1,,,true,,full_bar,free,divey,"{""Monday"": ""16:0-0:0"", ""Tuesday"": ""16:0-0:0"", ""Wednesday"": ""16:0-0:0"", ""Thursday"": ""16:0-4:0"", ""Friday"": ""16:0-4:0"", ""Saturday"": ""12:0-4:0"", ""Sunday"": ""12:0-4:0""}"
zjil9jc-m7H-cqrJ7p894g__fitness_and_instruction,zjil9jc-m7H-cqrJ7p894g,Metairie CrossFit,Fitness & Instruction,zjil9jc-m7H-cqrJ7p894g,Fitness & Instruction,29.9632691,-90.1931114,-11166.150527,755.574949,New Orleans,LA,5.0,7,0,,,,,true,,,,"{""Monday"": ""14:0-20:0"", ""Tuesday"": ""14:0-20:0"", ""Wednesday"": ""14:0-20:0"", ""Thursday"": ""14:0-20:0"", ""Friday"": ""14:0-18:45"", ""Saturday"": ""8:0-9:30""}"
OIbh0ZOemmphJR4Att3E6A__american_(new),OIbh0ZOemmphJR4Att3E6A,Doris Metropolitan,American (New),OIbh0ZOemmphJR4Att3E6A,American (New),29.9570202,-90.0641603,1256.991379,60.729213,New Orleans,LA,4.5,659,1,3,true,false,true,false,full_bar,no,classy|upscale,"{""Wednesday"": ""17:30-21:30"", ""Thursday"": ""17:30-21:30"", ""Friday"": ""17:30-22:0"", ""Saturday"": ""17:30-22:0"", ""Sunday"": ""17:30-21:30""}"
iSRTaT9WngzB8JJ2YKJUig__southern,iSRTaT9WngzB8JJ2YKJUig,Mother's Restaurant,Southern,iSRTaT9WngzB8JJ2YKJUig,Southern,29.9490569,-90.0670492,978.674833,-824.750569,New Orleans,LA,3.5,5185,1,2,true,true,false,true,beer_and_wine,no,casual|classy,"{""Monday"": ""0:0-0:0"", ""Tuesday"": ""7:0-17:0"", ""Wednesday"": ""7:0-22:0"", ""Thursday"": ""7:0-22:0"", ""Friday"": ""7:0-22:0"", ""Saturday"": ""7:0-22:0"", ""Sunday"": ""7:0-22:0""}"
BjeHLwKOlHyV6DJgmZxAjA__cafes,BjeHLwKOlHyV6DJgmZxAjA,Jimmy J's Cafe,Cafes,BjeHLwKOlHyV6DJgmZxAjA,Cafes,29.9531280,-90.0679300,893.818586,-372.064278,New Orleans,LA,4.0,2137,1,2,true,true,,true,full_bar,no,casual|classy,"{""Monday"": ""7:0-14:0"", ""Tuesday"": ""7:0-14:0"", ""Thursday"": ""7:0-14:0"", ""Friday"": ""7:0-14:0"", ""Saturday"": ""7:0-14:0"", ""Sunday"": ""7:0-14:0""}"
lOipP8dh4Daqid9uro4xNA__coffee_and_tea,lOipP8dh4Daqid9uro4xNA,Freezy Street,Coffee & Tea,lOipP8dh4Daqid9uro4xNA,Coffee & Tea,29.9690930,-90.0491939,2698.853941,1403.165178,New Orleans,LA,4.0,117,0,1,true,true,false,true,,no,,"{""Monday"": ""12:0-22:0"", ""Tuesday"": ""12:0-22:0"", ""Wednesday"": ""12:0-22:0"", ""Thursday"": ""12:0-22:0"", ""Friday"": ""12:0-22:0"", ""Saturday"": ""12:0-22:0"", ""Sunday"": ""12:0-22:0""}"
awVOmVnJj19k6fumwfih2w__coffee_and_tea,awVOmVnJj19k6fumwfih2w,PJ's Coffee & Tea,Coffee & Tea,awVOmVnJj19k6fumwfih2w,Coffee & Tea,29.9471240,-90.0697841,715.194643,-1039.679540,New Orleans,LA,2.5,44,0,1,,,true,,,free,,"{""Monday"": ""6:30-17:0"", ""Tuesday"": ""6:30-17:0"", ""Wednesday"": ""6:30-17:0"", ""Thursday"": ""6:30-17:0"", ""Friday"": ""6:30-17:0"", ""Saturday"": ""6:30-14:0"", ""Sunday"": ""6:30-14:0""}"
nlkr2Pk_INTneJxNv6zEQQ__specialty_food,nlkr2Pk_INTneJxNv6zEQQ,Arabella Casa Di Pasta,Specialty Food,nlkr2Pk_INTneJxNv6zEQQ,Specialty Food,29.9312990,-90.0738930,319.343331,-2799.341684,New Orleans,LA,5.0,16,0,1,true,false,true,false,none,,intimate,"{""Wednesday"": ""14:0-22:0"", ""Thursday"": ""14:0-22:0"", ""Friday"": ""14:0-23:0"", ""Saturday"": ""14:0-23:0"", ""Sunday"": ""14:0-22:0""}"
S5ZsDgND-aB399nLe86Ogw__american_(new),S5ZsDgND-aB399nLe86Ogw,Cafe Bienville,American (New),S5ZsDgND-aB399nLe86Ogw,American (New),29.9566110,-90.0693189,760.011998,15.228187,New Orleans,LA,3.5,7,1,,,,,,,,,
ogyKKg_D4ioc6Ech_pKqfw__venues_and_event_spaces,ogyKKg_D4ioc6Ech_pKqfw,Michaul's Live Cajun Music Restaurant,Venues & Event Spaces,ogyKKg_D4ioc6Ech_pKqfw,Venues & Event Spaces,29.9450828,-90.0718562,515.568587,-1266.650937,New Orleans,LA,3.0,5,0,2,,false,false,true,full_bar,,,
V_S54QGnokLMshOm8xNTag__venues_and_event_spaces,V_S54QGnokLMshOm8xNTag,Audubon Clubhouse Cafe,Venues & Event Spaces,V_S54QGnokLMshOm8xNTag,Venues & Event Spaces,29.9277360,-90.1276010,-4854.883902,-3195.529755,New Orleans,LA,4.0,43,1,2,true,false,true,true,full_bar,free,casual,"{""Monday"": ""0:0-0:0"", ""Wednesday"": ""11:0-14:0"", ""Thursday"": ""11:0-14:0"", ""Friday"": ""11:0-14:0"", ""Saturday"": ""10:0-14:0"", ""Sunday"": ""10:0-14:0""}"
TeQVuoeo7JpzkDUIg58MRw__pizza,TeQVuoeo7JpzkDUIg58MRw,Meribo,Pizza,TeQVuoeo7JpzkDUIg58MRw,Pizza,29.9535296,-90.0747497,236.808877,-327.406521,New Orleans,LA,4.0,12,1,,true,,,,,,,"{""Monday"": ""7:0-21:0"", ""Tuesday"": ""7:0-21:0"", ""Wednesday"": ""7:0-21:0"", ""Thursday"": ""7:0-21:0"", ""Friday"": ""7:0-22:0"", ""Saturday"": ""7:0-22:0"", ""Sunday"": ""7:0-21:0""}"
FMUr_0oUi14EmDTp61Dcsg__desserts,FMUr_0oUi14EmDTp61Dcsg,Tapeh’s Water Ice,Desserts,FMUr_0oUi14EmDTp61Dcsg,Desserts,29.9453800,-90.0399900,3585.557412,-1233.603759,New Orleans,LA,4.5,24,1,,true,false,,,,,,"{""Monday"": ""11:0-19:0"", ""Tuesday"": ""11:0-19:0"", ""Wednesday"": ""11:0-19:0"", ""Thursday"": ""11:0-19:0"", ""Friday"": ""11:0-19:0"", ""Saturday"": ""11:0-19:0""}"
QmuwC83Ozq7rhCiYc5gBcA__art_galleries,QmuwC83Ozq7rhCiYc5gBcA,Sutton Galleries,Art Galleries,QmuwC83Ozq7rhCiYc5gBcA,Art Galleries,29.9568951,-90.0659727,1082.384814,46.818709,New Orleans,LA,3.5,14,1,3,,,,false,,,,"{""Monday"": ""9:0-17:0"", ""Tuesday"": ""9:0-17:0"", ""Wednesday"": ""9:0-17:0"", ""Thursday"": ""9:0-22:0"", ""Friday"": ""9:0-22:0"", ""Saturday"": ""9:0-22:0"", ""Sunday"": ""9:0-22:0""}"
Zh1JlS8z9pqJ39vs1hW7Ug__american_(traditional),Zh1JlS8z9pqJ39vs1hW7Ug,Courtyard Grill Restaurant at Bourbon Heat,American (Traditional),Zh1JlS8z9pqJ39vs1hW7Ug,American (Traditional),29.9589054,-90.0655002,1127.905672,270.354179,New Orleans,LA,3.0,196,1,2,true,false,true,true,full_bar,no,casual|classy,"{""Monday"": ""17:0-23:0"", ""Tuesday"": ""17:0-23:0"", ""Wednesday"": ""11:0-23:0"", ""Thursday"": ""11:0-23:0"", ""Friday"": ""11:0-23:0"", ""Saturday"": ""11:0-23:0"", ""Sunday"": ""11:0-23:0""}"
RA5E6BDiAzgSmsxdc1A4tw__venues_and_event_spaces,RA5E6BDiAzgSmsxdc1A4tw,W New Orleans - French Quarter,Venues & Event Spaces,RA5E6BDiAzgSmsxdc1A4tw,Venues & Event Spaces,29.9546139,-90.0658450,1094.687428,-206.839508,New Orleans,LA,3.5,252,1,3,,,,,,paid,,"{""Monday"": ""0:0-0:0"", ""Tuesday"": ""0:0-0:0"", ""Wednesday"": ""0:0-0:0"", ""Thursday"": ""0:0-0:0"", ""Friday"": ""0:0-0:0"", ""Saturday"": ""0:0-0:0"", ""Sunday"": ""0:0-0:0""}"
4gu8bjsgJoZrilDr_u3pEg__seafood,4gu8bjsgJoZrilDr_u3pEg,We Dat's Chicken and Shrimp,Seafood,4gu8bjsgJoZrilDr_u3pEg,Seafood,29.9572111,-90.0745580,255.273926,81.955142,New Orleans,LA,3.5,301,1,2,true,true,false,true,none,no,casual,"{""Monday"": ""11:0-22:0"", ""Tuesday"": ""11:0-22:0"", ""Wednesday"": ""11:0-22:0"", ""Thursday"": ""11:0-0:0"", ""Friday"": ""11:0-0:0"", ""Saturday"": ""11:0-0:0"", ""Sunday"": ""11:0-22:0""}"
J-HTokql9wMNBON6xyKLpg__american_(traditional),J-HTokql9wMNBON6xyKLpg,Willie's Chicken Shack,American (Traditional),J-HTokql9wMNBON6xyKLpg,American (Traditional),29.9565441,-90.0676787,918.028821,7.789236,New Orleans,LA,4.0,78,1,2,true,false,false,false,full_bar,no,casual|divey|touristy|trendy,"{""Monday"": ""11:0-1:0"", ""Tuesday"": ""11:0-1:0"", ""Wednesday"": ""11:0-1:0"", ""Thursday"": ""11:0-1:0"", ""Friday"": ""10:0-1:0"", ""Saturday"": ""10:0-1:0"", ""Sunday"": ""10:0-1:0""}"
4klH4lQI8DneBUqLP0vHvw__coffee_and_tea,4klH4lQI8DneBUqLP0vHvw,Grandad's General Store,Coffee & Tea,4klH4lQI8DneBUqLP0vHvw,Coffee & Tea,29.9579247,-90.0619681,1468.187867,161.305164,New Orleans,LA,3.5,11,1,2,false,,false,,,free,,
R4GCuKgcG_CvlNzruytDQw__pizza,R4GCuKgcG_CvlNzruytDQw,NOLA Pizza Co.,Pizza,R4GCuKgcG_CvlNzruytDQw,Pizza,29.9198418,-90.0816518,-428.136009,-4073.328259,New Orleans,LA,4.5,56,1,,true,,true,,beer_and_wine,,,"{""Monday"": ""0:0-0:0"", ""Tuesday"": ""11:0-21:0"", ""Wednesday"": ""11:0-21:0"", ""Thursday"": ""11:0-17:0"", ""Friday"": ""12:0-22:0"", ""Saturday"": ""11:0-22:0"", ""Sunday"": ""11:0-21:0""}"
RfiyYH8ZEpHflMI9ZMJNGw__coffee_and_tea,RfiyYH8ZEpHflMI9ZMJNGw,Starbucks,Coffee & Tea,RfiyYH8ZEpHflMI9ZMJNGw,Coffee & Tea,29.9479400,-90.0752400,189.573388,-948.944354,New Orleans,LA,4.0,6,0,,,,,,,free,,"{""Monday"": ""0:0-0:0"", ""Tuesday"": ""6:0-18:0"", ""Wednesday"": ""6:0-18:0"", ""Thursday"": ""6:0-18:0"", ""Friday"": ""6:0-18:0""}"
fEZP0NTgbKZG8JXVMCkoLw__american_(traditional),fEZP0NTgbKZG8JXVMCkoLw,The JuJu Bag,American (Traditional),fEZP0NTgbKZG8JXVMCkoLw,American (Traditional),30.0137092,-90.0507924,2544.854495,6364.267117,New Orleans,LA,4.5,61,0,2,true,false,true,true,none,free,casual,"{""Tuesday"": ""11:0-18:0"", ""Wednesday"": ""11:0-18:0"", ""Thursday"": ""11:0-18:0"", ""Friday"": ""11:0-22:0""}"
CRnqAB-ViEfQ0CQGOlEIeA__cafes,CRnqAB-ViEfQ0CQGOlEIeA,Bywater Bakery,Cafes,CRnqAB-ViEfQ0CQGOlEIeA,Cafes,29.9629679,-90.0391981,3661.849036,722.084192,New Orleans,LA,4.5,193,1,2,true,,true,true,none,free,casual|hipster,"{""Monday"": ""8:0-14:0"", ""Tuesday"": ""8:0-14:0"", ""Thursday"": ""8:0-14:0"", ""Friday"": ""8:0-14:0"", ""Saturday"": ""8:0-14:0"", ""Sunday"": ""8:0-14:0""}"
07D-uYB0PrSYUVpbKeojJA__american_(new),07D-uYB0PrSYUVpbKeojJA,Windsor Court Hotel,American (New),07D-uYB0PrSYUVpbKeojJA,American (New),29.9498395,-90.0664680,1034.670284,-737.732635,New Orleans,LA,4.5,202,1,3,false,false,false,false,full_bar,free,,"{""Monday"": ""0:0-0:0"", ""Tuesday"": ""0:0-0:0"", ""Wednesday"": ""0:0-0:0"", ""Thursday"": ""0:0-0:0"", ""Friday"": ""0:0-0:0"", ""Saturday"": ""0:0-0:0"", ""Sunday"": ""0:0-0:0""}"
k1-3XZUKemdtDPeej9KI7A__southern,k1-3XZUKemdtDPeej9KI7A,The Tasting Room,Southern,k1-3XZUKemdtDPeej9KI7A,Southern,29.9313020,-90.0738907,319.566262,-2799.008099,New Orleans,LA,4.0,254,1,2,,,true,false,full_bar,free,classy|intimate|romantic|trendy,"{""Monday"": ""0:0-0:0"", ""Tuesday"": ""15:0-22:0"", ""Wednesday"": ""15:0-22:0"", ""Thursday"": ""15:0-22:0"", ""Friday"": ""17:0-23:30"", ""Saturday"": ""12:0-22:0"", ""Sunday"": ""12:0-17:0""}"
lT_VFhU9AF7DiV0s_9XIJg__coffee_and_tea,lT_VFhU9AF7DiV0s_9XIJg,La Boucherie Coffee House,Coffee & Tea,lT_VFhU9AF7DiV0s_9XIJg,Coffee & Tea,29.9549270,-90.0661441,1065.872142,-172.024328,New Orleans,LA,3.5,36,0,1,,,true,,,free,,"{""Monday"": ""7:30-16:0"", ""Tuesday"": ""7:30-16:0"", ""Wednesday"": ""7:30-16:0"", ""Thursday"": ""7:30-16:0"", ""Friday"": ""7:30-16:0"", ""Saturday"": ""7:30-16:0"", ""Sunday"": ""7:30-16:0""}"
2B3nrfY334Aw3OBMMTQDOA__burgers,2B3nrfY334Aw3OBMMTQDOA,Big Poppa Burgers,Burgers,2B3nrfY334Aw3OBMMTQDOA,Burgers,29.9068780,-90.0863360,-879.414945,-5514.836739,New Orleans,LA,3.5,40,1,2,true,true,false,,full_bar,free,casual,"{""Monday"": ""11:0-20:0"", ""Tuesday"": ""11:0-20:0"", ""Wednesday"": ""11:0-20:0"", ""Thursday"": ""11:0-20:0"", ""Friday"": ""11:0-20:0"", ""Saturday"": ""11:0-20:0""}"
4cdS6DLtYIQfcpe5w_PyyQ__coffee_and_tea,4cdS6DLtYIQfcpe5w_PyyQ,The Drifter Hotel Coffee Bar,Coffee & Tea,4cdS6DLtYIQfcpe5w_PyyQ,Coffee & Tea,29.9660431,-90.1004352,-2237.731482,1064.031303,New Orleans,LA,4.5,35,1,2,false,,,,,free,,"{""Monday"": ""7:0-22:0"", ""Tuesday"": ""7:0-22:0"", ""Wednesday"": ""7:0-22:0"", ""Thursday"": ""7:0-22:0"", ""Friday"": ""7:0-0:0"", ""Saturday"": ""7:0-0:0"", ""Sunday"": ""7:15-22:0""}"
-ZAVJcrczPaTVYa5KUUuRg__fast_food,-ZAVJcrczPaTVYa5KUUuRg,Raising Cane's Chicken Fingers,Fast Food,-ZAVJcrczPaTVYa5KUUuRg,Fast Food,29.9619480,-90.1134590,-3492.444014,608.676330,New Orleans,LA,3.0,31,1,1,true,false,false,true,none,no,casual,"{""Monday"": ""10:0-0:0"", ""Tuesday"": ""10:0-0:0"", ""Wednesday"": ""10:0-0:0"", ""Thursday"": ""10:0-0:0"", ""Friday"": ""10:0-0:0"", ""Saturday"": ""10:0-0:0"", ""Sunday"": ""10:0-0:0""}"
7ZhN2yp1TAaoRQl99hnbfQ__beer,7ZhN2yp1TAaoRQl99hnbfQ,Stacks On Magazine,Beer,7ZhN2yp1TAaoRQl99hnbfQ,Beer,29.9503211,-90.0682899,859.145830,-684.177749,New Orleans,LA,3.5,18,0,2,true,,true,,full_bar,free,,"{""Monday"": ""7:0-23:0"", ""Tuesday"": ""7:0-23:0"", ""Wednesday"": ""7:0-23:0"", ""Thursday"": ""7:0-23:0"", ""Friday"": ""7:0-23:0"", ""Saturday"": ""7:0-23:0"", ""Sunday"": ""7:0-23:0""}"
0yEl45kZ8o37lvpkhCBM4w__american_(new),0yEl45kZ8o37lvpkhCBM4w,Monkey Board,American (New),0yEl45kZ8o37lvpkhCBM4w,American (New),29.9533897,-90.0744212,268.456558,-342.964525,New Orleans,LA,3.5,173,1,2,,,,false,full_bar,free,casual|hipster|romantic|trendy,"{""Monday"": ""16:0-23:0"", ""Tuesday"": ""16:0-23:0"", ""Wednesday"": ""16:0-23:0"", ""Thursday"": ""16:0-23:0"", ""Friday"": ""16:0-0:0"", ""Saturday"": ""16:0-0:0"", ""Sunday"": ""16:0-23:0""}"
-RV8fLn8mcdLi15c5eQjeg__cajun_creole,-RV8fLn8mcdLi15c5eQjeg,Nawlins Flava Cafe,Cajun/Creole,-RV8fLn8mcdLi15c5eQjeg,Cajun/Creole,29.9570220,-90.0667470,1007.788773,60.929365,New Orleans,LA,2.0,6,1,,true,true,,,,paid,,"{""Monday"": ""17:30-22:30"", ""Tuesday"": ""17:30-22:30"", ""Wednesday"": ""17:30-23:30"", ""Thursday"": ""17:30-23:30"", ""Friday"": ""20:0-22:0"", ""Saturday"": ""20:0-22:0"", ""Sunday"": ""13:0-17:0""}"
j_wOxQrfgJKQdL4G5u8_1A__specialty_food,j_wOxQrfgJKQdL4G5u8_1A,Raw Republic,Specialty Food,j_wOxQrfgJKQdL4G5u8_1A,Specialty Food,29.9204120,-90.1033937,-2522.753290,-4009.922523,New Orleans,LA,4.5,88,1,2,true,true,true,true,none,free,trendy,"{""Monday"": ""8:0-18:0"", ""Tuesday"": ""8:0-18:0"", ""Wednesday"": ""8:0-18:0"", ""Thursday"": ""8:0-18:0"", ""Friday"": ""8:0-18:0"", ""Saturday"": ""9:0-17:0"", ""Sunday"": ""9:0-17:0""}"
FlDkxuO6MGrW7x1OJTtJew__cocktail_bars,FlDkxuO6MGrW7x1OJTtJew,Auction House Market,Cocktail Bars,FlDkxuO6MGrW7x1OJTtJew,Cocktail Bars,29.9451704,-90.0696037,732.574374,-1256.910248,New Orleans,LA,4.5,247,1,2,true,false,,true,full_bar,free,casual|classy|hipster|trendy|upscale,"{""Monday"": ""8:0-18:0"", ""Tuesday"": ""8:0-18:0"", ""Wednesday"": ""8:0-18:0"", ""Thursday"": ""8:0-18:0"", ""Friday"": ""8:0-20:0"", ""Saturday"": ""8:0-20:0"", ""Sunday"": ""8:0-18:0""}"
H4MrP38d7bseGgMtXcNpdA__specialty_food,H4MrP38d7bseGgMtXcNpdA,Cajun Brothers,Specialty Food,H4MrP38d7bseGgMtXcNpdA,Specialty Food,29.9757657,-90.0987631,-2076.641415,2145.136590,New Orleans,LA,3.0,42,0,2,true,,,,,,,"{""Monday"": ""10:0-19:0"", ""Tuesday"": ""10:0-19:0"", ""Wednesday"": ""10:0-19:0"", ""Thursday"": ""10:0-19:0"", ""Friday"": ""10:0-19:0"", ""Saturday"": ""10:0-19:0"", ""Sunday"": ""10:0-18:0""}"
nTPTqC40pXELp3LOrCtXIA__sandwiches,nTPTqC40pXELp3LOrCtXIA,Goldbergs Fine Foods - New Orleans,Sandwiches,nTPTqC40pXELp3LOrCtXIA,Sandwiches,29.9539999,-90.0727519,429.272596,-275.112831,New Orleans,LA,4.0,142,0,2,true,true,false,true,full_bar,free,,"{""Monday"": ""7:0-21:0"", ""Tuesday"": ""7:0-21:0"", ""Wednesday"": ""7:0-21:0"", ""Thursday"": ""7:0-21:0"", ""Friday"": ""7:0-22:0"", ""Saturday"": ""7:0-22:0"", ""Sunday"": ""7:0-21:0""}"
mcusJzcyXvTMnImZcQN4IQ__fitness_and_instruction,mcusJzcyXvTMnImZcQN4IQ,Cypress Fitness,Fitness & Instruction,mcusJzcyXvTMnImZcQN4IQ,Fitness & Instruction,29.9286285,-90.0685445,834.617673,-3096.288146,New Orleans,LA,5.0,18,1,,,,,true,,,,"{""Monday"": ""5:30-20:30"", ""Tuesday"": ""5:30-20:30"", ""Wednesday"": ""5:30-20:30"", ""Thursday"": ""5:30-20:30"", ""Friday"": ""5:30-20:30"", ""Saturday"": ""5:30-20:30"", ""Sunday"": ""5:30-20:30""}"
z7q_oWGr3GlvYqfiTfeljA__american_(new),z7q_oWGr3GlvYqfiTfeljA,Warbucks,American (New),z7q_oWGr3GlvYqfiTfeljA,American (New),29.9235868,-90.0868144,-925.503987,-3656.900382,New Orleans,LA,4.0,88,0,2,true,,true,true,full_bar,,,"{""Monday"": ""11:0-21:0"", ""Tuesday"": ""11:0-21:0"", ""Wednesday"": ""11:0-21:0"", ""Thursday"": ""11:0-21:0"", ""Friday"": ""11:0-22:0"", ""Saturday"": ""11:0-22:0"", ""Sunday"": ""11:0-21:0""}"
TNPbETvzoH9kOMWs_4FEFQ__cajun_creole,TNPbETvzoH9kOMWs_4FEFQ,Creole Cottage Esplanade,Cajun/Creole,TNPbETvzoH9kOMWs_4FEFQ,Cajun/Creole,29.9801560,-90.0837619,-631.426222,2633.316351,New Orleans,LA,1.5,12,0,2,true,false,true,true,none,no,,"{""Monday"": ""17:0-21:0"", ""Tuesday"": ""17:0-21:0"", ""Wednesday"": ""17:0-21:0"", ""Thursday"": ""17:0-21:0"", ""Friday"": ""17:0-21:0"", ""Saturday"": ""17:0-21:0"", ""Sunday"": ""17:0-21:0""}"
ObZu0-S1VAqAuCbAF5AFvw__american_(new),ObZu0-S1VAqAuCbAF5AFvw,The Munch Factory,American (New),ObZu0-S1VAqAuCbAF5AFvw,American (New),29.9321337,-90.0745904,252.155834,-2706.527151,New Orleans,LA,4.0,360,0,2,true,true,false,true,full_bar,free,casual|classy,"{""Tuesday"": ""11:30-21:0"", ""Wednesday"": ""11:30-21:0"", ""Thursday"": ""11:30-21:0"", ""Friday"": ""11:30-22:0"", ""Saturday"": ""11:30-22:0"", ""Sunday"": ""11:0-14:30""}"
Qbc4wNOx_aT-9ygf0QKpvw__breakfast_and_brunch,Qbc4wNOx_aT-9ygf0QKpvw,SWEGS Kitchen - Benson Towe,Breakfast & Brunch,Qbc4wNOx_aT-9ygf0QKpvw,Breakfast & Brunch,29.9509112,-90.0785160,-126.033394,-618.562644,New Orleans,LA,3.0,6,0,2,true,,,,,,,"{""Monday"": ""7:0-17:0"", ""Tuesday"": ""7:0-17:0"", ""Wednesday"": ""7:0-17:0"", ""Thursday"": ""7:0-17:0"", ""Friday"": ""7:0-17:0""}"
ozUb0F8BxoOm13xXl0GB5g__breakfast_and_brunch,ozUb0F8BxoOm13xXl0GB5g,The Soda Shop,Breakfast & Brunch,ozUb0F8BxoOm13xXl0GB5g,Breakfast & Brunch,29.9428935,-90.0701257,682.288011,-1510.094118,New Orleans,LA,3.0,92,1,2,true,false,false,true,none,free,touristy,"{""Monday"": ""7:0-17:0"", ""Tuesday"": ""7:0-17:0"", ""Wednesday"": ""7:0-17:0"", ""Thursday"": ""7:0-17:0"", ""Friday"": ""7:0-17:0"", ""Saturday"": ""7:0-17:0"", ""Sunday"": ""7:0-17:0""}"
K3ZbuBhKdHylQxQ3j49Y6Q__specialty_food,K3ZbuBhKdHylQxQ3j49Y6Q,Smoothie King,Specialty Food,K3ZbuBhKdHylQxQ3j49Y6Q,Specialty Food,29.9160160,-90.1142880,-3572.309851,-4498.736095,New Orleans,LA,2.5,7,1,2,true,true,,,,,,"{""Monday"": ""0:0-0:0"", ""Tuesday"": ""8:0-19:0"", ""Wednesday"": ""7:0-19:0"", ""Thursday"": ""7:0-19:0"", ""Friday"": ""7:0-19:0"", ""Saturday"": ""9:0-20:0"", ""Sunday"": ""11:0-18:0""}"
ccIVRcyOsnI36M233_ezwQ__specialty_food,ccIVRcyOsnI36M233_ezwQ,Crump's Seafood Market & Sandwich Shop,Specialty Food,ccIVRcyOsnI36M233_ezwQ,Specialty Food,29.9406889,-90.1020286,-2391.239594,-1755.231000,New Orleans,LA,4.5,5,0,1,true,false,false,true,,,,"{""Tuesday"": ""12:0-18:0"", ""Wednesday"": ""10:0-18:0"", ""Thursday"": ""10:0-18:0"", ""Friday"": ""10:0-20:0""}"
cpsdgiE7hmOw8UtymGTkCQ__beer,cpsdgiE7hmOw8UtymGTkCQ,Oak,Beer,cpsdgiE7hmOw8UtymGTkCQ,Beer,29.9475942,-90.1303617,-5120.849664,-987.395613,New Orleans,LA,4.0,125,1,2,true,false,true,false,full_bar,free,classy|trendy,"{""Tuesday"": ""17:0-23:0"", ""Wednesday"": ""17:0-23:0"", ""Thursday"": ""17:0-23:0"", ""Friday"": ""17:0-23:0"", ""Saturday"": ""17:0-23:0""}"
COXxUlFVa-kS40T_bdcP4g__art_galleries,COXxUlFVa-kS40T_bdcP4g,Rodrigue Studio,Art Galleries,COXxUlFVa-kS40T_bdcP4g,Art Galleries,29.9584844,-90.0640808,1264.650407,223.541050,New Orleans,LA,4.0,14,1,4,,,,true,,,,"{""Monday"": ""10:0-18:0"", ""Tuesday"": ""10:0-18:0"", ""Wednesday"": ""10:0-18:0"", ""Thursday"": ""10:0-18:0"", ""Friday"": ""10:0-18:0"", ""Saturday"": ""10:0-18:0"", ""Sunday"": ""12:0-17:0""}"
vFGyUb7NiXCxKwwxE0gvaA__art_galleries,vFGyUb7NiXCxKwwxE0gvaA,Naghi's,Art Galleries,vFGyUb7NiXCxKwwxE0gvaA,Art Galleries,29.9578780,-90.0650331,1172.905852,156.112353,New Orleans,LA,3.5,17,1,,,,,,,,,
jE7PpEUmWgcBc0DeelPAOA__american_(new),jE7PpEUmWgcBc0DeelPAOA,Bistro Daisy,American (New),jE7PpEUmWgcBc0DeelPAOA,American (New),29.9218831,-90.1195416,-4078.441529,-3846.343440,New Orleans,LA,4.5,119,1,3,false,false,true,false,full_bar,no,classy|romantic,"{""Tuesday"": ""18:0-21:0"", ""Wednesday"": ""18:0-21:0"", ""Thursday"": ""18:0-21:0"", ""Friday"": ""18:0-21:30"", ""Saturday"": ""18:0-21:30""}"
AW81jJyQA8264WcUT-4JzA__specialty_food,AW81jJyQA8264WcUT-4JzA,Alberto's Cheese & Wine Bistro,Specialty Food,AW81jJyQA8264WcUT-4JzA,Specialty Food,29.9596750,-90.0594840,1707.505992,355.929912,New Orleans,LA,4.5,199,1,1,true,false,true,true,full_bar,no,casual|touristy,"{""Monday"": ""10:0-17:0"", ""Tuesday"": ""10:0-17:0"", ""Wednesday"": ""10:0-17:0"", ""Thursday"": ""10:0-17:0"", ""Friday"": ""10:0-17:0"", ""Saturday"": ""10:0-18:0"", ""Sunday"": ""10:0-18:0""}"
Dg-O9INNe0IShRSeiRDr7Q__fast_food,Dg-O9INNe0IShRSeiRDr7Q,Raising Cane's Chicken Fingers,Fast Food,Dg-O9INNe0IShRSeiRDr7Q,Fast Food,29.9117944,-90.0179965,5704.410593,-4968.157246,New Orleans,LA,3.5,14,1,1,true,false,false,true,none,no,,"{""Monday"": ""10:0-0:0"", ""Tuesday"": ""10:0-0:0"", ""Wednesday"": ""10:0-0:0"", ""Thursday"": ""10:0-0:0"", ""Friday"": ""10:0-1:0"", ""Saturday"": ""10:0-1:0"", ""Sunday"": ""10:0-0:0""}"
YSGxbx26Kouq-c4Ttz3FZA__desserts,YSGxbx26Kouq-c4Ttz3FZA,The Original New Orleans Sno-balls & Smoothee,Desserts,YSGxbx26Kouq-c4Ttz3FZA,Desserts,30.0023730,-90.0589810,1755.964998,5103.737448,New Orleans,LA,4.0,29,1,1,true,,,,,no,,"{""Monday"": ""10:0-19:0"", ""Tuesday"": ""10:0-19:0"", ""Wednesday"": ""10:0-19:0"", ""Thursday"": ""10:0-19:0"", ""Friday"": ""10:0-19:0"", ""Saturday"": ""10:0-19:0"", ""Sunday"": ""10:0-19:0""}"
_ryfTHjXkK5AyEl1gDGjlQ__american_(new),_ryfTHjXkK5AyEl1gDGjlQ,Primitivo,American (New),_ryfTHjXkK5AyEl1gDGjlQ,American (New),29.9389112,-90.0806292,-329.618060,-1952.905497,New Orleans,LA,4.0,105,0,2,true,true,false,false,full_bar,free,casual,"{""Monday"": ""15:0-22:0"", ""Tuesday"": ""15:0-22:0"", ""Wednesday"": ""15:0-22:0"", ""Thursday"": ""15:0-22:0"", ""Friday"": ""15:0-22:0"", ""Saturday"": ""15:0-22:0""}"
RY5yOBwPQJ0uJ4gycn8dfA__cajun_creole,RY5yOBwPQJ0uJ4gycn8dfA,Riverfront Restaurant,Cajun/Creole,RY5yOBwPQJ0uJ4gycn8dfA,Cajun/Creole,29.9559347,-90.0636824,1303.032252,-59.973046,New Orleans,LA,3.5,21,0,2,true,,true,,full_bar,,,
2UuvmImU_YrHjV9iWKspHQ__fitness_and_instruction,2UuvmImU_YrHjV9iWKspHQ,"Yes, Yoga.",Fitness & Instruction,2UuvmImU_YrHjV9iWKspHQ,Fitness & Instruction,29.9491884,-90.1323514,-5312.537307,-810.128416,New Orleans,LA,5.0,18,1,,,,,false,,,,"{""Monday"": ""7:0-20:30"", ""Tuesday"": ""12:0-20:30"", ""Wednesday"": ""7:0-20:30"", ""Thursday"": ""8:30-20:30"", ""Friday"": ""7:0-18:30"", ""Saturday"": ""9:0-16:30"", ""Sunday"": ""9:0-16:30""}"
OoM2j5LPJC4Mofl2XQjBvQ__cocktail_bars,OoM2j5LPJC4Mofl2XQjBvQ,Legacy Kitchen's Craft Tavern,Cocktail Bars,OoM2j5LPJC4Mofl2XQjBvQ,Cocktail Bars,29.9462908,-90.0672569,958.662304,-1132.324790,New Orleans,LA,3.5,495,1,2,true,true,true,true,full_bar,free,casual,"{""Monday"": ""16:0-20:0"", ""Tuesday"": ""16:0-20:0"", ""Wednesday"": ""16:0-20:0"", ""Thursday"": ""16:0-20:0"", ""Friday"": ""16:0-21:0"", ""Saturday"": ""16:0-21:0"", ""Sunday"": ""16:0-20:0""}"
iC9Gis3-VspIr8Ox3e2beA__american_(traditional),iC9Gis3-VspIr8Ox3e2beA,Chophouse New Orleans,American (Traditional),iC9Gis3-VspIr8Ox3e2beA,American (Traditional),29.9498928,-90.0676810,917.807239,-731.802601,New Orleans,LA,4.0,515,1,3,true,,,false,full_bar,free,classy,"{""Monday"": ""16:0-21:0"", ""Tuesday"": ""16:0-21:0"", ""Wednesday"": ""16:0-21:0"", ""Thursday"": ""16:0-21:0"", ""Friday"": ""16:0-22:0"", ""Saturday"": ""16:0-22:0"", ""Sunday"": ""16:0-21:0""}"
hAbyDqwRiULAua64Ir0DAA__american_(new),hAbyDqwRiULAua64Ir0DAA,Checkered Parrot,American (New),hAbyDqwRiULAua64Ir0DAA,American (New),29.9539206,-90.0683672,851.698750,-283.931057,New Orleans,LA,1.5,61,0,2,true,true,true,false,full_bar,no,touristy,
BuQGsltd3B4L_HRCP2jpTQ__southern,BuQGsltd3B4L_HRCP2jpTQ,Joey K's Restaurant & Bar,Southern,BuQGsltd3B4L_HRCP2jpTQ,Southern,29.9250280,-90.0847922,-730.687280,-3496.643175,New Orleans,LA,4.0,725,1,2,true,true,true,true,full_bar,no,casual,"{""Monday"": ""11:0-21:0"", ""Tuesday"": ""11:0-21:0"", ""Wednesday"": ""11:0-21:0"", ""Thursday"": ""11:0-21:0"", ""Friday"": ""11:0-21:0"", ""Saturday"": ""11:0-21:0"", ""Sunday"": ""10:0-15:0""}"
AC2SehbtlcUzJrAeAFXxzw__american_(new),AC2SehbtlcUzJrAeAFXxzw,Helix Wine Bar,American (New),AC2SehbtlcUzJrAeAFXxzw,American (New),29.9437211,-90.0722118,481.310092,-1418.065278,New Orleans,LA,4.5,5,0,2,,,true,,full_bar,,,
FjzIKUdgxKCmVtZPNup1WA__art_galleries,FjzIKUdgxKCmVtZPNup1WA,Cocoally Vegan Boutique,Art Galleries,FjzIKUdgxKCmVtZPNup1WA,Art Galleries,29.9306194,-90.0756348,151.538367,-2874.909861,New Orleans,LA,5.0,10,1,,,,,,,,,"{""Monday"": ""11:0-16:0"", ""Tuesday"": ""11:0-16:0"", ""Wednesday"": ""11:0-16:0"", ""Thursday"": ""11:0-16:0"", ""Friday"": ""11:0-16:0"", ""Saturday"": ""11:0-16:0"", ""Sunday"": ""11:0-16:0""}"
Jy1ivHnSRtNNA6snZSAKBw__desserts,Jy1ivHnSRtNNA6snZSAKBw,Twelve Mile Limit,Desserts,Jy1ivHnSRtNNA6snZSAKBw,Desserts,29.9683455,-90.0999063,-2186.772830,1320.048412,New Orleans,LA,4.5,150,1,1,true,false,true,,full_bar,free,casual,"{""Wednesday"": ""17:0-23:0"", ""Thursday"": ""17:0-23:0"", ""Friday"": ""17:0-23:0"", ""Saturday"": ""12:0-23:0"", ""Sunday"": ""10:0-23:0""}"
rnXMM1jS9BMFabndBC-bkw__pizza,rnXMM1jS9BMFabndBC-bkw,Reginelli's Pizzeria,Pizza,rnXMM1jS9BMFabndBC-bkw,Pizza,29.9222494,-90.1212964,-4247.498913,-3805.612682,New Orleans,LA,4.0,154,1,2,true,true,true,true,beer_and_wine,no,casual,"{""Monday"": ""11:0-22:0"", ""Tuesday"": ""11:0-22:0"", ""Wednesday"": ""11:0-22:0"", ""Thursday"": ""11:0-22:0"", ""Friday"": ""11:0-22:0"", ""Saturday"": ""11:0-22:0"", ""Sunday"": ""11:0-22:0""}"
MTTbnLFMfvMc5tzed4p4jg__cocktail_bars,MTTbnLFMfvMc5tzed4p4jg,Bar Marilou,Cocktail Bars,MTTbnLFMfvMc5tzed4p4jg,Cocktail Bars,29.9489850,-90.0721000,492.080901,-832.745495,New Orleans,LA,4.0,98,1,2,,,false,,full_bar,,classy,"{""Monday"": ""0:0-0:0"", ""Wednesday"": ""16:0-23:0"", ""Thursday"": ""16:0-0:0"", ""Friday"": ""16:0-1:0"", ""Saturday"": ""16:0-1:0"", ""Sunday"": ""16:0-23:0""}"
kFwYrDiiVuaEuw1WIV260w__specialty_food,kFwYrDiiVuaEuw1WIV260w,Avo,Specialty Food,kFwYrDiiVuaEuw1WIV260w,Specialty Food,29.9216987,-90.1201465,-4136.717578,-3866.847813,New Orleans,LA,4.5,191,1,3,true,false,false,false,full_bar,no,classy|romantic,"{""Monday"": ""0:0-0:0"", ""Tuesday"": ""17:0-21:0"", ""Wednesday"": ""17:0-21:0"", ""Thursday"": ""17:0-21:0"", ""Friday"": ""17:0-21:0"", ""Saturday"": ""17:0-21:0""}"
zHoIBH6nIh_Hs8YkSJii5Q__desserts,zHoIBH6nIh_Hs8YkSJii5Q,The Cupcake Collection,Desserts,zHoIBH6nIh_Hs8YkSJii5Q,Desserts,29.9255410,-90.0841180,-665.729543,-3439.602367,New Orleans,LA,5.0,118,1,2,true,true,,,,,,"{""Monday"": ""0:0-0:0"", ""Tuesday"": ""10:0-17:0"", ""Wednesday"": ""10:0-17:0"", ""Thursday"": ""10:0-17:0"", ""Friday"": ""10:0-14:0"", ""Sunday"": ""11:0-16:0""}"
pGhPjCVXBTYgxTWpSZPmeA__cocktail_bars,pGhPjCVXBTYgxTWpSZPmeA,Da Dshop On Crowder,Cocktail Bars,pGhPjCVXBTYgxTWpSZPmeA,Cocktail Bars,30.0284557,-89.9912866,8277.641620,8004.005367,New Orleans,LA,5.0,10,1,,,,true,,full_bar,free,,"{""Tuesday"": ""13:0-23:0"", ""Wednesday"": ""13:0-22:0"", ""Thursday"": ""13:0-22:0"", ""Friday"": ""13:0-23:0"", ""Saturday"": ""12:0-23:0"", ""Sunday"": ""12:0-2:0""}"
OOna4RpWG0AJghKOuVca1A__coffee_and_tea,OOna4RpWG0AJghKOuVca1A,Starbucks,Coffee & Tea,OOna4RpWG0AJghKOuVca1A,Coffee & Tea,29.9415170,-90.0643130,1242.280266,-1663.150354,New Orleans,LA,2.5,14,1,1,true,false,false,,,free,,
3n2FIVhxAjG6fjju4wdzXw__coffee_and_tea,3n2FIVhxAjG6fjju4wdzXw,The Bean Gallery,Coffee & Tea,3n2FIVhxAjG6fjju4wdzXw,Coffee & Tea,29.9790059,-90.0963386,-1843.063726,2505.429099,New Orleans,LA,4.0,181,1,1,true,false,true,true,none,free,casual,"{""Monday"": ""6:30-0:0"", ""Tuesday"": ""6:30-0:0"", ""Wednesday"": ""6:30-0:0"", ""Thursday"": ""6:30-0:0"", ""Friday"": ""6:30-22:0"", ""Saturday"": ""6:30-22:0"", ""Sunday"": ""6:30-0:0""}"
73CjVmJwMZaWz5xXvhASWg__fitness_and_instruction,73CjVmJwMZaWz5xXvhASWg,NOLA Paddleboards,Fitness & Instruction,73CjVmJwMZaWz5xXvhASWg,Fitness & Instruction,30.0103282,-90.1025426,-2440.758340,5988.316551,New Orleans,LA,5.0,14,1,1,,,,true,,,,"{""Monday"": ""9:30-10:45"", ""Tuesday"": ""9:30-10:45"", ""Wednesday"": ""9:30-10:45"", ""Thursday"": ""9:30-10:45"", ""Friday"": ""9:30-10:45"", ""Saturday"": ""9:30-10:45"", ""Sunday"": ""9:30-10:45""}"
yY3kq6_2m1FyY9MgaiHgoQ__southern,yY3kq6_2m1FyY9MgaiHgoQ,Ye Olde College Inn,Southern,yY3kq6_2m1FyY9MgaiHgoQ,Southern,29.9605088,-90.1158960,-3727.224526,448.644370,New Orleans,LA,4.0,234,1,2,true,false,true,true,full_bar,no,casual|classy,"{""Monday"": ""0:0-0:0"", ""Tuesday"": ""16:0-22:0"", ""Wednesday"": ""16:0-22:0"", ""Thursday"": ""16:0-22:0"", ""Friday"": ""16:0-23:0"", ""Saturday"": ""11:0-23:0""}"
ALjOBKvlyT-lcLFihD4P8g__pizza,ALjOBKvlyT-lcLFihD4P8g,Turtle Bay,Pizza,ALjOBKvlyT-lcLFihD4P8g,Pizza,29.9602660,-90.0597512,1681.763951,421.646205,New Orleans,LA,4.0,278,1,2,true,true,true,false,full_bar,free,casual|divey,"{""Monday"": ""0:0-0:0"", ""Tuesday"": ""0:0-0:0"", ""Wednesday"": ""0:0-0:0"", ""Thursday"": ""0:0-0:0"", ""Friday"": ""0:0-0:0"", ""Saturday"": ""0:0-0:0"", ""Sunday"": ""0:0-0:0""}"
X5RV5TndFtCJkeFZzTTb2Q__american_(traditional),X5RV5TndFtCJkeFZzTTb2Q,Miracles To Go,American (Traditional),X5RV5TndFtCJkeFZzTTb2Q,American (Traditional),29.9889492,-90.0717845,522.472665,3611.077142,New Orleans,LA,4.5,13,1,,true,true,,,,,,"{""Monday"": ""11:0-18:0"", ""Tuesday"": ""11:0-18:0"", ""Wednesday"": ""11:0-18:0"", ""Thursday"": ""11:0-18:0"", ""Friday"": ""11:0-18:0""}"
9ng2rcAA3Lb6m_t4IY0QcA__coffee_and_tea,9ng2rcAA3Lb6m_t4IY0QcA,La Divina Gelateria,Coffee & Tea,9ng2rcAA3Lb6m_t4IY0QcA,Coffee & Tea,29.9249844,-90.0849586,-746.718868,-3501.492081,New Orleans,LA,4.0,106,0,1,true,false,true,true,none,free,casual,
wIlZYEJyMtFPltIS7vc8kg__breakfast_and_brunch,wIlZYEJyMtFPltIS7vc8kg,Chateau Moanèt Voilà,Breakfast & Brunch,wIlZYEJyMtFPltIS7vc8kg,Breakfast & Brunch,29.9535977,-90.0654231,1135.333262,-319.835949,New Orleans,LA,2.0,9,1,2,false,false,true,false,full_bar,,,
kSS2nvAscVe9dHwihJVUiw__pizza,kSS2nvAscVe9dHwihJVUiw,Pizza Domenica,Pizza,kSS2nvAscVe9dHwihJVUiw,Pizza,29.9659347,-90.0946470,-1680.096454,1051.977756,New Orleans,LA,4.0,46,1,2,true,true,true,,full_bar,,casual,"{""Monday"": ""0:0-0:0"", ""Tuesday"": ""15:0-21:0"", ""Wednesday"": ""15:0-21:0"", ""Thursday"": ""15:0-21:0"", ""Friday"": ""15:0-21:0"", ""Saturday"": ""15:0-21:0"", ""Sunday"": ""15:0-21:0""}"
gyuTjrBq9A1gThj-PYj6mg__art_galleries,gyuTjrBq9A1gThj-PYj6mg,Newcomb Art Museum,Art Galleries,gyuTjrBq9A1gThj-PYj6mg,Art Galleries,29.9420016,-90.1212477,-4242.806366,-1609.265307,New Orleans,LA,4.5,5,1,1,,,,,,,,"{""Tuesday"": ""10:0-17:0"", ""Wednesday"": ""10:0-17:0"", ""Thursday"": ""10:0-17:0"", ""Friday"": ""10:0-17:0"", ""Saturday"": ""11:0-16:0""}"
5BK1znm0dZ4WGUYYywl4tg__specialty_food,5BK1znm0dZ4WGUYYywl4tg,Smoothie King,Specialty Food,5BK1znm0dZ4WGUYYywl4tg,Specialty Food,29.9216980,-90.0163100,5866.887957,-3866.925650,New Orleans,LA,2.5,15,1,1,true,true,,,,free,,"{""Monday"": ""0:0-0:0"", ""Tuesday"": ""7:0-21:0"", ""Wednesday"": ""7:0-19:0"", ""Thursday"": ""7:0-19:0"", ""Friday"": ""7:0-19:0"", ""Saturday"": ""9:0-20:0"", ""Sunday"": ""11:0-18:0""}"
ONCYf9cLRT3cmWr2MFfLow__specialty_food,ONCYf9cLRT3cmWr2MFfLow,Smoothie King,Specialty Food,ONCYf9cLRT3cmWr2MFfLow,Specialty Food,29.9445210,-90.0620728,1458.097892,-1329.120333,New Orleans,LA,1.5,6,1,1,true,true,,,,no,,"{""Monday"": ""0:0-0:0"", ""Tuesday"": ""11:0-19:0"", ""Wednesday"": ""7:0-19:0"", ""Thursday"": ""7:0-19:0"", ""Friday"": ""7:0-19:0"", ""Saturday"": ""9:0-20:0"", ""Sunday"": ""11:0-18:0""}"
YHbxoIIowZRwFKE3kPQ-5w__burgers,YHbxoIIowZRwFKE3kPQ-5w,Go Burger,Burgers,YHbxoIIowZRwFKE3kPQ-5w,Burgers,30.0207669,-90.0768242,36.951604,7149.048635,New Orleans,LA,2.0,16,0,2,true,false,true,true,,,,"{""Monday"": ""11:0-20:0"", ""Tuesday"": ""11:0-20:0"", ""Wednesday"": ""11:0-20:0"", ""Thursday"": ""11:0-20:0"", ""Friday"": ""11:0-20:0"", ""Saturday"": ""11:0-20:0""}"
kYgMSD2obyOgORgd3RSE_w__fitness_and_instruction,kYgMSD2obyOgORgd3RSE_w,Mr John's Steakhouse,Fitness & Instruction,kYgMSD2obyOgORgd3RSE_w,Fitness & Instruction,29.9349207,-90.0802564,-293.706449,-2396.626462,New Orleans,LA,4.0,294,1,3,,,,false,full_bar,no,classy,"{""Monday"": ""0:0-0:0"", ""Tuesday"": ""17:30-21:30"", ""Wednesday"": ""17:30-21:30"", ""Thursday"": ""17:30-21:30"", ""Friday"": ""17:30-21:30"", ""Saturday"": ""17:30-21:30""}"
MyFC2F-5SXwXTLR99UWiqA__cafes,MyFC2F-5SXwXTLR99UWiqA,The Vintage,Cafes,MyFC2F-5SXwXTLR99UWiqA,Cafes,29.9243554,-90.0860477,-851.640131,-3571.435843,New Orleans,LA,4.5,344,1,2,true,true,true,,full_bar,free,casual|classy|trendy,"{""Monday"": ""0:0-0:0"", ""Tuesday"": ""7:0-22:0"", ""Wednesday"": ""7:0-22:0"", ""Thursday"": ""7:0-22:0"", ""Friday"": ""7:0-22:0"", ""Saturday"": ""8:0-0:0"", ""Sunday"": ""8:0-22:0""}"
nUXVJx-tdBiqz21BPv9qOg__art_galleries,nUXVJx-tdBiqz21BPv9qOg,Du Mois Gallery,Art Galleries,nUXVJx-tdBiqz21BPv9qOg,Art Galleries,29.9352279,-90.1056481,-2739.942124,-2362.467334,New Orleans,LA,4.5,10,0,2,,,,true,,,,"{""Saturday"": ""12:0-17:0""}"
IEF4wm9hlu5uT4jfKCgWmw__seafood,IEF4wm9hlu5uT4jfKCgWmw,Cleo's Mediterranean Cuisine,Seafood,IEF4wm9hlu5uT4jfKCgWmw,Seafood,29.9524540,-90.0668500,997.865756,-447.009762,New Orleans,LA,4.5,143,0,2,true,true,,,none,free,classy,"{""Monday"": ""10:0-1:0"", ""Tuesday"": ""10:0-3:30"", ""Wednesday"": ""10:0-1:0"", ""Thursday"": ""10:0-1:0"", ""Friday"": ""10:0-1:0"", ""Saturday"": ""10:0-1:0"", ""Sunday"": ""10:0-0:0""}"
x7_pOq3pZfBJSaZJQvXAqg__american_(new),x7_pOq3pZfBJSaZJQvXAqg,Serendipity,American (New),x7_pOq3pZfBJSaZJQvXAqg,American (New),29.9762058,-90.0919952,-1424.625902,2194.076414,New Orleans,LA,4.0,34,0,2,true,false,false,false,full_bar,,classy|romantic|trendy,"{""Monday"": ""16:0-22:0"", ""Tuesday"": ""16:0-22:0"", ""Wednesday"": ""16:0-22:0"", ""Thursday"": ""16:0-22:0"", ""Friday"": ""16:0-23:0"", ""Saturday"": ""16:0-23:0""}"
qjP2XXjtLdlZ20SISqtAAA__cajun_creole,qjP2XXjtLdlZ20SISqtAAA,Bon Ton Cafe,Cajun/Creole,qjP2XXjtLdlZ20SISqtAAA,Cajun/Creole,29.9495995,-90.0681440,873.201832,-764.416118,New Orleans,LA,4.0,416,0,3,false,false,false,false,full_bar,no,classy,"{""Monday"": ""17:0-21:0"", ""Tuesday"": ""17:0-21:0"", ""Wednesday"": ""17:0-21:0"", ""Thursday"": ""17:0-21:0"", ""Friday"": ""17:0-21:0""}"
lWPQeVAZInbNntRu6eFkbg__pizza,lWPQeVAZInbNntRu6eFkbg,Louisiana Pizza Kitchen,Pizza,lWPQeVAZInbNntRu6eFkbg,Pizza,29.9611110,-90.0582831,1823.200665,515.606048,New Orleans,LA,4.0,519,1,2,true,true,true,true,full_bar,no,casual|classy,"{""Monday"": ""12:0-21:0"", ""Tuesday"": ""17:0-21:0"", ""Wednesday"": ""17:0-21:0"", ""Thursday"": ""17:0-21:0"", ""Friday"": ""12:0-21:0"", ""Saturday"": ""12:0-21:0"", ""Sunday"": ""12:0-21:0""}"
7U3WrFEtH9eek9Csjr9QwA__beer,7U3WrFEtH9eek9Csjr9QwA,Compac's Liquors,Beer,7U3WrFEtH9eek9Csjr9QwA,Beer,29.9567200,-90.0669220,990.929278,27.348450,New Orleans,LA,2.0,8,1,2,,,,,,,,
0g9fGg7Z368fPJiBp7JvdA__pizza,0g9fGg7Z368fPJiBp7JvdA,Mango Mango Daiquiris,Pizza,0g9fGg7Z368fPJiBp7JvdA,Pizza,29.9547979,-90.0691496,776.322356,-186.383461,New Orleans,LA,2.0,157,1,1,false,false,false,false,full_bar,free,divey,"{""Wednesday"": ""11:0-2:0"", ""Thursday"": ""11:0-3:0"", ""Friday"": ""10:0-4:0"", ""Saturday"": ""10:0-4:0"", ""Sunday"": ""10:0-3:0""}"
iuFgUOCFgE7fBLpBhFQXdw__fast_food,iuFgUOCFgE7fBLpBhFQXdw,McDonald's,Fast Food,iuFgUOCFgE7fBLpBhFQXdw,Fast Food,29.9668160,-90.0882054,-1059.513602,1149.969733,New Orleans,LA,1.5,63,1,1,true,true,false,true,none,free,casual,"{""Monday"": ""0:0-0:0"", ""Tuesday"": ""0:0-0:0"", ""Wednesday"": ""0:0-0:0"", ""Thursday"": ""0:0-0:0"", ""Friday"": ""0:0-0:0"", ""Saturday"": ""0:0-0:0"", ""Sunday"": ""0:0-0:0""}"
y-g8sgT7WkN16BBe9Vj41g__southern,y-g8sgT7WkN16BBe9Vj41g,Gus's World Famous Fried Chicken,Southern,y-g8sgT7WkN16BBe9Vj41g,Southern,29.9421939,-90.0661321,1067.028222,-1587.882405,New Orleans,LA,4.5,529,1,2,true,true,false,true,beer_and_wine,no,classy,"{""Monday"": ""11:0-21:0"", ""Tuesday"": ""11:0-21:0"", ""Wednesday"": ""11:0-21:0"", ""Thursday"": ""11:0-21:0"", ""Friday"": ""11:0-21:0"", ""Saturday"": ""11:0-21:0"", ""Sunday"": ""11:0-21:0""}"
x063XOQJCfTsKvS7iPLSsQ__cafes,x063XOQJCfTsKvS7iPLSsQ,Another Broken Egg Cafe,Cafes,x063XOQJCfTsKvS7iPLSsQ,Cafes,29.9254150,-90.0842530,-678.738782,-3453.613536,New Orleans,LA,3.5,408,1,2,true,true,true,true,full_bar,free,casual,"{""Monday"": ""0:0-0:0"", ""Tuesday"": ""7:0-14:0"", ""Wednesday"": ""7:0-14:0"", ""Thursday"": ""7:0-14:0"", ""Friday"": ""7:0-14:0"", ""Saturday"": ""7:0-14:0"", ""Sunday"": ""7:0-14:0""}"
sbYg1J-TmQ-gIaSQlEiT4A__fast_food,sbYg1J-TmQ-gIaSQlEiT4A,Popeyes Louisiana Kitchen,Fast Food,sbYg1J-TmQ-gIaSQlEiT4A,Fast Food,29.9218520,-90.0166330,5835.770146,-3849.801607,New Orleans,LA,2.5,18,1,1,true,true,false,true,none,no,,"{""Monday"": ""10:0-23:0"", ""Tuesday"": ""10:0-23:0"", ""Wednesday"": ""10:0-23:0"", ""Thursday"": ""10:0-23:0"", ""Friday"": ""10:0-0:0"", ""Saturday"": ""10:0-0:0"", ""Sunday"": ""10:0-23:0""}"
d2Woy2Ocuj2P2FEB6_GeYg__coffee_and_tea,d2Woy2Ocuj2P2FEB6_GeYg,Magazine Perks,Coffee & Tea,d2Woy2Ocuj2P2FEB6_GeYg,Coffee & Tea,29.9207541,-90.1011341,-2305.063489,-3971.882686,New Orleans,LA,3.0,5,0,1,,,true,,,free,,
WnN9gXeR0bj2z3YYF7OG0g__pizza,WnN9gXeR0bj2z3YYF7OG0g,Lazaro's Pizza & PoBoys,Pizza,WnN9gXeR0bj2z3YYF7OG0g,Pizza,29.9745391,-90.1067504,-2846.137675,2008.744705,New Orleans,LA,4.0,16,0,2,true,true,true,false,full_bar,,,"{""Monday"": ""16:30-2:0"", ""Tuesday"": ""16:30-2:0"", ""Wednesday"": ""16:30-2:0"", ""Thursday"": ""16:30-2:0"", ""Friday"": ""16:30-2:0"", ""Saturday"": ""16:30-2:0"", ""Sunday"": ""16:30-2:0""}"
XNllgtbX8Er5sixIrJMEoQ__pizza,XNllgtbX8Er5sixIrJMEoQ,The Rusty Nail,Pizza,XNllgtbX8Er5sixIrJMEoQ,Pizza,29.9407471,-90.0691580,775.513100,-1748.759447,New Orleans,LA,4.5,209,1,1,,,true,false,full_bar,free,casual,"{""Monday"": ""16:0-1:0"", ""Tuesday"": ""16:0-1:0"", ""Wednesday"": ""14:0-3:0"", ""Thursday"": ""16:0-1:0"", ""Friday"": ""16:0-2:0"", ""Saturday"": ""16:0-2:0"", ""Sunday"": ""16:0-1:0""}"
8FsSuP4Lul4rmA1X7dPctQ__specialty_food,8FsSuP4Lul4rmA1X7dPctQ,Terranova's Supermarket,Specialty Food,8FsSuP4Lul4rmA1X7dPctQ,Specialty Food,29.9806047,-90.0852222,-772.111483,2683.209583,New Orleans,LA,4.5,30,1,2,true,,,,,,,"{""Monday"": ""8:0-18:30"", ""Tuesday"": ""8:0-18:30"", ""Wednesday"": ""8:0-18:30"", ""Thursday"": ""8:0-18:30"", ""Friday"": ""8:0-18:30"", ""Saturday"": ""9:0-18:30""}"
a8VS5iOxeEIv3JnUiQLF6w__coffee_and_tea,a8VS5iOxeEIv3JnUiQLF6w,Starbucks,Coffee & Tea,a8VS5iOxeEIv3JnUiQLF6w,Coffee & Tea,29.9495090,-90.0774630,-24.590370,-774.479273,New Orleans,LA,3.0,21,1,2,true,,false,,,free,,"{""Monday"": ""0:0-0:0"", ""Tuesday"": ""6:0-14:0"", ""Wednesday"": ""6:0-14:0"", ""Thursday"": ""6:0-12:0"", ""Friday"": ""6:0-12:0"", ""Saturday"": ""6:0-12:0"", ""Sunday"": ""6:0-12:0""}"
qltayRFPZ1GiSMeUkeF3Dw__desserts,qltayRFPZ1GiSMeUkeF3Dw,Jack Rose,Desserts,qltayRFPZ1GiSMeUkeF3Dw,Desserts,29.9351562,-90.0796472,-235.019028,-2370.442011,New Orleans,LA,4.5,266,1,2,,,,false,full_bar,free,classy|romantic|trendy|upscale,"{""Monday"": ""0:0-0:0"", ""Wednesday"": ""17:0-22:0"", ""Thursday"": ""17:0-22:0"", ""Friday"": ""17:0-21:0"", ""Saturday"": ""17:0-22:0"", ""Sunday"": ""11:0-14:0""}"
DF081E6sSlDEho5XA9Ua4A__southern,DF081E6sSlDEho5XA9Ua4A,Ma Momma’s House,Southern,DF081E6sSlDEho5XA9Ua4A,Southern,29.9535250,-90.0747497,236.808877,-327.919831,New Orleans,LA,3.0,11,1,,true,true,true,,full_bar,free,,"{""Monday"": ""8:0-15:0"", ""Tuesday"": ""8:0-15:0"", ""Wednesday"": ""8:0-15:0"", ""Thursday"": ""8:0-15:0"", ""Friday"": ""8:0-15:0"", ""Saturday"": ""8:0-15:0"", ""Sunday"": ""8:0-15:0""}"
_dDW5rc7MKCOzhRewe3Kfg__coffee_and_tea,_dDW5rc7MKCOzhRewe3Kfg,Drink Beauty,Coffee & Tea,_dDW5rc7MKCOzhRewe3Kfg,Coffee & Tea,29.9225119,-90.0894889,-1183.165243,-3776.423974,New Orleans,LA,4.5,75,1,2,true,true,true,,,free,,"{""Monday"": ""8:0-17:0"", ""Tuesday"": ""12:0-17:0"", ""Wednesday"": ""8:0-17:0"", ""Thursday"": ""8:0-17:0"", ""Friday"": ""8:0-19:0"", ""Saturday"": ""8:0-19:0"", ""Sunday"": ""8:0-19:0""}"
6h2QzK44iEDWKDs2rPFMkg__venues_and_event_spaces,6h2QzK44iEDWKDs2rPFMkg,City Park's Festival Grounds,Venues & Event Spaces,6h2QzK44iEDWKDs2rPFMkg,Venues & Event Spaces,29.9884811,-90.0900567,-1237.864469,3559.025857,New Orleans,LA,3.5,5,1,,,,,true,,,,
pz9NQ_ItX1Vsy-vbSJuf_w__pizza,pz9NQ_ItX1Vsy-vbSJuf_w,Magazine Pizza,Pizza,pz9NQ_ItX1Vsy-vbSJuf_w,Pizza,29.9412490,-90.0703651,659.218480,-1692.946166,New Orleans,LA,3.5,551,1,2,true,true,true,true,beer_and_wine,free,casual,"{""Monday"": ""11:0-0:0"", ""Tuesday"": ""11:0-0:0"", ""Wednesday"": ""11:0-0:0"", ""Thursday"": ""11:0-0:0"", ""Friday"": ""11:0-2:0"", ""Saturday"": ""11:0-2:0"", ""Sunday"": ""11:0-0:0""}"
cnpwVLlQbalDWPWquUvWgg__desserts,cnpwVLlQbalDWPWquUvWgg,Slice Pizzeria,Desserts,cnpwVLlQbalDWPWquUvWgg,Desserts,29.9210821,-90.1170223,-3835.733798,-3935.410989,New Orleans,LA,3.5,217,0,2,true,true,true,true,full_bar,free,casual,"{""Monday"": ""11:0-23:0"", ""Tuesday"": ""11:0-23:0"", ""Wednesday"": ""11:0-23:0"", ""Thursday"": ""11:0-23:0"", ""Friday"": ""11:0-23:0"", ""Saturday"": ""11:0-23:0"", ""Sunday"": ""11:0-22:0""}"
ZRFAWkVoql1vdI-0cO3How__burgers,ZRFAWkVoql1vdI-0cO3How,Bud's Broiler,Burgers,ZRFAWkVoql1vdI-0cO3How,Burgers,29.9623160,-90.1688760,-8831.316259,649.596119,New Orleans,LA,3.5,28,1,1,true,false,false,true,beer_and_wine,free,divey,"{""Monday"": ""10:30-20:0"", ""Tuesday"": ""10:30-20:0"", ""Wednesday"": ""10:30-20:0"", ""Thursday"": ""10:0-21:0"", ""Friday"": ""10:0-21:0"", ""Saturday"": ""10:0-21:0"", ""Sunday"": ""10:30-18:0""}"
-y05MW4mCci-eSv2yJkzzQ__fast_food,-y05MW4mCci-eSv2yJkzzQ,Popeyes Louisiana Kitchen,Fast Food,-y05MW4mCci-eSv2yJkzzQ,Fast Food,30.0048260,-90.0367170,3900.878142,5376.498980,New Orleans,LA,2.5,14,1,1,true,true,,true,,,,"{""Monday"": ""10:0-23:0"", ""Tuesday"": ""10:0-23:0"", ""Wednesday"": ""10:0-23:0"", ""Thursday"": ""10:0-23:0"", ""Friday"": ""10:0-0:0"", ""Saturday"": ""10:0-0:0"", ""Sunday"": ""10:0-23:0""}"
RfDHvt_s1vuR6dnhZ890Ig__desserts,RfDHvt_s1vuR6dnhZ890Ig,Shake Sugary,Desserts,RfDHvt_s1vuR6dnhZ890Ig,Desserts,29.9667140,-90.0414450,3445.382753,1138.632082,New Orleans,LA,4.5,91,0,1,true,false,true,true,none,free,,"{""Wednesday"": ""7:0-15:0"", ""Thursday"": ""7:0-15:0"", ""Friday"": ""7:0-15:0"", ""Saturday"": ""8:0-15:0"", ""Sunday"": ""8:0-15:0""}"
e42VEvA54BcgYadQ5dtykw__pizza,e42VEvA54BcgYadQ5dtykw,Theo's Neighborhood Pizza,Pizza,e42VEvA54BcgYadQ5dtykw,Pizza,29.9207462,-90.0996024,-2157.499553,-3972.761127,New Orleans,LA,4.0,150,1,2,true,false,true,true,beer_and_wine,no,casual,"{""Tuesday"": ""16:0-21:0"", ""Wednesday"": ""16:0-21:0"", ""Thursday"": ""11:0-21:0"", ""Friday"": ""11:0-22:0"", ""Saturday"": ""11:0-22:0"", ""Sunday"": ""12:0-21:0""}"
YTpfqZ2P4MRg19J7iVxarQ__desserts,YTpfqZ2P4MRg19J7iVxarQ,Sweet Thangs by NOLASIPS,Desserts,YTpfqZ2P4MRg19J7iVxarQ,Desserts,29.9696080,-90.1052740,-2703.901340,1460.430644,New Orleans,LA,3.5,29,1,,true,,,,,free,,"{""Tuesday"": ""14:0-19:0"", ""Wednesday"": ""14:0-19:0"", ""Thursday"": ""14:0-19:0"", ""Friday"": ""14:0-19:0"", ""Saturday"": ""14:0-19:0"", ""Sunday"": ""13:0-18:0""}"
INeL2YsGJRX-QulzFRKKXg__breakfast_and_brunch,INeL2YsGJRX-QulzFRKKXg,Monty's on the Square,Breakfast & Brunch,INeL2YsGJRX-QulzFRKKXg,Breakfast & Brunch,29.9577101,-90.0621049,1455.008559,137.442699,New Orleans,LA,4.0,323,1,2,true,false,false,true,full_bar,free,casual|touristy,"{""Monday"": ""9:0-17:0"", ""Thursday"": ""9:0-17:0"", ""Friday"": ""9:0-17:0"", ""Saturday"": ""9:0-17:0"", ""Sunday"": ""9:0-17:0""}"
RMt69QcElQJlAS3HsoeWBg__cocktail_bars,RMt69QcElQJlAS3HsoeWBg,SLUSH Frozen Cocktails,Cocktail Bars,RMt69QcElQJlAS3HsoeWBg,Cocktail Bars,29.9564055,-90.0677823,908.048000,-7.622402,New Orleans,LA,3.5,10,1,,,,false,,full_bar,free,,"{""Monday"": ""15:0-2:0"", ""Tuesday"": ""15:0-2:0"", ""Wednesday"": ""15:0-2:0"", ""Thursday"": ""11:0-2:0"", ""Friday"": ""11:0-3:0"", ""Saturday"": ""11:0-3:0"", ""Sunday"": ""11:0-2:0""}"
9eUJ0q4ou5K21ATr2VUqrw__beer,9eUJ0q4ou5K21ATr2VUqrw,Everything Shoppe,Beer,9eUJ0q4ou5K21ATr2VUqrw,Beer,29.9514622,-90.0669999,983.424394,-557.293042,New Orleans,LA,2.0,9,1,2,false,,,,,,,
xTljr-SbdZdDp9yBiLsIrg__cocktail_bars,xTljr-SbdZdDp9yBiLsIrg,Tacos and Tequila,Cocktail Bars,xTljr-SbdZdDp9yBiLsIrg,Cocktail Bars,29.9443723,-90.0656029,1118.011335,-1345.655042,New Orleans,LA,3.0,39,0,1,true,false,false,true,full_bar,no,divey,"{""Monday"": ""11:0-0:0"", ""Tuesday"": ""11:0-0:0"", ""Wednesday"": ""11:0-0:0"", ""Thursday"": ""11:0-2:0"", ""Friday"": ""11:0-2:0"", ""Saturday"": ""11:0-2:0"", ""Sunday"": ""11:0-0:0""}"
BsLOiiAth3aj1Ymt1XxQ_g__american_(new),BsLOiiAth3aj1Ymt1XxQ_g,Lakeview,American (New),BsLOiiAth3aj1Ymt1XxQ_g,American (New),30.0044640,-90.1080994,-2976.099672,5336.247295,New Orleans,LA,3.0,5,1,3,true,true,true,true,full_bar,free,,
6oeRa5NG9EUmdvhJ-gyfdw__specialty_food,6oeRa5NG9EUmdvhJ-gyfdw,Poppa's Seafood & Deli,Specialty Food,6oeRa5NG9EUmdvhJ-gyfdw,Specialty Food,29.9774580,-90.0381710,3760.799822,2333.312024,New Orleans,LA,4.0,11,1,1,true,,,,,,,"{""Monday"": ""7:30-19:0"", ""Tuesday"": ""7:30-19:0"", ""Wednesday"": ""7:30-19:0"", ""Thursday"": ""7:30-19:0"", ""Friday"": ""7:30-19:0"", ""Saturday"": ""7:30-19:0""}"
RO7tbI_MD0_247VYnJAWKQ__cajun_creole,RO7tbI_MD0_247VYnJAWKQ,Chef Gabe Noel Gourmet,Cajun/Creole,RO7tbI_MD0_247VYnJAWKQ,Cajun/Creole,29.9595992,-89.9976686,7662.799917,347.501325,New Orleans,LA,3.0,6,1,,,,,,,,,
9wFFQUCn1j35CYea_dqhsg__cafes,9wFFQUCn1j35CYea_dqhsg,la Madeleine French Bakery & Cafe,Cafes,9wFFQUCn1j35CYea_dqhsg,Cafes,29.9430657,-90.1336857,-5441.083732,-1490.942534,New Orleans,LA,3.0,146,1,2,true,true,true,true,none,free,casual,"{""Monday"": ""0:0-0:0"", ""Tuesday"": ""7:0-21:0"", ""Wednesday"": ""7:0-21:0"", ""Thursday"": ""7:0-21:0"", ""Friday"": ""7:0-21:0"", ""Saturday"": ""7:0-21:0"", ""Sunday"": ""7:0-21:0""}"
19wx431VQzIHTz3DcDy2pw__specialty_food,19wx431VQzIHTz3DcDy2pw,Leah's Pralines,Specialty Food,19wx431VQzIHTz3DcDy2pw,Specialty Food,29.9565412,-90.0666099,1020.996983,7.466770,New Orleans,LA,4.5,172,1,2,true,,,true,,,,"{""Monday"": ""0:0-0:0"", ""Wednesday"": ""10:0-18:0"", ""Thursday"": ""10:0-18:0"", ""Friday"": ""10:0-18:0"", ""Saturday"": ""10:0-18:0"", ""Sunday"": ""10:0-18:0""}"
vRq7Lpg3Wjo-kiNDl7OtBw__american_(traditional),vRq7Lpg3Wjo-kiNDl7OtBw,Zachary's By the Lake,American (Traditional),vRq7Lpg3Wjo-kiNDl7OtBw,American (Traditional),30.0206910,-90.1144790,-3590.710785,7140.608928,New Orleans,LA,2.5,9,0,,,,true,,,,,"{""Monday"": ""11:0-21:0"", ""Tuesday"": ""11:0-21:0"", ""Wednesday"": ""11:0-21:0"", ""Thursday"": ""11:0-21:0"", ""Friday"": ""11:0-21:0"", ""Saturday"": ""8:0-22:0"", ""Sunday"": ""8:0-19:0""}"
qeBFhxtnBkkT6HU9Meix0g__american_(new),qeBFhxtnBkkT6HU9Meix0g,Madam’s Modern Kitchen + Bar,American (New),qeBFhxtnBkkT6HU9Meix0g,American (New),29.9561810,-90.0738162,326.744023,-32.585197,New Orleans,LA,3.5,74,1,2,true,false,false,false,full_bar,free,casual|classy|intimate|romantic|trendy|upscale,"{""Monday"": ""7:0-10:30"", ""Tuesday"": ""17:0-22:0"", ""Wednesday"": ""17:0-22:0"", ""Thursday"": ""17:0-22:0"", ""Friday"": ""17:0-23:0"", ""Saturday"": ""17:0-23:0"", ""Sunday"": ""7:0-15:0""}"
6TyzEgzDOhKa82UFjXFdwQ__venues_and_event_spaces,6TyzEgzDOhKa82UFjXFdwQ,The American Sports Saloon,Venues & Event Spaces,6TyzEgzDOhKa82UFjXFdwQ,Venues & Event Spaces,29.9606904,-90.0591120,1743.342419,468.839643,New Orleans,LA,3.5,233,1,2,true,true,true,false,full_bar,free,casual,"{""Monday"": ""7:0-0:0"", ""Tuesday"": ""7:0-0:0"", ""Wednesday"": ""7:0-0:0"", ""Thursday"": ""7:0-0:0"", ""Friday"": ""7:0-0:0"", ""Saturday"": ""7:0-0:0"", ""Sunday"": ""7:0-0:0""}"
311mdvtOTVHWoYgWd381Bw__cajun_creole,311mdvtOTVHWoYgWd381Bw,We Dat's Chicken and Shrimp,Cajun/Creole,311mdvtOTVHWoYgWd381Bw,Cajun/Creole,30.0029745,-90.0372655,3848.035667,5170.621289,New Orleans,LA,3.5,48,0,2,true,,,,,,classy,
P95yU9WHc5fdsMl3q_D6BQ__beer,P95yU9WHc5fdsMl3q_D6BQ,Huge Ass Beers,Beer,P95yU9WHc5fdsMl3q_D6BQ,Beer,29.9561807,-90.0680593,881.361827,-32.619056,New Orleans,LA,3.5,101,1,1,false,false,false,false,full_bar,,casual,"{""Monday"": ""10:30-2:0"", ""Tuesday"": ""10:30-2:0"", ""Wednesday"": ""10:30-2:0"", ""Thursday"": ""10:30-2:0"", ""Friday"": ""10:30-2:0"", ""Saturday"": ""10:30-2:0"", ""Sunday"": ""10:30-2:0""}"
j87H2jp3wMrWCAFtFQ4blw__american_(new),j87H2jp3wMrWCAFtFQ4blw,Rene Bistrot,American (New),j87H2jp3wMrWCAFtFQ4blw,American (New),29.9459874,-90.0669970,983.703780,-1166.063868,New Orleans,LA,3.0,17,0,3,true,false,false,true,full_bar,,,"{""Monday"": ""6:30-22:0"", ""Tuesday"": ""6:30-22:0"", ""Wednesday"": ""6:30-22:0"", ""Thursday"": ""6:30-22:0"", ""Friday"": ""6:30-22:0""}"
uyfOQql0ZGMG4WEIwUeeEQ__venues_and_event_spaces,uyfOQql0ZGMG4WEIwUeeEQ,Nolé,Venues & Event Spaces,uyfOQql0ZGMG4WEIwUeeEQ,Venues & Event Spaces,29.9354969,-90.0792278,-194.611153,-2332.555857,New Orleans,LA,4.0,240,1,2,true,false,true,true,full_bar,free,classy,
zOydduvvtd7MgykEMfZx3A__specialty_food,zOydduvvtd7MgykEMfZx3A,Danny Seafood,Specialty Food,zOydduvvtd7MgykEMfZx3A,Specialty Food,29.9747816,-90.0671404,969.888628,2035.709512,New Orleans,LA,5.0,10,1,1,true,,,,,,,"{""Monday"": ""11:0-20:0"", ""Wednesday"": ""11:0-20:0"", ""Thursday"": ""11:0-20:0"", ""Friday"": ""11:0-20:0"", ""Saturday"": ""11:0-20:0"", ""Sunday"": ""11:0-20:0""}"
-xaY1TlMf20Ol9QLcDSU6Q__specialty_food,-xaY1TlMf20Ol9QLcDSU6Q,French Market,Specialty Food,-xaY1TlMf20Ol9QLcDSU6Q,Specialty Food,29.9590209,-90.0602077,1637.784754,283.197210,New Orleans,LA,3.5,692,1,2,true,,,true,,,,"{""Monday"": ""10:0-17:0"", ""Tuesday"": ""10:0-17:0"", ""Wednesday"": ""10:0-17:0"", ""Thursday"": ""10:0-17:0"", ""Friday"": ""10:0-17:0"", ""Saturday"": ""10:0-17:0"", ""Sunday"": ""10:0-17:0""}"
Bc0JztvivMvq-9AtbErs0A__sandwiches,Bc0JztvivMvq-9AtbErs0A,Buttermilk,Sandwiches,Bc0JztvivMvq-9AtbErs0A,Sandwiches,29.9693909,-90.0521636,2412.753125,1436.290193,New Orleans,LA,4.5,6,1,,true,true,,,,free,,"{""Monday"": ""9:0-19:0"", ""Tuesday"": ""9:0-19:0"", ""Wednesday"": ""9:0-19:0"", ""Thursday"": ""9:0-22:0"", ""Friday"": ""9:0-22:0"", ""Saturday"": ""9:0-22:0"", ""Sunday"": ""9:0-19:0""}"
nM3dJkSIWuw01HoJyKt3Pg__cajun_creole,nM3dJkSIWuw01HoJyKt3Pg,Louisiana Bistro,Cajun/Creole,nM3dJkSIWuw01HoJyKt3Pg,Cajun/Creole,29.9568484,-90.0688556,804.646307,41.625899,New Orleans,LA,4.0,219,0,3,false,false,false,false,full_bar,no,intimate,"{""Wednesday"": ""18:0-22:0"", ""Thursday"": ""18:0-22:0"", ""Friday"": ""18:0-22:0"", ""Saturday"": ""18:0-22:0"", ""Sunday"": ""18:0-22:0""}"
y1KXhvxpNHEeSmBGe6fuHA__american_(new),y1KXhvxpNHEeSmBGe6fuHA,Retrouvailles Bistro,American (New),y1KXhvxpNHEeSmBGe6fuHA,American (New),29.9586073,-90.0654568,1132.086605,237.206925,New Orleans,LA,3.0,35,0,2,true,false,true,false,full_bar,free,divey,"{""Monday"": ""17:0-22:0"", ""Tuesday"": ""17:0-22:0"", ""Wednesday"": ""17:0-22:0"", ""Thursday"": ""17:0-22:0"", ""Friday"": ""17:0-0:0"", ""Saturday"": ""17:0-0:0"", ""Sunday"": ""17:0-22:0""}"
nzqx3NJ1Yf-1bugLNikSCg__desserts,nzqx3NJ1Yf-1bugLNikSCg,Pulp & Grind,Desserts,nzqx3NJ1Yf-1bugLNikSCg,Desserts,29.9471355,-90.0698044,713.238942,-1038.400796,New Orleans,LA,4.5,215,0,1,true,false,true,,none,free,,"{""Monday"": ""6:30-17:0"", ""Tuesday"": ""6:30-17:0"", ""Wednesday"": ""6:30-17:0"", ""Thursday"": ""6:30-17:0"", ""Friday"": ""6:30-17:0"", ""Saturday"": ""7:0-15:0"", ""Sunday"": ""7:0-15:0""}"
wyXUQfes79poDhsJpk6AjA__venues_and_event_spaces,wyXUQfes79poDhsJpk6AjA,Press Street Station,Venues & Event Spaces,wyXUQfes79poDhsJpk6AjA,Venues & Event Spaces,29.9638408,-90.0485634,2759.595725,819.151537,New Orleans,LA,4.0,128,0,2,false,false,true,true,full_bar,free,casual|trendy,"{""Monday"": ""0:0-0:0"", ""Tuesday"": ""0:0-0:0"", ""Wednesday"": ""0:0-0:0"", ""Thursday"": ""0:0-0:0"", ""Friday"": ""0:0-0:0"", ""Saturday"": ""0:0-0:0"", ""Sunday"": ""0:0-0:0""}"
0keRfkd-7rXM56r6Rj1YLQ__sandwiches,0keRfkd-7rXM56r6Rj1YLQ,Dimartino's Famous New Orleans Muffulettas,Sandwiches,0keRfkd-7rXM56r6Rj1YLQ,Sandwiches,29.9227784,-90.0162866,5869.142312,-3746.790485,New Orleans,LA,4.0,72,1,2,true,false,false,true,none,no,casual,"{""Monday"": ""11:0-20:30"", ""Tuesday"": ""11:0-20:30"", ""Wednesday"": ""11:0-20:30"", ""Thursday"": ""11:0-20:30"", ""Friday"": ""11:0-21:0"", ""Saturday"": ""11:0-20:30"", ""Sunday"": ""11:0-20:0""}"
DFHr9C_xg926pxd7oskR4A__desserts,DFHr9C_xg926pxd7oskR4A,Nola Snow Snoballs,Desserts,DFHr9C_xg926pxd7oskR4A,Desserts,30.0190581,-90.1052200,-2698.698982,6959.038481,New Orleans,LA,3.5,16,1,1,true,false,true,true,none,no,,
DIqKb5NP6F5GDiqr7iL7BA__seafood,DIqKb5NP6F5GDiqr7iL7BA,Chap's Chicken,Seafood,DIqKb5NP6F5GDiqr7iL7BA,Seafood,30.0055551,-90.1176293,-3894.211631,5457.576072,New Orleans,LA,4.5,53,0,2,true,false,false,true,none,free,,
PUrbUP20EBEa2hODtXgE1w__sandwiches,PUrbUP20EBEa2hODtXgE1w,Southshore Donuts & Restaurant,Sandwiches,PUrbUP20EBEa2hODtXgE1w,Sandwiches,30.0319198,-90.0263281,4901.744480,8389.196245,New Orleans,LA,4.5,28,1,1,,,,,,,,"{""Monday"": ""0:0-0:0"", ""Tuesday"": ""0:0-0:0"", ""Wednesday"": ""0:0-0:0"", ""Thursday"": ""0:0-0:0"", ""Friday"": ""0:0-0:0"", ""Saturday"": ""0:0-0:0"", ""Sunday"": ""0:0-0:0""}"
gdCDbLSzUVHq8zne8OYI7A__burgers,gdCDbLSzUVHq8zne8OYI7A,South Philly Steak & Fries,Burgers,gdCDbLSzUVHq8zne8OYI7A,Burgers,29.9494270,-90.0627999,1388.052278,-783.597270,New Orleans,LA,2.5,14,1,2,true,false,,true,,,,
h_tRcijFYxrUiZ59FXfBOQ__coffee_and_tea,h_tRcijFYxrUiZ59FXfBOQ,Still Perkin',Coffee & Tea,h_tRcijFYxrUiZ59FXfBOQ,Coffee & Tea,29.9302073,-90.0849707,-747.881980,-2920.733353,New Orleans,LA,3.5,169,1,1,true,,true,true,,free,,"{""Monday"": ""7:0-18:0"", ""Tuesday"": ""7:0-18:0"", ""Wednesday"": ""7:0-18:0"", ""Thursday"": ""7:0-18:0"", ""Friday"": ""7:0-18:0"", ""Saturday"": ""8:0-18:0"", ""Sunday"": ""8:0-17:0""}"
nvUoCZ-m21m2yRZq5ugQhw__cocktail_bars,nvUoCZ-m21m2yRZq5ugQhw,Lucky Rooster,Cocktail Bars,nvUoCZ-m21m2yRZq5ugQhw,Cocktail Bars,29.9497517,-90.0732825,378.159539,-747.495863,New Orleans,LA,3.5,84,0,2,false,false,true,true,none,no,casual,"{""Monday"": ""11:0-22:0"", ""Tuesday"": ""11:0-22:0"", ""Wednesday"": ""11:0-22:0"", ""Thursday"": ""11:0-22:0"", ""Friday"": ""11:0-22:0"", ""Saturday"": ""11:0-22:0""}"
ndVzILWR-DJXpfOlHm556A__specialty_food,ndVzILWR-DJXpfOlHm556A,Liberty Cheesesteaks,Specialty Food,ndVzILWR-DJXpfOlHm556A,Specialty Food,29.9350887,-90.1091585,-3078.137180,-2377.946790,New Orleans,LA,3.5,284,0,2,true,true,true,true,beer_and_wine,free,casual,"{""Monday"": ""11:0-23:0"", ""Tuesday"": ""11:0-23:0"", ""Wednesday"": ""11:0-23:0"", ""Thursday"": ""11:0-23:0"", ""Friday"": ""11:0-23:0"", ""Saturday"": ""11:0-23:0"", ""Sunday"": ""11:0-23:0""}"
Q2czZHj_qZoLDzkeTqBU8Q__cocktail_bars,Q2czZHj_qZoLDzkeTqBU8Q,Sidebar Nola,Cocktail Bars,Q2czZHj_qZoLDzkeTqBU8Q,Cocktail Bars,29.9623100,-90.0927200,-1494.449328,648.928949,New Orleans,LA,4.5,28,1,2,,,true,,full_bar,free,intimate,"{""Monday"": ""0:0-0:0"", ""Tuesday"": ""19:0-21:0"", ""Sunday"": ""17:30-22:0""}"
gxAfvEbMFgwOPWpeYD8WMg__specialty_food,gxAfvEbMFgwOPWpeYD8WMg,Lahpet,Specialty Food,gxAfvEbMFgwOPWpeYD8WMg,Specialty Food,29.9749936,-90.1005270,-2246.579817,2059.281657,New Orleans,LA,4.5,11,0,1,true,false,,,,,,"{""Monday"": ""11:0-14:30"", ""Tuesday"": ""11:0-14:30"", ""Wednesday"": ""11:0-14:30"", ""Thursday"": ""11:0-14:30"", ""Friday"": ""11:0-14:30""}"
yJYriI9Sbw8E4wmZUXglWA__desserts,yJYriI9Sbw8E4wmZUXglWA,Freret Street Po'boy and Donut Shop,Desserts,yJYriI9Sbw8E4wmZUXglWA,Desserts,29.9350566,-90.1066494,-2836.407338,-2381.515051,New Orleans,LA,4.0,188,0,1,true,true,true,true,,free,casual,"{""Monday"": ""7:0-17:0"", ""Tuesday"": ""7:0-17:0"", ""Wednesday"": ""7:0-17:0"", ""Thursday"": ""7:0-17:0"", ""Friday"": ""7:0-17:0"", ""Saturday"": ""7:0-17:0"", ""Sunday"": ""8:0-14:0""}"
bZPaH6f7h0C5hZgVhGiptQ__art_galleries,bZPaH6f7h0C5hZgVhGiptQ,Skull Paradise,Art Galleries,bZPaH6f7h0C5hZgVhGiptQ,Art Galleries,29.9578761,-90.0643966,1234.226244,155.901083,New Orleans,LA,5.0,15,1,2,,,,,,,,"{""Monday"": ""10:30-18:30"", ""Tuesday"": ""10:30-18:30"", ""Thursday"": ""10:30-18:30"", ""Friday"": ""10:30-18:30"", ""Saturday"": ""10:30-18:30"", ""Sunday"": ""10:30-18:30""}"
0aJHRh312jMrXOPbZ8Hsrw__southern,0aJHRh312jMrXOPbZ8Hsrw,Mélange,Southern,0aJHRh312jMrXOPbZ8Hsrw,Southern,29.9633575,-90.0575446,1894.347734,765.405795,New Orleans,LA,4.0,68,0,2,true,false,true,false,full_bar,no,classy|hipster|intimate|romantic|trendy,"{""Monday"": ""18:0-22:0"", ""Wednesday"": ""18:0-22:0"", ""Thursday"": ""18:0-22:0"", ""Friday"": ""18:0-23:0"", ""Saturday"": ""18:0-23:0"", ""Sunday"": ""18:0-22:0""}"
F7etLf6od7CUnCPknsQ-6Q__desserts,F7etLf6od7CUnCPknsQ-6Q,Rue 127,Desserts,F7etLf6od7CUnCPknsQ-6Q,Desserts,29.9753366,-90.1002800,-2222.779519,2097.422781,New Orleans,LA,4.0,142,0,3,false,false,true,false,full_bar,no,romantic,"{""Tuesday"": ""17:30-22:0"", ""Wednesday"": ""17:30-22:0"", ""Thursday"": ""17:30-22:0"", ""Friday"": ""17:30-22:0"", ""Saturday"": ""17:30-22:0""}"
uZm_1Fpul6ulhLnimcv36A__burgers,uZm_1Fpul6ulhLnimcv36A,Horus EatDat,Burgers,uZm_1Fpul6ulhLnimcv36A,Burgers,29.9594387,-90.0764170,76.181742,329.651857,New Orleans,LA,3.5,8,1,,true,false,,,none,,,
uLlnmQB3EEN7UbHD1c-Fjg__beer,uLlnmQB3EEN7UbHD1c-Fjg,Aglio,Beer,uLlnmQB3EEN7UbHD1c-Fjg,Beer,29.9487814,-90.0752972,184.062742,-855.384814,New Orleans,LA,4.5,65,0,2,true,true,true,true,full_bar,,casual|hipster|trendy,"{""Monday"": ""11:0-21:0"", ""Tuesday"": ""11:0-21:0"", ""Wednesday"": ""11:0-21:0"", ""Thursday"": ""11:0-21:0"", ""Friday"": ""11:0-21:0"", ""Saturday"": ""11:0-21:0""}"
xpJm4Kt6ItAm8PGYBlIezQ__fast_food,xpJm4Kt6ItAm8PGYBlIezQ,Julie's Kitchen,Fast Food,xpJm4Kt6ItAm8PGYBlIezQ,Fast Food,30.0304745,-89.9708165,10249.730487,8228.485995,New Orleans,LA,4.0,18,1,1,true,false,true,true,none,no,,
zdJCe6BLDB03FBC4U_9bYw__fast_food,zdJCe6BLDB03FBC4U_9bYw,McDonald's,Fast Food,zdJCe6BLDB03FBC4U_9bYw,Fast Food,30.0383960,-89.9756710,9782.045866,9109.317824,New Orleans,LA,2.5,11,1,1,true,true,,true,none,free,,"{""Monday"": ""0:0-0:0"", ""Tuesday"": ""0:0-0:0"", ""Wednesday"": ""0:0-0:0"", ""Thursday"": ""0:0-0:0"", ""Friday"": ""0:0-0:0"", ""Saturday"": ""0:0-0:0"", ""Sunday"": ""0:0-0:0""}"
zbNa-poXHF9zR6M7tnxjPA__coffee_and_tea,zbNa-poXHF9zR6M7tnxjPA,Main Squeeze Juice Co.,Coffee & Tea,zbNa-poXHF9zR6M7tnxjPA,Coffee & Tea,30.0197296,-90.1119911,-3351.026568,7033.705978,New Orleans,LA,5.0,5,1,,,,,,,,,"{""Monday"": ""0:0-0:0"", ""Tuesday"": ""7:0-20:0"", ""Wednesday"": ""7:0-20:0"", ""Thursday"": ""7:0-20:0"", ""Friday"": ""7:0-17:0"", ""Saturday"": ""7:0-20:0"", ""Sunday"": ""9:0-18:0""}"
hbMdRhc3jXWIJ_beCmIrhg__beer,hbMdRhc3jXWIJ_beCmIrhg,Batch,Beer,hbMdRhc3jXWIJ_beCmIrhg,Beer,29.9551740,-90.0699685,697.426990,-144.562735,New Orleans,LA,4.0,49,1,2,true,false,false,false,full_bar,free,classy|intimate,"{""Monday"": ""16:0-23:0"", ""Tuesday"": ""16:0-23:0"", ""Wednesday"": ""16:0-23:0"", ""Thursday"": ""16:0-23:0"", ""Friday"": ""16:0-0:0"", ""Saturday"": ""11:0-0:0"", ""Sunday"": ""11:0-23:0""}"
Dl_okrFTBWMHm7zaIn-cqA__burgers,Dl_okrFTBWMHm7zaIn-cqA,New Orleans Hamburger & Seafood,Burgers,Dl_okrFTBWMHm7zaIn-cqA,Burgers,30.0460082,-89.9594258,11347.113755,9955.759671,New Orleans,LA,3.5,76,1,2,true,true,false,true,full_bar,no,casual,"{""Monday"": ""10:30-21:30"", ""Tuesday"": ""10:30-21:30"", ""Wednesday"": ""10:30-21:30"", ""Thursday"": ""10:30-21:30"", ""Friday"": ""10:30-22:0"", ""Saturday"": ""10:30-22:0"", ""Sunday"": ""10:30-21:30""}"
SjiRaZoWaDpkCCpq5SsrMw__venues_and_event_spaces,SjiRaZoWaDpkCCpq5SsrMw,Union Kitchen & Union Party Room,Venues & Event Spaces,SjiRaZoWaDpkCCpq5SsrMw,Venues & Event Spaces,29.9566786,-90.0666184,1020.173440,22.748599,New Orleans,LA,4.0,567,1,2,true,false,true,true,full_bar,no,casual|classy,"{""Tuesday"": ""10:0-0:0"", ""Thursday"": ""11:30-22:0"", ""Friday"": ""11:30-22:0"", ""Saturday"": ""11:30-22:0"", ""Sunday"": ""11:30-22:0""}"
OvndG64wGQz3aCwrnxfsAQ__art_galleries,OvndG64wGQz3aCwrnxfsAQ,Hotel Furniture Liquidators,Art Galleries,OvndG64wGQz3aCwrnxfsAQ,Art Galleries,30.0299104,-90.0278044,4759.517779,8165.760851,New Orleans,LA,3.5,7,0,2,,,,,,,,"{""Wednesday"": ""10:0-17:0"", ""Thursday"": ""10:0-17:0"", ""Friday"": ""10:0-17:0"", ""Saturday"": ""10:0-17:0""}"
BxqNxIOcaLjHzGa0m0foXQ__american_(traditional),BxqNxIOcaLjHzGa0m0foXQ,The Standard,American (Traditional),BxqNxIOcaLjHzGa0m0foXQ,American (Traditional),29.9208340,-90.0992350,-2122.104247,-3962.998199,New Orleans,LA,3.5,133,0,2,true,false,true,true,full_bar,free,casual|classy,"{""Tuesday"": ""17:0-21:0"", ""Wednesday"": ""17:0-21:0"", ""Thursday"": ""17:0-21:0"", ""Friday"": ""11:0-22:0"", ""Saturday"": ""10:0-22:0"", ""Sunday"": ""10:0-15:0""}"
7fSehNL4pBJ26FOeLqPj1g__coffee_and_tea,7fSehNL4pBJ26FOeLqPj1g,Canal Street Bistro,Coffee & Tea,7fSehNL4pBJ26FOeLqPj1g,Coffee & Tea,29.9734974,-90.0983900,-2040.696971,1892.912789,New Orleans,LA,4.0,159,0,2,true,,true,true,full_bar,free,casual,"{""Monday"": ""0:0-0:0"", ""Tuesday"": ""11:0-21:0"", ""Thursday"": ""11:0-21:0"", ""Friday"": ""11:0-21:0"", ""Saturday"": ""10:0-21:0"", ""Sunday"": ""10:0-18:0""}"
BCc22qCuePzF3j2AVvrkxg__seafood,BCc22qCuePzF3j2AVvrkxg,Desi Vega's Steakhouse,Seafood,BCc22qCuePzF3j2AVvrkxg,Seafood,29.9476208,-90.0711021,588.215958,-984.435222,New Orleans,LA,4.5,347,1,3,,,,false,full_bar,free,classy,"{""Tuesday"": ""17:30-21:30"", ""Wednesday"": ""17:30-21:30"", ""Thursday"": ""17:30-21:30"", ""Friday"": ""17:30-22:0"", ""Saturday"": ""17:30-22:0""}"
oHdacgBhcPlvmDjrxmQH1w__sandwiches,oHdacgBhcPlvmDjrxmQH1w,Delta Angel,Sandwiches,oHdacgBhcPlvmDjrxmQH1w,Sandwiches,29.9342504,-90.0725140,452.196153,-2471.160524,New Orleans,LA,4.0,17,0,1,true,true,true,true,none,free,casual|hipster,"{""Wednesday"": ""8:0-16:0"", ""Thursday"": ""8:0-16:0"", ""Friday"": ""8:0-22:0"", ""Saturday"": ""8:0-22:0"", ""Sunday"": ""8:0-16:0""}"
UeYZgcORV2Veo_BZzdiaTg__cafes,UeYZgcORV2Veo_BZzdiaTg,Napoleon House,Cafes,UeYZgcORV2Veo_BZzdiaTg,Cafes,29.9558464,-90.0651807,1158.683885,-69.796987,New Orleans,LA,4.0,1335,1,2,true,true,true,false,full_bar,no,casual|classy,"{""Wednesday"": ""11:0-21:0"", ""Thursday"": ""11:0-21:0"", ""Friday"": ""11:0-22:0"", ""Saturday"": ""11:0-22:0"", ""Sunday"": ""11:0-21:0""}"
hOuOtbdn0-PKc420T9UW_A__beer,hOuOtbdn0-PKc420T9UW_A,Super Serve,Beer,hOuOtbdn0-PKc420T9UW_A,Beer,29.9557172,-90.1194968,-4074.125498,-84.157976,New Orleans,LA,3.5,5,1,1,false,,,,,,,
04l8PYcuYQeEkEhJCbhtOA__cafes,04l8PYcuYQeEkEhJCbhtOA,Ruby Slipper Cafe,Cafes,04l8PYcuYQeEkEhJCbhtOA,Cafes,29.9528380,-90.0660548,1074.475302,-404.310851,New Orleans,LA,4.5,788,1,2,true,true,true,true,full_bar,no,casual|divey|touristy|trendy,"{""Monday"": ""0:0-0:0"", ""Tuesday"": ""7:30-14:0"", ""Wednesday"": ""7:30-14:0"", ""Thursday"": ""7:30-14:0"", ""Friday"": ""7:30-14:0"", ""Saturday"": ""7:30-15:0"", ""Sunday"": ""7:30-15:0""}"
YceW0kQBKMxvol_SspBXVg__pizza,YceW0kQBKMxvol_SspBXVg,Piazza d-Italia,Pizza,YceW0kQBKMxvol_SspBXVg,Pizza,29.9488290,-90.0667700,1005.572954,-850.091928,New Orleans,LA,4.0,14,1,,,,,true,,,,"{""Monday"": ""0:0-0:0"", ""Tuesday"": ""0:0-0:0"", ""Wednesday"": ""0:0-0:0"", ""Thursday"": ""0:0-0:0"", ""Friday"": ""0:0-0:0"", ""Saturday"": ""0:0-0:0"", ""Sunday"": ""0:0-0:0""}"
KlZvP_k_VEJV0G-6tTqnqQ__southern,KlZvP_k_VEJV0G-6tTqnqQ,Pier 424 Seafood Market,Southern,KlZvP_k_VEJV0G-6tTqnqQ,Southern,29.9567138,-90.0671404,969.888628,26.659041,New Orleans,LA,3.5,1053,1,2,true,true,true,true,full_bar,no,casual|classy,"{""Monday"": ""11:0-0:0"", ""Tuesday"": ""11:0-0:0"", ""Wednesday"": ""11:0-0:0"", ""Thursday"": ""11:0-0:0"", ""Friday"": ""11:0-1:0"", ""Saturday"": ""11:0-1:0"", ""Sunday"": ""11:0-0:0""}"
sy9erwW0yTpjsTQ1eLtnUQ__coffee_and_tea,sy9erwW0yTpjsTQ1eLtnUQ,The Orange Couch,Coffee & Tea,sy9erwW0yTpjsTQ1eLtnUQ,Coffee & Tea,29.9648442,-90.0542546,2211.306243,930.719521,New Orleans,LA,4.0,218,1,1,true,false,true,,none,free,,"{""Monday"": ""7:0-20:0"", ""Tuesday"": ""7:0-20:0"", ""Wednesday"": ""7:0-20:0"", ""Thursday"": ""7:0-20:0"", ""Friday"": ""7:0-20:0"", ""Saturday"": ""7:0-20:0"", ""Sunday"": ""7:0-20:0""}"
g9-krE9nt-pyIcKhuUO3-A__fast_food,g9-krE9nt-pyIcKhuUO3-A,Subway,Fast Food,g9-krE9nt-pyIcKhuUO3-A,Fast Food,30.0281103,-90.0533882,2294.771688,7965.598587,New Orleans,LA,2.0,11,1,1,true,true,false,true,none,,,"{""Monday"": ""7:0-21:30"", ""Tuesday"": ""7:0-21:30"", ""Wednesday"": ""7:0-21:30"", ""Thursday"": ""7:0-21:30"", ""Friday"": ""8:0-19:30"", ""Saturday"": ""8:0-19:30"", ""Sunday"": ""9:0-18:0""}"
-Tskf8WK17rb3ZfeFuRSWA__cafes,-Tskf8WK17rb3ZfeFuRSWA,Palace Café,Cafes,-Tskf8WK17rb3ZfeFuRSWA,Cafes,29.9528499,-90.0682078,867.055448,-402.987841,New Orleans,LA,4.0,1822,1,2,true,true,true,true,full_bar,free,classy,"{""Wednesday"": ""11:0-20:0"", ""Thursday"": ""11:0-20:0"", ""Friday"": ""11:0-21:0"", ""Saturday"": ""11:0-21:0"", ""Sunday"": ""11:0-20:0""}"
p8sgZPvVq39bIklMO7x6ng__coffee_and_tea,p8sgZPvVq39bIklMO7x6ng,New Orleans Coffee & Beignet,Coffee & Tea,p8sgZPvVq39bIklMO7x6ng,Coffee & Tea,29.9459850,-90.0669762,985.707651,-1166.330736,New Orleans,LA,3.5,43,1,1,true,false,false,true,none,free,,"{""Monday"": ""6:0-21:30"", ""Tuesday"": ""6:0-21:30"", ""Wednesday"": ""6:0-21:30"", ""Thursday"": ""6:0-21:30"", ""Friday"": ""6:0-22:30"", ""Saturday"": ""6:0-22:30"", ""Sunday"": ""6:0-21:30""}"
IqocLKWSjSCCRakMon52dA__cafes,IqocLKWSjSCCRakMon52dA,Starbucks,Cafes,IqocLKWSjSCCRakMon52dA,Cafes,29.9530588,-90.0692375,767.850440,-379.754318,New Orleans,LA,2.5,33,1,2,true,true,false,,,free,,"{""Monday"": ""6:0-21:0"", ""Tuesday"": ""6:0-21:0"", ""Wednesday"": ""6:0-21:0"", ""Thursday"": ""6:0-21:0"", ""Friday"": ""6:0-21:0"", ""Saturday"": ""6:0-21:0"", ""Sunday"": ""6:0-21:0""}"
OED6sS03t872JCN5WK-TZw__cafes,OED6sS03t872JCN5WK-TZw,Starbucks,Cafes,OED6sS03t872JCN5WK-TZw,Cafes,29.9677593,-90.0563584,2008.626961,1254.859629,New Orleans,LA,3.0,17,1,1,,,,,,free,,
wyytVpppMke-AY91NGzW2g__fitness_and_instruction,wyytVpppMke-AY91NGzW2g,New Orleans Shaolin,Fitness & Instruction,wyytVpppMke-AY91NGzW2g,Fitness & Instruction,29.9660538,-90.0356793,4000.850131,1065.221090,New Orleans,LA,5.0,9,1,,,,,true,,,,"{""Tuesday"": ""9:0-10:0"", ""Wednesday"": ""17:0-19:0"", ""Thursday"": ""18:0-19:0"", ""Saturday"": ""11:0-13:0""}"
ScY6yzo64qE9GaGMVQBO1w__fitness_and_instruction,ScY6yzo64qE9GaGMVQBO1w,The Sweat Social,Fitness & Instruction,ScY6yzo64qE9GaGMVQBO1w,Fitness & Instruction,29.9798109,-90.0793488,-206.268290,2594.942929,New Orleans,LA,5.0,11,1,,,,,false,,,,"{""Monday"": ""6:0-17:0"", ""Tuesday"": ""6:0-17:0"", ""Wednesday"": ""6:0-17:0"", ""Thursday"": ""6:0-17:0"", ""Friday"": ""6:0-17:0"", ""Saturday"": ""6:0-17:0"", ""Sunday"": ""6:0-17:0""}"
azm2lnquimxQyKkFj61mEw__beer,azm2lnquimxQyKkFj61mEw,Esplanade Food Store,Beer,azm2lnquimxQyKkFj61mEw,Beer,29.9681122,-90.0672752,956.900998,1294.104565,New Orleans,LA,4.0,13,1,1,true,,,,beer_and_wine,,,"{""Monday"": ""7:30-22:0"", ""Tuesday"": ""7:30-22:0"", ""Wednesday"": ""7:30-22:0"", ""Thursday"": ""7:30-22:0"", ""Friday"": ""7:30-23:0"", ""Saturday"": ""7:30-23:0"", ""Sunday"": ""7:30-22:0""}"
HzLJATakf0LLjOYz9znnQA__pizza,HzLJATakf0LLjOYz9znnQA,Mothership Pizza,Pizza,HzLJATakf0LLjOYz9znnQA,Pizza,29.9651788,-90.0994095,-2138.915573,967.925395,New Orleans,LA,3.5,5,1,,,true,,,,,,"{""Monday"": ""7:0-20:0"", ""Tuesday"": ""7:0-20:0"", ""Wednesday"": ""7:0-20:0"", ""Thursday"": ""7:0-20:0"", ""Friday"": ""7:0-20:0"", ""Saturday"": ""7:0-20:0"", ""Sunday"": ""7:0-20:0""}"
nLxzI1lBOFNTKEnoip66wA__cocktail_bars,nLxzI1lBOFNTKEnoip66wA,Mondo,Cocktail Bars,nLxzI1lBOFNTKEnoip66wA,Cocktail Bars,30.0037918,-90.1036594,-2548.350821,5261.501028,New Orleans,LA,3.5,197,0,2,true,false,true,true,full_bar,free,casual|classy,"{""Monday"": ""11:30-22:30"", ""Tuesday"": ""11:30-22:30"", ""Wednesday"": ""11:30-22:30"", ""Thursday"": ""11:30-22:30"", ""Friday"": ""11:30-22:30"", ""Saturday"": ""17:30-22:30""}"
PRvQ93z0s007nlZGFfLe-w__seafood,PRvQ93z0s007nlZGFfLe-w,Lan's Seafood Poboy,Seafood,PRvQ93z0s007nlZGFfLe-w,Seafood,29.9179228,-90.0078811,6678.927949,-4286.709316,New Orleans,LA,3.5,8,0,,true,,,true,,,,
KMwZBqIXq2_JIML-cjn0dQ__sandwiches,KMwZBqIXq2_JIML-cjn0dQ,Poindexter’s Delicatessan,Sandwiches,KMwZBqIXq2_JIML-cjn0dQ,Sandwiches,29.9693909,-90.0521636,2412.753125,1436.290193,New Orleans,LA,5.0,5,1,,,,,,,,,
qMxT6Xy--zefSs4DLYJUgg__fitness_and_instruction,qMxT6Xy--zefSs4DLYJUgg,Triumph Krav Maga,Fitness & Instruction,qMxT6Xy--zefSs4DLYJUgg,Fitness & Instruction,29.9275263,-90.0293863,4607.115207,-3218.851244,New Orleans,LA,4.5,11,0,,,,,true,,,,"{""Monday"": ""9:0-20:30"", ""Tuesday"": ""9:0-20:30"", ""Wednesday"": ""9:0-20:30"", ""Thursday"": ""9:0-20:30"", ""Friday"": ""9:0-19:30"", ""Saturday"": ""9:0-13:30""}"
033Ok264muClFlaWFeqo9g__american_(traditional),033Ok264muClFlaWFeqo9g,Beaucoup Eats,American (Traditional),033Ok264muClFlaWFeqo9g,American (Traditional),29.9634480,-90.0834090,-597.427846,775.468950,New Orleans,LA,4.0,66,1,2,true,,true,,,,trendy,"{""Tuesday"": ""11:0-20:0"", ""Wednesday"": ""11:0-20:0"", ""Thursday"": ""11:0-20:0"", ""Friday"": ""11:0-20:0"", ""Saturday"": ""11:0-17:0"", ""Sunday"": ""11:0-17:0""}"
aH-2gmo7cyl4FsW8HzwQYA__desserts,aH-2gmo7cyl4FsW8HzwQYA,Lucky You! Candy Company,Desserts,aH-2gmo7cyl4FsW8HzwQYA,Desserts,29.9207564,-90.1029584,-2480.816500,-3971.626937,New Orleans,LA,4.5,5,0,1,,,,,,,,
FyDQ8QKKjmBKagZ2GhNb8Q__cafes,FyDQ8QKKjmBKagZ2GhNb8Q,Stumptown Coffee Roasters,Cafes,FyDQ8QKKjmBKagZ2GhNb8Q,Cafes,29.9482129,-90.0721782,484.547115,-918.599217,New Orleans,LA,4.5,146,0,2,true,,true,true,,free,,"{""Monday"": ""7:0-19:0"", ""Tuesday"": ""7:0-19:0"", ""Wednesday"": ""7:0-19:0"", ""Thursday"": ""7:0-18:0"", ""Friday"": ""7:0-19:0"", ""Saturday"": ""7:0-19:0"", ""Sunday"": ""7:0-19:0""}"
kaqHXyEAVX1egxsVhoS7fg__cocktail_bars,kaqHXyEAVX1egxsVhoS7fg,Deja Vu Showgirls,Cocktail Bars,kaqHXyEAVX1egxsVhoS7fg,Cocktail Bars,29.9552423,-90.0686434,825.089650,-136.964520,New Orleans,LA,3.0,27,0,2,,,false,,full_bar,,,"{""Thursday"": ""20:0-2:0"", ""Friday"": ""20:0-2:0"", ""Saturday"": ""20:0-2:0"", ""Sunday"": ""20:0-2:0""}"
V-VloLN4cXGBSAftQ3jKFQ__art_galleries,V-VloLN4cXGBSAftQ3jKFQ,Ashley Longshore Studio Gallery,Art Galleries,V-VloLN4cXGBSAftQ3jKFQ,Art Galleries,29.9208046,-90.1037097,-2553.196722,-3966.267334,New Orleans,LA,4.0,15,1,4,,,,false,,,,"{""Monday"": ""9:0-17:0"", ""Tuesday"": ""9:0-17:0"", ""Wednesday"": ""9:0-17:0"", ""Thursday"": ""9:0-17:0"", ""Friday"": ""9:0-17:0"", ""Saturday"": ""11:0-16:0""}"
vUIQGRCzOpNYdX2pj7MIzQ__pizza,vUIQGRCzOpNYdX2pj7MIzQ,Magazine Pizza,Pizza,vUIQGRCzOpNYdX2pj7MIzQ,Pizza,29.9816940,-90.1072436,-2893.655979,2804.331693,New Orleans,LA,3.5,27,0,2,true,true,true,true,,no,,
6jgvwFE85C4AQApQRO4qBw__seafood,6jgvwFE85C4AQApQRO4qBw,Estrella Steak & Lobster,Seafood,6jgvwFE85C4AQApQRO4qBw,Seafood,29.9535184,-90.0659271,1086.777916,-328.653718,New Orleans,LA,3.0,376,1,2,true,true,true,false,full_bar,no,casual,"{""Monday"": ""9:0-23:0"", ""Tuesday"": ""9:0-23:0"", ""Wednesday"": ""9:0-23:0"", ""Thursday"": ""11:0-22:0"", ""Friday"": ""9:0-0:0"", ""Saturday"": ""9:0-0:0"", ""Sunday"": ""9:0-0:0""}"
ygZF2j3FyHjEhzxsknOJdA__beer,ygZF2j3FyHjEhzxsknOJdA,Roberts' Bar and Liquor Store,Beer,ygZF2j3FyHjEhzxsknOJdA,Beer,29.9469602,-90.1131948,-3466.990993,-1057.893294,New Orleans,LA,4.0,30,1,1,,,false,,full_bar,free,divey,"{""Monday"": ""16:0-4:0"", ""Tuesday"": ""16:0-4:0"", ""Wednesday"": ""16:0-4:0"", ""Thursday"": ""16:0-4:0"", ""Friday"": ""15:0-4:0"", ""Saturday"": ""16:0-4:0"", ""Sunday"": ""16:0-4:0""}"
3nYIq4THGUOgQCAF-mkd7w__venues_and_event_spaces,3nYIq4THGUOgQCAF-mkd7w,Mayas,Venues & Event Spaces,3nYIq4THGUOgQCAF-mkd7w,Venues & Event Spaces,29.9306879,-90.0752968,184.101278,-2867.292998,New Orleans,LA,4.0,258,1,2,true,,true,false,full_bar,free,classy,"{""Wednesday"": ""16:0-21:0"", ""Thursday"": ""16:0-21:0"", ""Friday"": ""12:0-22:0"", ""Saturday"": ""12:0-22:0"", ""Sunday"": ""12:0-20:0""}"
fusQg9Pj0xUC8CzbO2IHrA__coffee_and_tea,fusQg9Pj0xUC8CzbO2IHrA,CC's Coffee House,Coffee & Tea,fusQg9Pj0xUC8CzbO2IHrA,Coffee & Tea,29.9604709,-90.0626590,1401.624374,444.427030,New Orleans,LA,4.0,195,1,1,true,,false,,none,free,,"{""Monday"": ""6:0-20:0"", ""Tuesday"": ""6:0-20:0"", ""Wednesday"": ""6:0-20:0"", ""Thursday"": ""6:0-20:0"", ""Friday"": ""6:0-20:0"", ""Saturday"": ""7:0-20:0"", ""Sunday"": ""7:0-20:0""}"
ntry5rdcs1YvhYP7LLVEWw__american_(new),ntry5rdcs1YvhYP7LLVEWw,Johnny's Jamaican Grill,American (New),ntry5rdcs1YvhYP7LLVEWw,American (New),29.9379862,-90.0814185,-405.658757,-2055.753062,New Orleans,LA,4.5,13,0,1,true,false,true,true,none,no,,
HeskgQlfoaYAnBdzJxdvdg__breakfast_and_brunch,HeskgQlfoaYAnBdzJxdvdg,Surrey's La Playa Juiceteria,Breakfast & Brunch,HeskgQlfoaYAnBdzJxdvdg,Breakfast & Brunch,29.9420258,-90.0750749,205.479118,-1606.574298,New Orleans,LA,3.0,7,0,2,true,false,false,true,none,,,
0_FXWju-91BBL84WaIgylA__american_(new),0_FXWju-91BBL84WaIgylA,Three Muses Maple,American (New),0_FXWju-91BBL84WaIgylA,American (New),29.9412829,-90.1284859,-4940.131136,-1689.177298,New Orleans,LA,4.5,11,0,2,true,true,false,false,full_bar,no,trendy,"{""Tuesday"": ""17:0-22:0"", ""Wednesday"": ""17:0-22:0"", ""Thursday"": ""17:0-22:0"", ""Friday"": ""17:0-22:0"", ""Saturday"": ""17:0-22:0"", ""Sunday"": ""11:0-15:0""}"
_gY83lMTCCwfoZe4fJOATA__art_galleries,_gY83lMTCCwfoZe4fJOATA,Uptown Frames,Art Galleries,_gY83lMTCCwfoZe4fJOATA,Art Galleries,29.9302252,-90.1320316,-5281.727783,-2918.742961,New Orleans,LA,4.5,9,1,2,,,,true,,,,"{""Monday"": ""0:0-0:0"", ""Tuesday"": ""10:0-17:0"", ""Wednesday"": ""10:0-17:0"", ""Thursday"": ""10:0-17:0"", ""Friday"": ""10:0-17:0"", ""Saturday"": ""10:0-17:0""}"
XTJ03MbVT8FrleMzHeqtEw__venues_and_event_spaces,XTJ03MbVT8FrleMzHeqtEw,NOLA Kidsground,Venues & Event Spaces,XTJ03MbVT8FrleMzHeqtEw,Venues & Event Spaces,29.9642408,-90.1969955,-11540.348111,863.624410,New Orleans,LA,5.0,9,1,,,,,,,free,,"{""Monday"": ""0:0-0:0"", ""Tuesday"": ""9:0-18:0"", ""Wednesday"": ""9:0-18:0"", ""Thursday"": ""9:0-18:0"", ""Friday"": ""9:0-18:0"", ""Saturday"": ""9:0-18:0"", ""Sunday"": ""10:0-18:0""}"
ExsllWnzwpg-I9__sOm0aQ__desserts,ExsllWnzwpg-I9__sOm0aQ,Rahm Haus Ice Cream,Desserts,ExsllWnzwpg-I9__sOm0aQ,Desserts,29.9400486,-90.0719174,509.676010,-1826.427398,New Orleans,LA,5.0,11,1,,true,true,,,,free,,"{""Monday"": ""17:0-22:0"", ""Tuesday"": ""17:0-22:0"", ""Wednesday"": ""16:0-22:0"", ""Thursday"": ""16:0-22:0"", ""Friday"": ""16:0-22:0"", ""Saturday"": ""12:0-22:0"", ""Sunday"": ""12:0-22:0""}"
O7CX_IZJrzLLipT8TfnZ2w__cajun_creole,O7CX_IZJrzLLipT8TfnZ2w,Off Da Hook,Cajun/Creole,O7CX_IZJrzLLipT8TfnZ2w,Cajun/Creole,29.9439946,-90.0523001,2399.602719,-1387.653424,New Orleans,LA,4.5,6,0,2,true,,,true,,,,"{""Monday"": ""6:0-19:0"", ""Tuesday"": ""6:0-19:0"", ""Wednesday"": ""6:0-19:0"", ""Thursday"": ""6:0-19:0"", ""Friday"": ""6:0-19:0"", ""Saturday"": ""6:0-19:0""}"
QeXHsZHugb5xelptmsTIDQ__pizza,QeXHsZHugb5xelptmsTIDQ,Casa Colombia,Pizza,QeXHsZHugb5xelptmsTIDQ,Pizza,29.9674000,-90.0774000,-18.520952,1214.911907,New Orleans,LA,4.0,6,0,,,,,,,,,
q5JjGU4I0DaifXVpkQwCgw__seafood,q5JjGU4I0DaifXVpkQwCgw,Mid City PoBoys,Seafood,q5JjGU4I0DaifXVpkQwCgw,Seafood,29.9634004,-90.0815993,-423.081398,770.176064,New Orleans,LA,3.5,6,0,1,true,false,false,true,none,no,,"{""Monday"": ""10:0-19:0"", ""Tuesday"": ""10:0-19:0"", ""Wednesday"": ""10:0-19:0"", ""Thursday"": ""10:0-19:0"", ""Friday"": ""10:0-20:0"", ""Saturday"": ""10:0-19:0""}"
7neWV37lyUK91x1WnCOyFQ__art_galleries,7neWV37lyUK91x1WnCOyFQ,New Orleans Museum of Art,Art Galleries,7neWV37lyUK91x1WnCOyFQ,Art Galleries,29.9865001,-90.0934325,-1563.091250,3338.752062,New Orleans,LA,4.5,271,1,1,,,,true,,,,"{""Wednesday"": ""10:0-17:0"", ""Thursday"": ""10:0-17:0"", ""Friday"": ""10:0-17:0"", ""Saturday"": ""10:0-17:0"", ""Sunday"": ""10:0-17:0""}"
mgMD4aR2HjL2qU3fDdoEWw__fitness_and_instruction,mgMD4aR2HjL2qU3fDdoEWw,504 Fitness,Fitness & Instruction,mgMD4aR2HjL2qU3fDdoEWw,Fitness & Instruction,29.9599592,-90.0900045,-1232.838133,387.531554,New Orleans,LA,5.0,19,1,,,,,false,,,,"{""Monday"": ""5:30-20:0"", ""Tuesday"": ""5:30-20:0"", ""Wednesday"": ""5:30-20:0"", ""Thursday"": ""5:30-20:0"", ""Friday"": ""5:30-20:0"", ""Saturday"": ""8:0-17:0""}"
zgpx6YqA7KeY9-3xbNEn3A__burgers,zgpx6YqA7KeY9-3xbNEn3A,Coulis,Burgers,zgpx6YqA7KeY9-3xbNEn3A,Burgers,29.9260870,-90.0939684,-1614.720149,-3378.890442,New Orleans,LA,4.0,342,0,2,true,false,false,true,none,no,casual,"{""Monday"": ""7:0-14:0"", ""Tuesday"": ""7:0-14:0"", ""Wednesday"": ""7:0-14:0"", ""Thursday"": ""7:0-14:0"", ""Friday"": ""7:0-14:0"", ""Saturday"": ""7:0-14:0"", ""Sunday"": ""7:0-14:0""}"
xbgzX-_EpV6yH-6nf2LCNw__fast_food,xbgzX-_EpV6yH-6nf2LCNw,McDonald's,Fast Food,xbgzX-_EpV6yH-6nf2LCNw,Fast Food,29.9261628,-90.0225797,5262.865569,-3370.460399,New Orleans,LA,2.0,23,1,1,true,true,true,true,none,free,,"{""Monday"": ""0:0-0:0"", ""Tuesday"": ""0:0-0:0"", ""Wednesday"": ""0:0-0:0"", ""Thursday"": ""0:0-0:0"", ""Friday"": ""0:0-0:0"", ""Saturday"": ""0:0-0:0"", ""Sunday"": ""0:0-0:0""}"
q3QIAx4u8BLBOhwca2UBjQ__coffee_and_tea,q3QIAx4u8BLBOhwca2UBjQ,PJ's Coffee & Tea,Coffee & Tea,q3QIAx4u8BLBOhwca2UBjQ,Coffee & Tea,29.9296248,-90.0765601,62.394991,-2985.504488,New Orleans,LA,3.5,18,1,2,false,true,true,,,free,,"{""Monday"": ""6:0-19:0"", ""Tuesday"": ""6:0-19:0"", ""Wednesday"": ""6:0-19:0"", ""Thursday"": ""6:0-19:0"", ""Friday"": ""6:0-19:0"", ""Saturday"": ""6:0-19:0"", ""Sunday"": ""6:0-19:0""}"
OEOpxiewgI7Sr2de0LVuMg__cafes,OEOpxiewgI7Sr2de0LVuMg,Crêpes à la Cart,Cafes,OEOpxiewgI7Sr2de0LVuMg,Cafes,29.9411290,-90.1234400,-4454.013277,-1706.294046,New Orleans,LA,3.5,140,1,1,true,true,true,true,none,no,casual,"{""Monday"": ""0:0-0:0"", ""Tuesday"": ""18:0-1:0"", ""Wednesday"": ""18:0-1:0"", ""Thursday"": ""18:0-1:0"", ""Friday"": ""12:0-1:0"", ""Saturday"": ""12:0-1:0"", ""Sunday"": ""12:0-1:0""}"
0sfQbEJRvVrLia0IPfptPg__cajun_creole,0sfQbEJRvVrLia0IPfptPg,Boudreaux's Backyard,Cajun/Creole,0sfQbEJRvVrLia0IPfptPg,Cajun/Creole,29.9572256,-90.0666455,1017.567280,83.568683,New Orleans,LA,3.5,10,0,2,,,true,true,full_bar,,,"{""Monday"": ""11:0-22:0"", ""Tuesday"": ""11:0-22:0"", ""Wednesday"": ""11:0-22:0"", ""Thursday"": ""11:0-22:0"", ""Friday"": ""11:0-1:0"", ""Saturday"": ""11:0-1:0"", ""Sunday"": ""11:0-23:0""}"
euEHHwDtpFxR5P0e0T8Gjg__coffee_and_tea,euEHHwDtpFxR5P0e0T8Gjg,Krewe Du Brew,Coffee & Tea,euEHHwDtpFxR5P0e0T8Gjg,Coffee & Tea,29.9379732,-90.0759349,122.626741,-2057.203480,New Orleans,LA,4.5,155,0,1,true,false,true,,none,free,,"{""Monday"": ""7:0-19:0"", ""Tuesday"": ""7:0-19:0"", ""Wednesday"": ""7:0-19:0"", ""Thursday"": ""7:0-19:0"", ""Friday"": ""7:0-19:0"", ""Saturday"": ""7:0-19:0"", ""Sunday"": ""7:0-19:0""}"
GhoKUp8LCHQ5KvXt6IrN2g__beer,GhoKUp8LCHQ5KvXt6IrN2g,Tivoli & Lee,Beer,GhoKUp8LCHQ5KvXt6IrN2g,Beer,29.9435361,-90.0719145,509.956398,-1438.639370,New Orleans,LA,3.0,138,0,2,true,false,true,false,full_bar,free,upscale,"{""Monday"": ""7:0-22:0"", ""Tuesday"": ""7:0-22:0"", ""Wednesday"": ""7:0-22:0"", ""Thursday"": ""7:0-22:0"", ""Friday"": ""7:0-23:0"", ""Saturday"": ""7:0-23:0"", ""Sunday"": ""7:0-22:0""}"
PaeQDmaI4FPacIJogLmvHw__seafood,PaeQDmaI4FPacIJogLmvHw,The Pearl Restaurant and Oyster Bar,Seafood,PaeQDmaI4FPacIJogLmvHw,Seafood,29.9528206,-90.0697346,719.963472,-406.245645,New Orleans,LA,2.5,51,0,2,true,false,false,true,full_bar,no,casual,
F_bDaJUteUVm0dGNg0uBIw__cajun_creole,F_bDaJUteUVm0dGNg0uBIw,Hookah Cafe,Cajun/Creole,F_bDaJUteUVm0dGNg0uBIw,Cajun/Creole,29.9625566,-90.0576740,1881.881342,676.349656,New Orleans,LA,4.0,17,0,2,false,false,false,false,full_bar,,,"{""Tuesday"": ""17:30-1:0"", ""Wednesday"": ""17:30-1:0"", ""Thursday"": ""17:30-1:0"", ""Friday"": ""17:30-2:0"", ""Saturday"": ""17:30-2:0"", ""Sunday"": ""17:30-1:0""}"
UbFkHiEt9S-0mUL3RQ5Ghg__desserts,UbFkHiEt9S-0mUL3RQ5Ghg,Turkey and the Wolf,Desserts,UbFkHiEt9S-0mUL3RQ5Ghg,Desserts,29.9272091,-90.0742935,280.759172,-3254.118443,New Orleans,LA,4.5,652,1,2,,,true,true,full_bar,free,casual|hipster|trendy,"{""Monday"": ""0:0-0:0"", ""Wednesday"": ""11:0-16:0"", ""Thursday"": ""11:0-16:0"", ""Friday"": ""11:0-16:0"", ""Saturday"": ""11:0-16:0"", ""Sunday"": ""11:0-16:0""}"
K8O71Tb6xcza0g1MU608ag__coffee_and_tea,K8O71Tb6xcza0g1MU608ag,Jagerhaus,Coffee & Tea,K8O71Tb6xcza0g1MU608ag,Coffee & Tea,29.9568475,-90.0683818,850.292186,41.525823,New Orleans,LA,4.0,230,0,2,true,false,false,true,full_bar,free,casual,"{""Monday"": ""17:0-22:0"", ""Tuesday"": ""17:0-22:0"", ""Wednesday"": ""17:0-22:0"", ""Thursday"": ""17:0-22:0"", ""Friday"": ""17:0-22:0"", ""Saturday"": ""9:0-22:0"", ""Sunday"": ""9:0-22:0""}"
y4LG4ox7twejZ9F-G3P4Vw__american_(traditional),y4LG4ox7twejZ9F-G3P4Vw,Lux cafe,American (Traditional),y4LG4ox7twejZ9F-G3P4Vw,American (Traditional),29.9530290,-90.0731073,395.037647,-383.072591,New Orleans,LA,4.0,5,1,,,,,,,,,
iahjwbeWRFFfv6voeeZoXw__fast_food,iahjwbeWRFFfv6voeeZoXw,Nola Chick,Fast Food,iahjwbeWRFFfv6voeeZoXw,Fast Food,29.9684325,-90.1062794,-2800.761548,1329.720828,New Orleans,LA,4.0,12,1,,,,,,,,,"{""Monday"": ""10:0-14:0"", ""Tuesday"": ""10:0-14:0"", ""Wednesday"": ""10:0-14:0"", ""Thursday"": ""10:0-14:0"", ""Friday"": ""10:0-14:0""}"
-e7vSLH84kk7mzHsesL0Qg__venues_and_event_spaces,-e7vSLH84kk7mzHsesL0Qg,Pirates Alley Cafe,Venues & Event Spaces,-e7vSLH84kk7mzHsesL0Qg,Venues & Event Spaces,29.9579970,-90.0641180,1261.066560,169.344568,New Orleans,LA,4.0,251,1,2,false,false,true,false,full_bar,no,casual|divey,"{""Monday"": ""9:30-2:0"", ""Tuesday"": ""9:30-2:0"", ""Wednesday"": ""9:30-2:0"", ""Thursday"": ""9:30-2:0"", ""Friday"": ""9:30-2:0"", ""Saturday"": ""9:30-2:0"", ""Sunday"": ""9:30-2:0""}"
yq0ubaq9rXZgc5A0S3sLpQ__specialty_food,yq0ubaq9rXZgc5A0S3sLpQ,Evans Creole Candy Co,Specialty Food,yq0ubaq9rXZgc5A0S3sLpQ,Specialty Food,29.9581429,-90.0613072,1531.858954,185.567930,New Orleans,LA,3.5,28,1,2,true,,,,,,,
IoHBufa9dc67T00YYuswSA__beer,IoHBufa9dc67T00YYuswSA,Cajun Market,Beer,IoHBufa9dc67T00YYuswSA,Beer,29.9442781,-90.0649784,1178.175648,-1356.129618,New Orleans,LA,1.5,7,1,4,,,,,,,,
kGhT5VRj2ZBSdXJl6qkLdw__southern,kGhT5VRj2ZBSdXJl6qkLdw,Bourrée,Southern,kGhT5VRj2ZBSdXJl6qkLdw,Southern,29.9498482,-90.1275084,-4845.962821,-736.761902,New Orleans,LA,3.5,149,1,2,true,true,true,true,beer_and_wine,free,casual,"{""Monday"": ""0:0-0:0"", ""Tuesday"": ""11:0-17:0"", ""Wednesday"": ""11:0-18:30"", ""Thursday"": ""11:0-22:0"", ""Friday"": ""11:0-22:0"", ""Saturday"": ""11:0-22:0"", ""Sunday"": ""10:30-14:0""}"
ujYhU3bX35BCVj1NUbSQpQ__coffee_and_tea,ujYhU3bX35BCVj1NUbSQpQ,Hey! Café & Coffee Roastery,Coffee & Tea,ujYhU3bX35BCVj1NUbSQpQ,Coffee & Tea,29.9678617,-90.0835287,-608.959740,1266.250676,New Orleans,LA,4.0,138,1,1,true,false,true,true,none,free,casual|hipster,"{""Monday"": ""7:0-20:0"", ""Tuesday"": ""7:0-20:0"", ""Wednesday"": ""7:0-20:0"", ""Thursday"": ""7:0-20:0"", ""Friday"": ""7:0-20:0"", ""Saturday"": ""7:0-20:0"", ""Sunday"": ""7:0-20:0""}"
5fCpIolPWznGdz3D6hjrvg__american_(traditional),5fCpIolPWznGdz3D6hjrvg,Wakin' Bakin',American (Traditional),5fCpIolPWznGdz3D6hjrvg,American (Traditional),29.9742570,-90.1067840,-2849.374698,1977.376572,New Orleans,LA,4.0,362,1,2,true,true,true,true,none,free,casual,"{""Monday"": ""0:0-0:0"", ""Thursday"": ""7:0-14:0"", ""Friday"": ""7:0-14:0"", ""Saturday"": ""7:0-14:0"", ""Sunday"": ""7:0-14:0""}"
L5WoK3a0WLz9LMPqnGmoqA__seafood,L5WoK3a0WLz9LMPqnGmoqA,Bruning's Seafood Restaurant,Seafood,L5WoK3a0WLz9LMPqnGmoqA,Seafood,29.9595769,-90.0770127,18.791519,345.021675,New Orleans,LA,4.0,5,0,2,false,false,,true,full_bar,,,
EWFkVvEerJOvoGt8dSJZ7w__cajun_creole,EWFkVvEerJOvoGt8dSJZ7w,Karibu Kitchen,Cajun/Creole,EWFkVvEerJOvoGt8dSJZ7w,Cajun/Creole,29.9570129,-90.0778066,-57.692785,59.917489,New Orleans,LA,4.0,7,1,,true,false,true,true,,,classy,"{""Tuesday"": ""16:0-0:0""}"
E8-j41fG_DGtZ8vAd2A1sQ__american_(new),E8-j41fG_DGtZ8vAd2A1sQ,Sweet Nola Cuisine,American (New),E8-j41fG_DGtZ8vAd2A1sQ,American (New),29.9468069,-90.0811944,-384.069730,-1074.943202,New Orleans,LA,4.5,5,0,1,true,false,false,true,none,,,"{""Tuesday"": ""11:0-19:0"", ""Wednesday"": ""11:0-19:0"", ""Thursday"": ""11:0-19:0"", ""Friday"": ""11:0-19:0"", ""Saturday"": ""11:0-19:0""}"
ac1AeYqs8Z4_e2X5M3if2A__seafood,ac1AeYqs8Z4_e2X5M3if2A,Oceana Grill,Seafood,ac1AeYqs8Z4_e2X5M3if2A,Seafood,29.9562310,-90.0675630,929.175356,-27.025944,New Orleans,LA,4.0,7400,1,2,true,true,true,true,full_bar,free,casual|classy|touristy,"{""Monday"": ""8:0-1:0"", ""Tuesday"": ""8:0-1:0"", ""Wednesday"": ""8:0-1:0"", ""Thursday"": ""8:0-1:0"", ""Friday"": ""8:0-1:0"", ""Saturday"": ""8:0-1:0"", ""Sunday"": ""8:0-1:0""}"
dGeXdSMah56gEHwZNaRQKA__cajun_creole,dGeXdSMah56gEHwZNaRQKA,Juan's Flying Burrito,Cajun/Creole,dGeXdSMah56gEHwZNaRQKA,Cajun/Creole,29.9738161,-90.1008774,-2280.333018,1928.350662,New Orleans,LA,3.5,484,1,2,true,true,true,true,full_bar,no,casual,"{""Monday"": ""0:0-0:0"", ""Tuesday"": ""11:0-22:0"", ""Thursday"": ""11:0-22:0"", ""Friday"": ""11:0-22:0"", ""Saturday"": ""11:0-22:0"", ""Sunday"": ""11:0-22:0""}"
X1aAjsufci2ibaxSbhFl4Q__seafood,X1aAjsufci2ibaxSbhFl4Q,Ajun Cajun,Seafood,X1aAjsufci2ibaxSbhFl4Q,Seafood,29.9501047,-90.1328084,-5356.564674,-708.239341,New Orleans,LA,4.5,51,1,2,true,true,true,,full_bar,free,casual,"{""Monday"": ""11:0-21:0"", ""Tuesday"": ""11:0-21:0"", ""Wednesday"": ""11:0-21:0"", ""Thursday"": ""11:0-21:0"", ""Friday"": ""11:0-21:0"", ""Saturday"": ""11:0-21:0""}"
7wxIwWq6Jo4lU1GUmz-Wyw__specialty_food,7wxIwWq6Jo4lU1GUmz-Wyw,Langenstein's,Specialty Food,7wxIwWq6Jo4lU1GUmz-Wyw,Specialty Food,29.9266814,-90.1168764,-3821.676235,-3312.796087,New Orleans,LA,4.0,37,1,2,true,,,,,,,"{""Monday"": ""7:0-19:0"", ""Tuesday"": ""7:0-19:0"", ""Wednesday"": ""7:0-19:0"", ""Thursday"": ""7:0-19:0"", ""Friday"": ""7:0-19:0"", ""Saturday"": ""7:0-19:0"", ""Sunday"": ""8:0-18:0""}"
mhI0-30BOKtoWNmUJw21Ig__coffee_and_tea,mhI0-30BOKtoWNmUJw21Ig,The Station Coffee Shop & Bakery,Coffee & Tea,mhI0-30BOKtoWNmUJw21Ig,Coffee & Tea,29.9785491,-90.1029261,-2477.703072,2454.638511,New Orleans,LA,4.5,106,1,1,true,false,true,false,none,free,casual,"{""Monday"": ""6:30-18:0"", ""Tuesday"": ""6:30-18:0"", ""Wednesday"": ""6:30-18:0"", ""Thursday"": ""6:30-18:0"", ""Friday"": ""6:30-18:0"", ""Saturday"": ""7:30-17:0"", ""Sunday"": ""7:30-17:0""}"
vJxL8UDtlOs-h9d-M-3SQw__breakfast_and_brunch,vJxL8UDtlOs-h9d-M-3SQw,Polly's Bywater Cafe,Breakfast & Brunch,vJxL8UDtlOs-h9d-M-3SQw,Breakfast & Brunch,29.9671534,-90.0408025,3507.281185,1187.487731,New Orleans,LA,4.5,75,0,1,true,true,true,true,,free,casual,"{""Monday"": ""9:0-14:30"", ""Wednesday"": ""8:0-14:30"", ""Thursday"": ""8:0-14:30"", ""Friday"": ""8:0-14:30"", ""Saturday"": ""8:0-14:30"", ""Sunday"": ""8:0-14:30""}"
fmWgbWRcbJw-yRCK3USnvA__burgers,fmWgbWRcbJw-yRCK3USnvA,Fountain Lounge,Burgers,fmWgbWRcbJw-yRCK3USnvA,Burgers,29.9540370,-90.0717520,525.607212,-270.987950,New Orleans,LA,3.5,128,1,3,false,false,false,false,full_bar,free,classy,"{""Monday"": ""6:30-14:0"", ""Tuesday"": ""16:0-22:0"", ""Wednesday"": ""16:0-22:0"", ""Thursday"": ""16:0-22:0"", ""Friday"": ""16:0-0:0"", ""Saturday"": ""16:0-0:0"", ""Sunday"": ""16:0-22:0""}"
6BKYnozWBMrXouTG8njQgQ__art_galleries,6BKYnozWBMrXouTG8njQgQ,Bambi Deville's Vintage,Art Galleries,6BKYnozWBMrXouTG8njQgQ,Art Galleries,29.9248982,-90.0851715,-767.227047,-3511.079154,New Orleans,LA,4.5,59,0,2,,,,,,,,"{""Monday"": ""0:0-0:0"", ""Tuesday"": ""12:0-17:0"", ""Wednesday"": ""12:0-17:0"", ""Thursday"": ""12:0-17:0"", ""Friday"": ""12:0-17:0"", ""Saturday"": ""12:0-17:0"", ""Sunday"": ""12:0-17:0""}"
p2J__JQ_mN5lVd7iGXYgGA__southern,p2J__JQ_mN5lVd7iGXYgGA,Toups South,Southern,p2J__JQ_mN5lVd7iGXYgGA,Southern,29.9408344,-90.0791009,-182.385611,-1739.052116,New Orleans,LA,4.0,143,0,2,true,false,false,false,full_bar,no,casual|hipster|trendy,"{""Monday"": ""10:0-22:0"", ""Wednesday"": ""10:0-22:0"", ""Thursday"": ""10:0-22:0"", ""Friday"": ""10:0-23:0"", ""Saturday"": ""10:0-23:0"", ""Sunday"": ""10:0-15:0""}"
2mBzfKvAM4kSU6Gm9WS7lg__cafes,2mBzfKvAM4kSU6Gm9WS7lg,d4 Tabletop Gaming Cafe,Cafes,2mBzfKvAM4kSU6Gm9WS7lg,Cafes,29.9484005,-90.1312234,-5203.862475,-897.744101,New Orleans,LA,5.0,8,1,,,,,,,,,"{""Monday"": ""12:0-19:0"", ""Tuesday"": ""12:0-21:0"", ""Wednesday"": ""12:0-21:0"", ""Thursday"": ""12:0-21:0"", ""Friday"": ""12:0-0:0"", ""Saturday"": ""11:0-22:0"", ""Sunday"": ""11:0-19:0""}"
cShGxfd19nuTm9X-kbSwGg__american_(new),cShGxfd19nuTm9X-kbSwGg,The Banks Drinkery & Kitchen,American (New),cShGxfd19nuTm9X-kbSwGg,American (New),29.9620770,-90.0879828,-1038.067611,623.020495,New Orleans,LA,4.5,22,0,,,,true,,full_bar,,,"{""Monday"": ""11:0-22:0"", ""Tuesday"": ""11:0-22:0"", ""Wednesday"": ""11:0-22:0"", ""Thursday"": ""11:0-22:0"", ""Friday"": ""11:0-23:0"", ""Saturday"": ""11:0-23:0"", ""Sunday"": ""11:0-22:0""}"
16Gr_UTGnsZjjyhra7MEEw__fast_food,16Gr_UTGnsZjjyhra7MEEw,Church's Chicken,Fast Food,16Gr_UTGnsZjjyhra7MEEw,Fast Food,29.9818275,-90.0712155,577.293607,2819.178927,New Orleans,LA,1.5,11,1,1,true,true,,true,,,,"{""Monday"": ""10:0-22:0"", ""Tuesday"": ""10:0-22:0"", ""Wednesday"": ""10:0-22:0"", ""Thursday"": ""10:0-22:0"", ""Friday"": ""10:0-22:0"", ""Saturday"": ""10:0-22:0"", ""Sunday"": ""10:0-22:0""}"
nB7LcJIvZr-EbJj4oFZf-A__southern,nB7LcJIvZr-EbJj4oFZf-A,Daisy Dukes Express,Southern,nB7LcJIvZr-EbJj4oFZf-A,Southern,29.9533691,-90.0706803,628.854760,-345.255144,New Orleans,LA,4.0,707,1,2,true,true,,true,full_bar,free,casual,"{""Monday"": ""0:0-0:0"", ""Tuesday"": ""0:0-0:0"", ""Wednesday"": ""0:0-0:0"", ""Thursday"": ""0:0-0:0"", ""Friday"": ""0:0-0:0"", ""Saturday"": ""0:0-0:0"", ""Sunday"": ""0:0-0:0""}"
je-bSjTTn8qKjT094MzjDw__sandwiches,je-bSjTTn8qKjT094MzjDw,Laurel Street Bakery,Sandwiches,je-bSjTTn8qKjT094MzjDw,Sandwiches,29.9185016,-90.1164893,-3784.383032,-4222.349604,New Orleans,LA,3.0,33,0,1,true,false,true,true,none,no,,"{""Monday"": ""7:0-14:0"", ""Tuesday"": ""7:0-15:0"", ""Wednesday"": ""7:0-15:0"", ""Thursday"": ""7:0-15:0"", ""Friday"": ""7:0-15:0"", ""Saturday"": ""7:0-15:0"", ""Sunday"": ""7:0-15:0""}"
FVNu64LCxR3X5SwRKWUDjQ__beer,FVNu64LCxR3X5SwRKWUDjQ,Avenue Wines & Spirits,Beer,FVNu64LCxR3X5SwRKWUDjQ,Beer,29.9352483,-90.0795015,-220.979404,-2360.198954,New Orleans,LA,4.5,12,1,,true,true,,,,,,"{""Monday"": ""9:0-0:0"", ""Tuesday"": ""9:0-0:0"", ""Wednesday"": ""9:0-0:0"", ""Thursday"": ""9:0-0:0"", ""Friday"": ""9:0-2:0"", ""Saturday"": ""9:0-2:0"", ""Sunday"": ""9:0-0:0""}"
fxZtYRBOvoddW7k3flohPg__burgers,fxZtYRBOvoddW7k3flohPg,Burgers Ya Heard,Burgers,fxZtYRBOvoddW7k3flohPg,Burgers,29.9335594,-90.0700051,693.903509,-2547.996325,New Orleans,LA,4.0,21,0,1,true,false,true,true,none,,,
2VFytje8_davOPXcHFx_ow__sandwiches,2VFytje8_davOPXcHFx_ow,Kebab,Sandwiches,2VFytje8_davOPXcHFx_ow,Sandwiches,29.9691150,-90.0539990,2235.930740,1405.611470,New Orleans,LA,4.0,272,0,1,true,true,true,true,full_bar,free,casual,"{""Monday"": ""0:0-0:0"", ""Wednesday"": ""11:0-22:0"", ""Thursday"": ""11:0-22:0"", ""Friday"": ""11:0-23:0"", ""Saturday"": ""11:0-23:0"", ""Sunday"": ""11:0-22:0""}"
QHFpMJeBTQJfzdDvsB9oqA__american_(traditional),QHFpMJeBTQJfzdDvsB9oqA,Fox & Hound English Pub & Grille,American (Traditional),QHFpMJeBTQJfzdDvsB9oqA,American (Traditional),29.9593218,-90.1869407,-10571.667281,316.652029,New Orleans,LA,2.5,69,0,2,true,false,false,false,full_bar,free,casual,"{""Monday"": ""11:0-2:0"", ""Tuesday"": ""11:0-2:0"", ""Wednesday"": ""11:0-2:0"", ""Thursday"": ""11:0-2:0"", ""Friday"": ""11:0-2:0"", ""Saturday"": ""11:0-2:0"", ""Sunday"": ""11:0-2:0""}"
JfGIiZMNIGLHX41pjSPlBw__art_galleries,JfGIiZMNIGLHX41pjSPlBw,Craig Tracy Fine Art Bodypainting Gallery,Art Galleries,JfGIiZMNIGLHX41pjSPlBw,Art Galleries,29.9594539,-90.0636873,1302.560186,331.344680,New Orleans,LA,4.5,29,1,3,,,,true,,,,
KLLO4MTEI2mDwdakz51www__cocktail_bars,KLLO4MTEI2mDwdakz51www,Picnic Provisions & Whiskey,Cocktail Bars,KLLO4MTEI2mDwdakz51www,Cocktail Bars,29.9220877,-90.1214058,-4258.037176,-3823.592538,New Orleans,LA,3.5,189,1,2,true,true,true,true,full_bar,free,classy,"{""Monday"": ""0:0-0:0"", ""Tuesday"": ""11:0-16:0"", ""Wednesday"": ""16:0-21:0"", ""Thursday"": ""16:0-21:0"", ""Friday"": ""15:0-21:0"", ""Saturday"": ""11:0-21:0"", ""Sunday"": ""11:0-19:0""}"
aEl6kgpPPXaaFK8UvFz4pw__cajun_creole,aEl6kgpPPXaaFK8UvFz4pw,Juan's Flying Burrito,Cajun/Creole,aEl6kgpPPXaaFK8UvFz4pw,Cajun/Creole,29.9210582,-90.1170049,-3834.055921,-3938.068262,New Orleans,LA,4.0,98,1,2,true,true,true,true,full_bar,free,casual|hipster,"{""Monday"": ""0:0-0:0"", ""Tuesday"": ""11:0-22:0"", ""Wednesday"": ""11:0-22:0"", ""Thursday"": ""11:0-22:0"", ""Friday"": ""11:0-22:0"", ""Saturday"": ""11:0-22:0"", ""Sunday"": ""11:0-22:0""}"
EB69_8Q9xlG3RdzQWOKAjA__pizza,EB69_8Q9xlG3RdzQWOKAjA,Tommy G's Coal Fired Pizza,Pizza,EB69_8Q9xlG3RdzQWOKAjA,Pizza,29.9419651,-90.0652612,1150.930704,-1613.323839,New Orleans,LA,4.0,161,1,2,true,true,true,,full_bar,free,casual,"{""Monday"": ""11:0-23:45"", ""Tuesday"": ""11:0-23:45"", ""Wednesday"": ""11:0-23:45"", ""Thursday"": ""11:0-23:45"", ""Friday"": ""11:0-1:45"", ""Saturday"": ""11:0-1:45"", ""Sunday"": ""11:0-23:45""}"
FCcFpitB7F3qxd1bD4Epfg__desserts,FCcFpitB7F3qxd1bD4Epfg,Iacovone Kitchen,Desserts,FCcFpitB7F3qxd1bD4Epfg,Desserts,29.9350508,-90.1089541,-3058.442072,-2382.159982,New Orleans,LA,5.0,38,1,,true,true,true,true,none,free,,"{""Tuesday"": ""11:0-19:0"", ""Wednesday"": ""11:0-19:0"", ""Thursday"": ""11:0-19:0"", ""Friday"": ""11:0-20:0"", ""Saturday"": ""11:0-20:0""}"
GEfM4uB9j6oIr2_XEaAArQ__southern,GEfM4uB9j6oIr2_XEaAArQ,Brick & Spoon,Southern,GEfM4uB9j6oIr2_XEaAArQ,Southern,29.9258950,-90.0825090,-510.721871,-3400.239898,New Orleans,LA,2.5,136,0,2,true,false,true,true,full_bar,free,casual,"{""Monday"": ""7:0-15:0"", ""Tuesday"": ""7:0-15:0"", ""Wednesday"": ""7:0-15:0"", ""Thursday"": ""7:0-15:0"", ""Friday"": ""7:0-15:0"", ""Saturday"": ""7:0-15:0"", ""Sunday"": ""7:0-15:0""}"
_ab50qdWOk0DdB6XOrBitw__seafood,_ab50qdWOk0DdB6XOrBitw,Acme Oyster House,Seafood,_ab50qdWOk0DdB6XOrBitw,Seafood,29.9542735,-90.0689651,794.097081,-244.690313,New Orleans,LA,4.0,7568,1,2,true,,,true,full_bar,no,casual|classy,"{""Monday"": ""11:0-22:0"", ""Thursday"": ""11:0-22:0"", ""Friday"": ""11:0-22:0"", ""Saturday"": ""11:0-22:0"", ""Sunday"": ""11:0-22:0""}"
YdxHpdqppWRVo0xgf5ojJg__cajun_creole,YdxHpdqppWRVo0xgf5ojJg,Ray's On The Ave,Cajun/Creole,YdxHpdqppWRVo0xgf5ojJg,Cajun/Creole,29.9640042,-90.0730500,400.557928,837.315654,New Orleans,LA,4.5,105,0,1,true,true,true,true,none,free,casual,
V4rJ61k14_u0t-rZzLbXiA__fast_food,V4rJ61k14_u0t-rZzLbXiA,Burger King,Fast Food,V4rJ61k14_u0t-rZzLbXiA,Fast Food,29.9562251,-90.1195715,-4081.325640,-27.681995,New Orleans,LA,1.5,21,1,1,false,true,false,true,none,free,casual,"{""Monday"": ""5:30-2:0"", ""Tuesday"": ""5:30-2:0"", ""Wednesday"": ""5:30-2:0"", ""Thursday"": ""5:30-2:0"", ""Friday"": ""5:30-22:0"", ""Saturday"": ""11:0-2:0"", ""Sunday"": ""6:0-2:0""}"
rQgvzje411OZY2p9fLdycQ__american_(traditional),rQgvzje411OZY2p9fLdycQ,Copper Monkey Grill,American (Traditional),rQgvzje411OZY2p9fLdycQ,American (Traditional),29.9561265,-90.0673167,952.903891,-38.645830,New Orleans,LA,4.0,320,1,2,true,true,true,false,full_bar,free,casual,"{""Monday"": ""18:0-5:0"", ""Tuesday"": ""11:0-5:0"", ""Wednesday"": ""11:0-5:0"", ""Thursday"": ""11:0-17:0"", ""Friday"": ""11:0-17:0"", ""Saturday"": ""10:0-6:0"", ""Sunday"": ""0:0-0:0""}"
iJiNZw2TEwB579dr6LyVZQ__american_(traditional),iJiNZw2TEwB579dr6LyVZQ,Cooter Brown's,American (Traditional),iJiNZw2TEwB579dr6LyVZQ,American (Traditional),29.9423197,-90.1342523,-5495.669960,-1573.894064,New Orleans,LA,4.0,496,1,2,true,true,,false,full_bar,free,casual|classy|divey,"{""Monday"": ""11:0-2:0"", ""Tuesday"": ""11:0-2:0"", ""Wednesday"": ""11:0-2:0"", ""Thursday"": ""11:0-2:0"", ""Friday"": ""11:0-2:0"", ""Saturday"": ""11:0-2:0"", ""Sunday"": ""11:0-1:0""}"
w-ONHkoag1q6fbp2an3hqw__art_galleries,w-ONHkoag1q6fbp2an3hqw,Riverstone Gallery--Riverwalk Mall,Art Galleries,w-ONHkoag1q6fbp2an3hqw,Art Galleries,29.9485100,-90.0629460,1373.977008,-885.563158,New Orleans,LA,4.0,8,1,2,,,,true,,,,
iDZjkqdOzH1dvv10E2YPSQ__venues_and_event_spaces,iDZjkqdOzH1dvv10E2YPSQ,Nola Spaces,Venues & Event Spaces,iDZjkqdOzH1dvv10E2YPSQ,Venues & Event Spaces,29.9302532,-90.0907406,-1303.753987,-2915.629499,New Orleans,LA,4.5,7,1,,,,,,,,,
Kuy82Fr_bETpO2HYPMOFwA__art_galleries,Kuy82Fr_bETpO2HYPMOFwA,Gallery Nine-Forty,Art Galleries,Kuy82Fr_bETpO2HYPMOFwA,Art Galleries,29.9603321,-90.0624934,1417.580479,428.996200,New Orleans,LA,3.5,8,0,3,,,,false,,,,
zhkr9oRgfzwXY9EVScf_Mw__burgers,zhkr9oRgfzwXY9EVScf_Mw,Dress It,Burgers,zhkr9oRgfzwXY9EVScf_Mw,Burgers,29.9510212,-90.0685289,836.120576,-606.330073,New Orleans,LA,3.0,63,0,2,true,false,false,true,full_bar,no,casual,
oDETvkVkHw7CjZj7ZOZFOQ__sandwiches,oDETvkVkHw7CjZj7ZOZFOQ,Cajun Mike's Pub & Grub,Sandwiches,oDETvkVkHw7CjZj7ZOZFOQ,Sandwiches,29.9537303,-90.0711912,579.634668,-305.091481,New Orleans,LA,4.0,757,1,1,,,,false,full_bar,free,classy|divey,"{""Monday"": ""11:0-2:0"", ""Tuesday"": ""11:0-2:0"", ""Wednesday"": ""11:0-2:0"", ""Thursday"": ""11:0-2:0"", ""Friday"": ""11:0-2:0"", ""Saturday"": ""11:0-2:0"", ""Sunday"": ""11:0-2:0""}"
iJepNTdQh-vOBoIzmx-Kmg__cocktail_bars,iJepNTdQh-vOBoIzmx-Kmg,Cure,Cocktail Bars,iJepNTdQh-vOBoIzmx-Kmg,Cocktail Bars,29.9349880,-90.1075696,-2925.059381,-2389.143033,New Orleans,LA,4.0,454,1,2,true,false,true,false,full_bar,free,classy|trendy,"{""Monday"": ""16:0-23:0"", ""Tuesday"": ""16:0-23:0"", ""Wednesday"": ""16:0-23:0"", ""Thursday"": ""16:0-23:0"", ""Friday"": ""16:0-1:0"", ""Saturday"": ""16:0-0:0"", ""Sunday"": ""16:0-22:0""}"
kJ2RNX-8_HwbMNLEsSTyyA__pizza,kJ2RNX-8_HwbMNLEsSTyyA,Easy Pizza,Pizza,kJ2RNX-8_HwbMNLEsSTyyA,Pizza,29.9463720,-90.0893650,-1171.228721,-1123.298240,New Orleans,LA,3.0,55,1,1,true,true,true,true,,,,"{""Monday"": ""14:0-3:0"", ""Tuesday"": ""14:0-3:0"", ""Wednesday"": ""14:0-3:0"", ""Thursday"": ""14:0-3:0"", ""Friday"": ""14:0-3:0"", ""Saturday"": ""14:0-3:0"", ""Sunday"": ""14:0-3:0""}"
kWPkPaEqXoPc7AeRm3n24g__art_galleries,kWPkPaEqXoPc7AeRm3n24g,LA46,Art Galleries,kWPkPaEqXoPc7AeRm3n24g,Art Galleries,29.9686085,-90.0557260,2069.551608,1349.291162,New Orleans,LA,2.0,6,1,3,,,,,,,,"{""Monday"": ""11:0-19:0"", ""Tuesday"": ""11:0-19:0"", ""Wednesday"": ""11:0-19:0"", ""Thursday"": ""11:0-19:0"", ""Friday"": ""11:0-19:0"", ""Saturday"": ""11:0-19:0"", ""Sunday"": ""11:0-19:0""}"
1sr2QUShlkVk55LN4Ehkxw__desserts,1sr2QUShlkVk55LN4Ehkxw,Newton's Hot & Cold,Desserts,1sr2QUShlkVk55LN4Ehkxw,Desserts,29.9585520,-90.0615679,1506.738470,231.057860,New Orleans,LA,4.5,30,1,,true,true,false,,none,no,,"{""Monday"": ""9:0-19:0"", ""Tuesday"": ""9:0-19:0"", ""Wednesday"": ""9:0-19:0"", ""Thursday"": ""9:0-19:0"", ""Friday"": ""9:0-19:0"", ""Saturday"": ""9:0-19:0"", ""Sunday"": ""9:0-19:0""}"
MCxXobDMaNDCp4lwzUIlNw__desserts,MCxXobDMaNDCp4lwzUIlNw,Teddy's Café and Sweet Shop,Desserts,MCxXobDMaNDCp4lwzUIlNw,Desserts,29.9538626,-90.0715940,540.828927,-290.380372,New Orleans,LA,3.5,35,1,2,true,true,false,,,free,,"{""Monday"": ""6:0-14:0"", ""Tuesday"": ""6:0-14:0"", ""Wednesday"": ""6:0-14:0"", ""Thursday"": ""6:0-14:0"", ""Friday"": ""6:0-14:0"", ""Saturday"": ""6:0-14:0"", ""Sunday"": ""6:0-14:0""}"
QCiUIJo-pCVIBcHkXYQBPQ__fitness_and_instruction,QCiUIJo-pCVIBcHkXYQBPQ,All Inclusive Health,Fitness & Instruction,QCiUIJo-pCVIBcHkXYQBPQ,Fitness & Instruction,29.9213050,-90.0986342,-2064.223192,-3910.625316,New Orleans,LA,5.0,10,1,,,,,,,free,,"{""Monday"": ""5:0-20:0"", ""Tuesday"": ""5:0-20:0"", ""Wednesday"": ""5:0-20:0"", ""Thursday"": ""5:0-20:0"", ""Friday"": ""5:0-20:0"", ""Saturday"": ""5:0-20:0"", ""Sunday"": ""5:0-20:0""}"
3wh-vdzPEtYdWAKzmJBbMQ__american_(traditional),3wh-vdzPEtYdWAKzmJBbMQ,Motown Coney Island,American (Traditional),3wh-vdzPEtYdWAKzmJBbMQ,American (Traditional),29.9749597,-90.0793373,-205.160380,2055.513355,New Orleans,LA,4.5,6,0,1,true,false,false,true,,free,,"{""Monday"": ""6:0-19:0"", ""Tuesday"": ""6:0-19:0"", ""Wednesday"": ""6:0-19:0"", ""Thursday"": ""6:0-19:0"", ""Friday"": ""6:0-21:0"", ""Saturday"": ""6:0-21:0""}"
QdER5KjucCVtOXdU1g7kpA__specialty_food,QdER5KjucCVtOXdU1g7kpA,Pepper Palace,Specialty Food,QdER5KjucCVtOXdU1g7kpA,Specialty Food,29.9538759,-90.0669533,987.917035,-288.896051,New Orleans,LA,4.5,187,1,2,false,,,,,,,"{""Monday"": ""10:0-16:0"", ""Tuesday"": ""10:0-16:0"", ""Wednesday"": ""10:0-16:0"", ""Thursday"": ""10:0-16:0"", ""Friday"": ""10:0-19:0"", ""Saturday"": ""10:0-21:0"", ""Sunday"": ""10:0-18:0""}"
7Lqsmbv3YHwfLhaUgErA2w__fitness_and_instruction,7Lqsmbv3YHwfLhaUgErA2w,Nola Fit,Fitness & Instruction,7Lqsmbv3YHwfLhaUgErA2w,Fitness & Instruction,29.9298890,-90.0761880,98.243094,-2956.126747,New Orleans,LA,2.5,7,0,,,,,false,,,,"{""Monday"": ""14:30-19:0"", ""Tuesday"": ""14:30-19:0"", ""Wednesday"": ""14:30-19:0"", ""Thursday"": ""14:30-18:0"", ""Friday"": ""13:30-18:0""}"
_guZTci86yePneMisb146A__american_(traditional),_guZTci86yePneMisb146A,Part & Parcel,American (Traditional),_guZTci86yePneMisb146A,American (Traditional),29.9483368,-90.0753261,181.274634,-904.826149,New Orleans,LA,4.0,41,0,2,true,false,false,true,full_bar,no,casual|hipster|trendy,"{""Monday"": ""11:0-21:0"", ""Tuesday"": ""11:0-21:0"", ""Wednesday"": ""11:0-21:0"", ""Thursday"": ""11:0-21:0"", ""Friday"": ""11:0-21:0"", ""Saturday"": ""11:0-21:0""}"
ArPLE_RTg0h7yzkN0KwzRg__southern,ArPLE_RTg0h7yzkN0KwzRg,Willie's Chicken Shack,Southern,ArPLE_RTg0h7yzkN0KwzRg,Southern,29.9512679,-90.0668859,994.406101,-578.895500,New Orleans,LA,3.5,249,1,2,true,false,false,true,full_bar,no,casual|touristy,"{""Monday"": ""11:0-1:0"", ""Tuesday"": ""11:0-1:0"", ""Wednesday"": ""11:0-1:0"", ""Thursday"": ""11:0-1:0"", ""Friday"": ""10:0-1:0"", ""Saturday"": ""10:0-1:0"", ""Sunday"": ""10:0-1:0""}"
woK7eHnKXzNCCUrx-GIJZA__cajun_creole,woK7eHnKXzNCCUrx-GIJZA,Cocoa & Cream Mobile Foods and Catering,Cajun/Creole,woK7eHnKXzNCCUrx-GIJZA,Cajun/Creole,29.9149831,-89.9777909,9577.816984,-4613.589494,New Orleans,LA,3.0,7,1,,true,false,true,true,none,no,,"{""Monday"": ""0:0-0:0"", ""Tuesday"": ""8:0-20:0"", ""Wednesday"": ""8:0-20:0"", ""Thursday"": ""8:0-20:0"", ""Friday"": ""8:0-20:0"", ""Saturday"": ""9:0-22:0"", ""Sunday"": ""10:0-18:0""}"
V8tDVx8CD2-O_yi14lRf9g__breakfast_and_brunch,V8tDVx8CD2-O_yi14lRf9g,Huevos,Breakfast & Brunch,V8tDVx8CD2-O_yi14lRf9g,Breakfast & Brunch,29.9743423,-90.1068849,-2859.095402,1986.861513,New Orleans,LA,3.0,36,0,1,true,false,true,true,none,,casual,"{""Sunday"": ""9:0-13:0""}"
2CSGLi3Y34Or7NIB2rcFUg__american_(new),2CSGLi3Y34Or7NIB2rcFUg,longitude 90,American (New),2CSGLi3Y34Or7NIB2rcFUg,American (New),29.9483705,-90.0665269,1028.989299,-901.069690,New Orleans,LA,4.0,14,1,2,,,true,,full_bar,free,classy,
FkOTPqfnnKvhk81RZhPy-w__seafood,FkOTPqfnnKvhk81RZhPy-w,Mr Ed's Oyster Bar - Mid-City,Seafood,FkOTPqfnnKvhk81RZhPy-w,Seafood,29.9764779,-90.0990402,-2103.337221,2224.329726,New Orleans,LA,3.5,154,1,2,true,false,true,true,full_bar,no,casual,"{""Monday"": ""0:0-0:0"", ""Tuesday"": ""11:0-21:0"", ""Wednesday"": ""11:0-21:0"", ""Thursday"": ""11:0-21:0"", ""Friday"": ""11:0-21:0"", ""Saturday"": ""11:0-16:0"", ""Sunday"": ""11:0-20:0""}"
4ADeBcc3O4zmTrp60H4O_A__burgers,4ADeBcc3O4zmTrp60H4O_A,Lakeview Harbor Restaurant,Burgers,4ADeBcc3O4zmTrp60H4O_A,Burgers,30.0213754,-90.1147367,-3615.537596,7216.710841,New Orleans,LA,2.5,189,1,2,true,true,false,true,full_bar,free,casual,"{""Monday"": ""11:0-23:0"", ""Tuesday"": ""11:0-23:0"", ""Wednesday"": ""11:0-23:0"", ""Thursday"": ""11:0-23:0"", ""Friday"": ""11:0-23:0"", ""Saturday"": ""11:0-23:0"", ""Sunday"": ""11:0-23:0""}"
klLwsvA9MDWO4bxqshsXJw__american_(new),klLwsvA9MDWO4bxqshsXJw,La Fin Du Monde,American (New),klLwsvA9MDWO4bxqshsXJw,American (New),29.9254530,-90.0844210,-694.923898,-3449.388123,New Orleans,LA,3.5,19,0,2,true,false,true,true,full_bar,no,,"{""Monday"": ""11:0-15:0"", ""Tuesday"": ""11:0-22:0"", ""Wednesday"": ""11:0-22:0"", ""Thursday"": ""11:0-22:0"", ""Friday"": ""11:0-22:0"", ""Saturday"": ""11:0-22:0"", ""Sunday"": ""11:0-15:0""}"
SYkc-EsAeZ9mLFaQtZ5G3w__specialty_food,SYkc-EsAeZ9mLFaQtZ5G3w,Little Fig,Specialty Food,SYkc-EsAeZ9mLFaQtZ5G3w,Specialty Food,29.9535250,-90.0747497,236.808877,-327.919831,New Orleans,LA,4.5,11,0,,,true,,,,,,"{""Monday"": ""11:0-21:0"", ""Tuesday"": ""11:0-21:0"", ""Wednesday"": ""11:0-21:0"", ""Thursday"": ""11:0-21:0"", ""Friday"": ""11:0-21:0"", ""Saturday"": ""11:0-21:0"", ""Sunday"": ""11:0-21:0""}"
oxQnNSjJee_NdPM-iK-AdA__fitness_and_instruction,oxQnNSjJee_NdPM-iK-AdA,Transform NOLA,Fitness & Instruction,oxQnNSjJee_NdPM-iK-AdA,Fitness & Instruction,29.9503631,-90.1332756,-5401.574709,-679.507555,New Orleans,LA,5.0,11,1,,,,,false,,,,"{""Monday"": ""17:30-19:30"", ""Tuesday"": ""18:0-20:30"", ""Wednesday"": ""18:0-19:30"", ""Thursday"": ""18:0-20:30"", ""Friday"": ""18:0-19:30"", ""Saturday"": ""9:0-11:30"", ""Sunday"": ""14:0-15:0""}"
kjyfX2Z3uInKr2WAyF7E0Q__american_(traditional),kjyfX2Z3uInKr2WAyF7E0Q,Vic's Kangaroo Cafe,American (Traditional),kjyfX2Z3uInKr2WAyF7E0Q,American (Traditional),29.9467641,-90.0672408,960.216095,-1079.698649,New Orleans,LA,3.5,58,1,1,false,false,true,false,full_bar,no,casual,"{""Monday"": ""17:0-4:0"", ""Tuesday"": ""17:0-4:0"", ""Wednesday"": ""17:0-4:0"", ""Thursday"": ""17:0-4:0"", ""Friday"": ""11:0-5:0"", ""Saturday"": ""11:0-5:0"", ""Sunday"": ""11:0-4:0""}"
0FLi2UPWY3bTvrcuTWG5IA__desserts,0FLi2UPWY3bTvrcuTWG5IA,Queen of the Ball,Desserts,0FLi2UPWY3bTvrcuTWG5IA,Desserts,29.9475550,-90.1304900,-5133.210082,-991.754460,New Orleans,LA,5.0,7,0,1,,,,,,,,
WzEzUDTWr4UQSQykujMwyg__beer,WzEzUDTWr4UQSQykujMwyg,Root,Beer,WzEzUDTWr4UQSQykujMwyg,Beer,29.9317800,-90.0733737,369.372679,-2745.856851,New Orleans,LA,4.5,138,0,3,false,false,true,false,full_bar,free,trendy,"{""Tuesday"": ""17:0-23:0"", ""Wednesday"": ""17:0-23:0"", ""Thursday"": ""17:0-23:0"", ""Friday"": ""17:0-0:0"", ""Saturday"": ""17:0-0:0""}"
oKlRdVZsH5GPwB0tZmRyrw__beer,oKlRdVZsH5GPwB0tZmRyrw,504 Craft Beer Reserve,Beer,oKlRdVZsH5GPwB0tZmRyrw,Beer,29.9681859,-90.1039964,-2580.817392,1302.300121,New Orleans,LA,5.0,58,1,2,false,,,,,,,"{""Monday"": ""11:0-19:0"", ""Tuesday"": ""11:0-19:0"", ""Wednesday"": ""11:0-19:0"", ""Thursday"": ""11:0-20:0"", ""Friday"": ""11:0-20:0"", ""Saturday"": ""11:0-20:0"", ""Sunday"": ""11:0-19:0""}"
u4Y3FY1VmVWaaZUdGdJMJg__coffee_and_tea,u4Y3FY1VmVWaaZUdGdJMJg,Village Coffee,Coffee & Tea,u4Y3FY1VmVWaaZUdGdJMJg,Coffee & Tea,29.9352712,-90.1109115,-3247.017934,-2357.652587,New Orleans,LA,3.5,78,0,1,true,false,true,true,none,free,casual,"{""Monday"": ""6:30-21:0"", ""Tuesday"": ""6:30-21:0"", ""Wednesday"": ""6:30-21:0"", ""Thursday"": ""6:30-21:0"", ""Friday"": ""6:30-20:0"", ""Saturday"": ""7:0-20:0"", ""Sunday"": ""7:0-20:0""}"
WO_5ViN3KaeYZaAxTSRjdg__cafes,WO_5ViN3KaeYZaAxTSRjdg,Le's Baguette Banh Mi Cafe,Cafes,WO_5ViN3KaeYZaAxTSRjdg,Cafes,29.9294474,-90.1050009,-2677.590894,-3005.230495,New Orleans,LA,4.5,121,1,2,true,false,,true,beer_and_wine,free,casual,"{""Monday"": ""0:0-0:0"", ""Wednesday"": ""11:0-21:0"", ""Thursday"": ""11:0-21:0"", ""Friday"": ""11:0-21:0"", ""Saturday"": ""11:0-21:0"", ""Sunday"": ""11:0-20:0""}"
foFm7dh9TpppQ7oQkB5R2w__desserts,foFm7dh9TpppQ7oQkB5R2w,The Sweet Palate,Desserts,foFm7dh9TpppQ7oQkB5R2w,Desserts,29.9554684,-90.0645916,1215.439949,-111.823312,New Orleans,LA,4.0,19,0,2,,,,,,free,,"{""Wednesday"": ""11:0-19:0"", ""Thursday"": ""11:0-19:0"", ""Friday"": ""11:0-18:0"", ""Saturday"": ""11:0-20:0"", ""Sunday"": ""11:0-19:0""}"
OCvYbwpKLkA4J1WqmjTSLw__specialty_food,OCvYbwpKLkA4J1WqmjTSLw,The Herb Import Company,Specialty Food,OCvYbwpKLkA4J1WqmjTSLw,Specialty Food,29.9813121,-90.1103031,-3188.409001,2761.868471,New Orleans,LA,4.0,35,1,2,false,false,,,,,,"{""Monday"": ""9:0-20:0"", ""Tuesday"": ""9:0-20:0"", ""Wednesday"": ""9:0-20:0"", ""Thursday"": ""9:0-20:0"", ""Friday"": ""9:0-20:0"", ""Saturday"": ""9:0-20:0"", ""Sunday"": ""10:0-19:0""}"
TlOny11Jn2puIFat3a7Zhw__fast_food,TlOny11Jn2puIFat3a7Zhw,Popeyes Louisiana Kitchen,Fast Food,TlOny11Jn2puIFat3a7Zhw,Fast Food,29.9893710,-90.0723566,467.359824,3657.979015,New Orleans,LA,2.0,15,1,1,true,true,false,true,,no,,"{""Monday"": ""10:0-1:0"", ""Tuesday"": ""10:0-1:0"", ""Wednesday"": ""10:0-1:0"", ""Thursday"": ""10:0-1:0"", ""Friday"": ""10:0-1:0"", ""Saturday"": ""10:0-1:0"", ""Sunday"": ""10:0-1:0""}"
zV_tX3gSMon0Hqp8TH3Xsg__specialty_food,zV_tX3gSMon0Hqp8TH3Xsg,District Donut & Coffee Bar,Specialty Food,zV_tX3gSMon0Hqp8TH3Xsg,Specialty Food,29.9214120,-90.1178170,-3912.293613,-3898.727443,New Orleans,LA,4.0,97,1,2,true,true,true,true,none,free,classy,"{""Monday"": ""7:0-14:0"", ""Tuesday"": ""7:0-14:0"", ""Wednesday"": ""7:0-14:0"", ""Thursday"": ""7:0-14:0"", ""Friday"": ""7:0-14:0"", ""Saturday"": ""7:0-14:0"", ""Sunday"": ""7:0-14:0""}"
pqtyo2awBYXAF9Bx00lgzg__fitness_and_instruction,pqtyo2awBYXAF9Bx00lgzg,Salire Fitness & Wellness,Fitness & Instruction,pqtyo2awBYXAF9Bx00lgzg,Fitness & Instruction,29.9709564,-90.0925522,-1478.283654,1610.360575,New Orleans,LA,4.5,7,1,,,,,false,,,,"{""Monday"": ""5:30-20:0"", ""Tuesday"": ""5:30-20:0"", ""Wednesday"": ""5:30-20:0"", ""Thursday"": ""5:30-20:0"", ""Friday"": ""5:30-20:0"", ""Saturday"": ""9:0-11:0""}"
8UPv1p9GW-BiZtQqUt8nOA__seafood,8UPv1p9GW-BiZtQqUt8nOA,Neyow's Creole Cafe,Seafood,8UPv1p9GW-BiZtQqUt8nOA,Seafood,29.9713325,-90.0923851,-1462.185071,1652.186560,New Orleans,LA,4.0,1646,1,2,true,,true,true,full_bar,no,casual|classy,"{""Monday"": ""0:0-0:0"", ""Tuesday"": ""11:0-21:0"", ""Wednesday"": ""11:0-21:0"", ""Thursday"": ""11:0-21:0"", ""Friday"": ""11:0-23:0"", ""Saturday"": ""11:0-23:0"", ""Sunday"": ""11:0-19:0""}"
HwpuHxn5v5KLb4qZ1zLUKA__fitness_and_instruction,HwpuHxn5v5KLb4qZ1zLUKA,Archer Chiropractic,Fitness & Instruction,HwpuHxn5v5KLb4qZ1zLUKA,Fitness & Instruction,29.9755925,-90.1029520,-2480.199925,2125.877602,New Orleans,LA,5.0,35,1,,,,,,,,,"{""Monday"": ""9:0-18:0"", ""Tuesday"": ""9:0-18:0"", ""Wednesday"": ""9:0-18:0"", ""Thursday"": ""9:0-18:0""}"
dju1isgEvDd74tLTDkk5DA__american_(new),dju1isgEvDd74tLTDkk5DA,Gautreau's Restaurant,American (New),dju1isgEvDd74tLTDkk5DA,American (New),29.9299020,-90.1097052,-3130.805020,-2954.683146,New Orleans,LA,4.0,188,1,3,false,false,false,false,full_bar,no,classy|romantic,"{""Tuesday"": ""17:30-21:30"", ""Wednesday"": ""17:30-21:30"", ""Thursday"": ""17:30-21:30"", ""Friday"": ""17:30-21:30"", ""Saturday"": ""17:30-21:30""}"
7kalppAJfFqK0UvvHTlHeQ__cajun_creole,7kalppAJfFqK0UvvHTlHeQ,Cafe Giovanni,Cajun/Creole,7kalppAJfFqK0UvvHTlHeQ,Cajun/Creole,29.9523901,-90.0670795,975.753989,-454.118452,New Orleans,LA,3.5,168,0,2,true,false,false,false,full_bar,no,romantic,"{""Monday"": ""17:30-22:0"", ""Tuesday"": ""17:30-22:0"", ""Wednesday"": ""17:30-22:0"", ""Thursday"": ""17:30-22:0"", ""Friday"": ""17:30-23:0"", ""Saturday"": ""17:30-23:0"", ""Sunday"": ""17:30-22:0""}"
Apz4sB97NRa7iTPpznQLFA__cocktail_bars,Apz4sB97NRa7iTPpznQLFA,Longway Tavern,Cocktail Bars,Apz4sB97NRa7iTPpznQLFA,Cocktail Bars,29.9575855,-90.0658138,1097.691675,123.584534,New Orleans,LA,4.5,128,0,2,true,false,true,false,full_bar,free,classy,"{""Monday"": ""0:0-0:0"", ""Tuesday"": ""16:0-23:0"", ""Wednesday"": ""16:0-23:0"", ""Thursday"": ""16:0-23:0"", ""Friday"": ""16:0-23:0"", ""Saturday"": ""16:0-23:0"", ""Sunday"": ""16:0-23:0""}"
cQrpOysPJFa3B_WEHsNSqQ__pizza,cQrpOysPJFa3B_WEHsNSqQ,Big Easy Daiquiris,Pizza,cQrpOysPJFa3B_WEHsNSqQ,Pizza,29.9549140,-90.0686580,823.683086,-173.469865,New Orleans,LA,4.0,85,1,1,true,false,false,false,full_bar,no,casual,"{""Monday"": ""15:0-2:0"", ""Tuesday"": ""15:0-2:0"", ""Wednesday"": ""15:0-2:0"", ""Thursday"": ""11:0-2:0"", ""Friday"": ""11:0-3:0"", ""Saturday"": ""11:0-3:0"", ""Sunday"": ""11:0-2:0""}"
jQPg8OKiSVa-fwvd-XGzLQ__venues_and_event_spaces,jQPg8OKiSVa-fwvd-XGzLQ,Evangeline,Venues & Event Spaces,jQPg8OKiSVa-fwvd-XGzLQ,Venues & Event Spaces,29.9542253,-90.0652203,1154.872666,-250.049894,New Orleans,LA,4.0,719,1,2,true,false,true,true,full_bar,no,casual|classy,"{""Wednesday"": ""15:0-20:0"", ""Thursday"": ""15:0-21:0"", ""Friday"": ""15:0-21:0"", ""Saturday"": ""10:0-21:0"", ""Sunday"": ""10:0-20:0""}"
79OES-kMb3VGsdy0nG6G2g__coffee_and_tea,79OES-kMb3VGsdy0nG6G2g,Cafe Luna,Coffee & Tea,79OES-kMb3VGsdy0nG6G2g,Coffee & Tea,29.9217379,-90.1191375,-4039.513677,-3862.487298,New Orleans,LA,4.5,178,0,1,true,true,true,true,none,free,casual|hipster|trendy,"{""Monday"": ""0:0-0:0"", ""Wednesday"": ""8:0-13:0"", ""Thursday"": ""8:0-13:0"", ""Friday"": ""8:0-13:0"", ""Saturday"": ""8:0-13:0"", ""Sunday"": ""8:0-13:0""}"
Jw6WbQpwQYsQRWJN66ZkPw__desserts,Jw6WbQpwQYsQRWJN66ZkPw,Beard Papa's,Desserts,Jw6WbQpwQYsQRWJN66ZkPw,Desserts,29.9203875,-90.1053679,-2712.947664,-4012.646802,New Orleans,LA,4.5,44,1,1,,,,,,,,"{""Monday"": ""10:0-19:0"", ""Tuesday"": ""10:0-19:0"", ""Wednesday"": ""10:0-19:0"", ""Thursday"": ""10:0-19:0"", ""Friday"": ""10:0-20:0"", ""Saturday"": ""10:0-20:0"", ""Sunday"": ""10:0-19:0""}"
eVwoi9IT9u17ALLYE6dNvg__fitness_and_instruction,eVwoi9IT9u17ALLYE6dNvg,New Orleans Boulder Lounge,Fitness & Instruction,eVwoi9IT9u17ALLYE6dNvg,Fitness & Instruction,29.9686064,-90.0527270,2358.471341,1349.061277,New Orleans,LA,4.5,32,1,,,,,true,,,,"{""Monday"": ""0:0-0:0"", ""Tuesday"": ""6:30-22:0"", ""Wednesday"": ""6:30-22:0"", ""Thursday"": ""6:30-22:0"", ""Friday"": ""6:30-16:30"", ""Saturday"": ""9:0-19:0"", ""Sunday"": ""12:0-19:0""}"
1arlX5Ap720gX3Jw9KieTQ__cajun_creole,1arlX5Ap720gX3Jw9KieTQ,Prime Example Jazz Club,Cajun/Creole,1arlX5Ap720gX3Jw9KieTQ,Cajun/Creole,29.9838600,-90.0715790,542.276002,3045.184696,New Orleans,LA,4.5,23,0,2,true,true,true,false,full_bar,,,"{""Monday"": ""16:0-4:0"", ""Tuesday"": ""16:0-4:0"", ""Wednesday"": ""16:0-4:0"", ""Thursday"": ""16:0-4:0"", ""Friday"": ""16:0-4:0"", ""Saturday"": ""19:0-4:0""}"
4rvAW2dFV24sdGcOLWcU5w__american_(traditional),4rvAW2dFV24sdGcOLWcU5w,The Bower,American (Traditional),4rvAW2dFV24sdGcOLWcU5w,American (Traditional),29.9377653,-90.0712579,573.208792,-2080.320937,New Orleans,LA,4.5,41,1,,,,true,,full_bar,,classy|intimate|trendy,"{""Monday"": ""0:0-0:0"", ""Tuesday"": ""16:0-21:0"", ""Wednesday"": ""16:0-21:0"", ""Thursday"": ""16:0-21:0"", ""Friday"": ""16:0-23:0"", ""Saturday"": ""16:0-23:0""}"
gnXN6LuSC3IoMCOtRl8sQw__burgers,gnXN6LuSC3IoMCOtRl8sQw,Empire State Delicatessen,Burgers,gnXN6LuSC3IoMCOtRl8sQw,Burgers,29.9503038,-90.0704606,650.020652,-686.101423,New Orleans,LA,4.0,114,1,2,true,true,false,true,beer_and_wine,no,casual,"{""Monday"": ""0:0-0:0"", ""Tuesday"": ""10:30-15:0"", ""Wednesday"": ""10:30-15:0"", ""Thursday"": ""10:30-15:0"", ""Friday"": ""10:30-15:0""}"
_LgI5387qAmMuS8i6h69cg__american_(new),_LgI5387qAmMuS8i6h69cg,Meril,American (New),_LgI5387qAmMuS8i6h69cg,American (New),29.9465700,-90.0681300,874.550591,-1101.281614,New Orleans,LA,4.0,900,1,2,true,true,true,false,full_bar,free,casual|classy|trendy,"{""Monday"": ""0:0-0:0"", ""Wednesday"": ""17:0-21:0"", ""Thursday"": ""17:0-21:0"", ""Friday"": ""12:0-20:0"", ""Saturday"": ""17:0-22:0"", ""Sunday"": ""17:0-20:0""}"
gjbmwlYUImb2lQBp5LV3KA__american_(new),gjbmwlYUImb2lQBp5LV3KA,Maypop Restaurant,American (New),gjbmwlYUImb2lQBp5LV3KA,American (New),29.9489607,-90.0748742,224.814560,-835.442421,New Orleans,LA,4.5,596,1,2,,,true,false,full_bar,free,casual|trendy,"{""Monday"": ""0:0-0:0"", ""Thursday"": ""16:0-20:30"", ""Friday"": ""16:0-21:30"", ""Saturday"": ""17:0-21:30"", ""Sunday"": ""17:0-23:0""}"
pKANQ7IEEBGiDbyuKaRlUw__cajun_creole,pKANQ7IEEBGiDbyuKaRlUw,Cajun King,Cajun/Creole,pKANQ7IEEBGiDbyuKaRlUw,Cajun/Creole,29.9763164,-90.0765689,61.547199,2206.371721,New Orleans,LA,3.5,17,1,1,true,false,false,true,beer_and_wine,no,,
e5fCI12X_GLCST668S4ROA__breakfast_and_brunch,e5fCI12X_GLCST668S4ROA,The Court of Two Sisters,Breakfast & Brunch,e5fCI12X_GLCST668S4ROA,Breakfast & Brunch,29.9576181,-90.0653889,1138.628089,127.212752,New Orleans,LA,3.5,1827,1,3,,,true,true,full_bar,no,classy,"{""Monday"": ""0:0-0:0"", ""Tuesday"": ""17:30-22:0"", ""Wednesday"": ""17:30-22:0"", ""Thursday"": ""17:30-22:0"", ""Friday"": ""17:30-22:0"", ""Saturday"": ""17:30-22:0"", ""Sunday"": ""17:30-22:0""}"
0eOeiknYEwjFOywy9pe4RQ__southern,0eOeiknYEwjFOywy9pe4RQ,Bubba Gump Shrimp Co.,Southern,0eOeiknYEwjFOywy9pe4RQ,Southern,29.9550496,-90.0645648,1218.022410,-158.393657,New Orleans,LA,3.0,226,0,2,true,false,true,true,full_bar,free,casual,"{""Monday"": ""11:0-21:0"", ""Tuesday"": ""11:0-21:0"", ""Wednesday"": ""11:0-21:0"", ""Thursday"": ""11:0-21:0"", ""Friday"": ""11:0-23:0"", ""Saturday"": ""11:0-23:0"", ""Sunday"": ""11:0-13:0""}"
0UJqTczta018RoktahC0jw__american_(new),0UJqTczta018RoktahC0jw,Kin,American (New),0UJqTczta018RoktahC0jw,American (New),29.9589479,-90.1048913,-2667.032033,275.079970,New Orleans,LA,4.5,372,0,2,true,,true,false,none,no,casual|classy|trendy,"{""Wednesday"": ""13:0-18:0"", ""Thursday"": ""13:0-21:0"", ""Friday"": ""13:0-21:0"", ""Saturday"": ""13:0-21:0""}"
L06VsmH52rINUwS7qBLhqg__fitness_and_instruction,L06VsmH52rINUwS7qBLhqg,Anytime Fitness,Fitness & Instruction,L06VsmH52rINUwS7qBLhqg,Fitness & Instruction,29.9279215,-90.0688552,804.684843,-3174.903068,New Orleans,LA,4.0,9,1,,,,,false,,,,"{""Monday"": ""0:0-0:0"", ""Tuesday"": ""0:0-0:0"", ""Wednesday"": ""0:0-0:0"", ""Thursday"": ""0:0-0:0"", ""Friday"": ""0:0-0:0"", ""Saturday"": ""0:0-0:0"", ""Sunday"": ""0:0-0:0""}"
aH3xlewNKQk5K4mEko6qQQ__pizza,aH3xlewNKQk5K4mEko6qQQ,Midway Pizza,Pizza,aH3xlewNKQk5K4mEko6qQQ,Pizza,29.9350122,-90.1071425,-2883.912579,-2386.452112,New Orleans,LA,4.0,339,1,2,true,true,,true,full_bar,free,casual,"{""Monday"": ""11:30-21:0"", ""Tuesday"": ""11:30-21:0"", ""Wednesday"": ""11:30-21:0"", ""Thursday"": ""11:30-21:0"", ""Friday"": ""11:30-21:30"", ""Saturday"": ""11:30-21:30"", ""Sunday"": ""11:30-21:0""}"
M7Y338g9JFs_0fNR1RA82w__southern,M7Y338g9JFs_0fNR1RA82w,Ole Saint,Southern,M7Y338g9JFs_0fNR1RA82w,Southern,29.9539290,-90.0683631,852.093744,-282.997019,New Orleans,LA,3.5,330,0,2,true,false,false,true,full_bar,free,casual|classy,"{""Monday"": ""6:29-23:0"", ""Tuesday"": ""6:29-23:0"", ""Wednesday"": ""6:29-23:0"", ""Thursday"": ""6:29-23:0"", ""Friday"": ""6:29-23:0"", ""Saturday"": ""6:29-23:0"", ""Sunday"": ""6:29-23:0""}"
kn3KNA0ZjKDWn-aOicyB4A__art_galleries,kn3KNA0ZjKDWn-aOicyB4A,The Art of Dr. Seuss,Art Galleries,kn3KNA0ZjKDWn-aOicyB4A,Art Galleries,29.9550767,-90.0678980,896.902669,-155.374466,New Orleans,LA,3.0,8,1,3,,,,true,,,,"{""Monday"": ""10:0-17:0"", ""Tuesday"": ""10:0-17:0"", ""Wednesday"": ""10:0-17:0"", ""Thursday"": ""10:0-17:0"", ""Friday"": ""10:0-17:0"", ""Saturday"": ""10:0-17:0"", ""Sunday"": ""11:0-17:0""}"
_R7jK46I2j3Laeqe2Y_3jA__beer,_R7jK46I2j3Laeqe2Y_3jA,Fat Harry's,Beer,_R7jK46I2j3Laeqe2Y_3jA,Beer,29.9263272,-90.1014913,-2339.476127,-3352.181384,New Orleans,LA,3.5,99,1,1,true,false,true,false,full_bar,free,casual,"{""Monday"": ""11:0-3:0"", ""Tuesday"": ""11:0-3:0"", ""Wednesday"": ""11:0-3:0"", ""Thursday"": ""11:0-3:0"", ""Friday"": ""11:0-3:0"", ""Saturday"": ""11:0-3:0"", ""Sunday"": ""11:0-3:0""}"
vZKDU7nRGB_5pzJGR12efw__cafes,vZKDU7nRGB_5pzJGR12efw,French Truck Coffee,Cafes,vZKDU7nRGB_5pzJGR12efw,Cafes,29.9493022,-90.0703399,661.648347,-797.471580,New Orleans,LA,4.5,46,1,1,true,false,true,,,free,,"{""Monday"": ""0:0-0:0"", ""Tuesday"": ""7:0-18:0"", ""Wednesday"": ""7:0-18:0"", ""Thursday"": ""7:0-18:0"", ""Friday"": ""7:0-14:0"", ""Saturday"": ""8:0-16:0"", ""Sunday"": ""8:0-16:0""}"
tWjQDKvTjupER5aF3j9hPQ__fast_food,tWjQDKvTjupER5aF3j9hPQ,Jimmy John's,Fast Food,tWjQDKvTjupER5aF3j9hPQ,Fast Food,29.9416217,-90.1290439,-4993.890546,-1651.506895,New Orleans,LA,3.0,31,1,1,true,true,true,true,none,no,,"{""Monday"": ""10:30-22:0"", ""Tuesday"": ""10:30-22:0"", ""Wednesday"": ""10:30-22:0"", ""Thursday"": ""10:30-0:0"", ""Friday"": ""10:30-0:0"", ""Saturday"": ""10:30-0:0"", ""Sunday"": ""10:30-22:0""}"
zljfjg_zTL3ceGi_Vr4OFw__venues_and_event_spaces,zljfjg_zTL3ceGi_Vr4OFw,Sheraton New Orleans Hotel,Venues & Event Spaces,zljfjg_zTL3ceGi_Vr4OFw,Venues & Event Spaces,29.9521458,-90.0681067,876.800005,-481.278729,New Orleans,LA,3.0,673,1,3,false,false,false,,full_bar,free,,"{""Monday"": ""0:0-0:0"", ""Tuesday"": ""0:0-0:0"", ""Wednesday"": ""0:0-0:0"", ""Thursday"": ""0:0-0:0"", ""Friday"": ""0:0-0:0"", ""Saturday"": ""0:0-0:0"", ""Sunday"": ""0:0-0:0""}"
USVgiNCBKLHZKCcSQC8PbA__art_galleries,USVgiNCBKLHZKCcSQC8PbA,The Green Eyed Gator,Art Galleries,USVgiNCBKLHZKCcSQC8PbA,Art Galleries,29.9591626,-90.0624193,1424.719271,298.953553,New Orleans,LA,5.0,5,0,2,,,,true,,,,"{""Monday"": ""12:0-18:0"", ""Thursday"": ""12:0-18:0"", ""Friday"": ""12:0-18:0"", ""Saturday"": ""10:0-18:0"", ""Sunday"": ""10:0-18:0""}"
7GUjQC6k8RcGwySfJcAW_g__american_(new),7GUjQC6k8RcGwySfJcAW_g,M Bistro,American (New),7GUjQC6k8RcGwySfJcAW_g,American (New),29.9549950,-90.0709905,598.970101,-164.463063,New Orleans,LA,3.5,87,1,3,false,false,false,false,full_bar,paid,classy|intimate,"{""Monday"": ""6:0-22:0"", ""Tuesday"": ""6:0-22:0"", ""Wednesday"": ""6:0-22:0"", ""Thursday"": ""6:0-22:0"", ""Friday"": ""6:0-22:0"", ""Saturday"": ""6:0-22:0"", ""Sunday"": ""6:0-22:0""}"
g6beRRbJQlss23pF2UuGxg__seafood,g6beRRbJQlss23pF2UuGxg,WeGo Wings,Seafood,g6beRRbJQlss23pF2UuGxg,Seafood,29.9635862,-90.0939164,-1609.710471,790.836110,New Orleans,LA,4.5,7,0,,true,false,,,,,,"{""Monday"": ""11:0-19:0"", ""Tuesday"": ""11:0-19:0"", ""Wednesday"": ""11:0-19:0"", ""Thursday"": ""11:0-19:0"", ""Friday"": ""11:0-19:0""}"
XfIHR_6duc9WqhGV-ENrpg__sandwiches,XfIHR_6duc9WqhGV-ENrpg,The Grocery,Sandwiches,XfIHR_6duc9WqhGV-ENrpg,Sandwiches,29.9300474,-90.0870751,-950.619818,-2938.513447,New Orleans,LA,4.0,139,0,1,true,false,true,true,beer_and_wine,no,casual,
2DTkzhmMpv5fIPKheePClA__desserts,2DTkzhmMpv5fIPKheePClA,Shaya,Desserts,2DTkzhmMpv5fIPKheePClA,Desserts,29.9211379,-90.0995590,-2153.318398,-3929.206014,New Orleans,LA,4.5,1433,1,2,true,true,true,false,full_bar,no,classy|trendy,"{""Monday"": ""12:0-21:0"", ""Tuesday"": ""12:0-21:0"", ""Wednesday"": ""12:0-21:0"", ""Thursday"": ""12:0-21:0"", ""Friday"": ""12:0-22:0"", ""Saturday"": ""12:0-22:0"", ""Sunday"": ""12:0-21:0""}"
jqizXUuIQmSZ2gloidWUMw__southern,jqizXUuIQmSZ2gloidWUMw,Angeline,Southern,jqizXUuIQmSZ2gloidWUMw,Southern,29.9604543,-90.0611146,1550.414014,442.588653,New Orleans,LA,4.5,208,0,3,false,false,true,false,full_bar,free,,"{""Wednesday"": ""17:30-22:30"", ""Thursday"": ""17:30-22:30"", ""Friday"": ""17:30-22:30"", ""Saturday"": ""17:30-22:30"", ""Sunday"": ""17:30-22:30""}"
sG-Z7aIlkmKW7EstH1dH5Q__cocktail_bars,sG-Z7aIlkmKW7EstH1dH5Q,Streetcar Cafe,Cocktail Bars,sG-Z7aIlkmKW7EstH1dH5Q,Cocktail Bars,29.9511520,-90.0700070,693.720463,-591.785756,New Orleans,LA,4.5,296,1,2,,false,,true,full_bar,free,,"{""Monday"": ""7:0-15:0"", ""Tuesday"": ""7:0-15:0"", ""Wednesday"": ""7:0-15:0"", ""Thursday"": ""7:0-15:0"", ""Friday"": ""7:0-15:0"", ""Saturday"": ""7:0-15:0"", ""Sunday"": ""7:0-15:0""}"
GzYIDkGgkHa1vghxXGQlJw__cafes,GzYIDkGgkHa1vghxXGQlJw,Q Smokery & Cafe,Cafes,GzYIDkGgkHa1vghxXGQlJw,Cafes,29.9488459,-90.0767686,42.308810,-848.207571,New Orleans,LA,3.5,21,0,1,true,false,false,true,none,no,casual,"{""Monday"": ""11:0-14:0"", ""Tuesday"": ""11:0-14:0"", ""Wednesday"": ""11:0-14:0"", ""Thursday"": ""11:0-14:0"", ""Friday"": ""11:0-14:0""}"
N7fhUHzVMlt38MBs1hBj4A__art_galleries,N7fhUHzVMlt38MBs1hBj4A,Material Life,Art Galleries,N7fhUHzVMlt38MBs1hBj4A,Art Galleries,29.9764599,-90.0762632,90.998329,2222.328215,New Orleans,LA,5.0,5,0,,,,,,,,,"{""Wednesday"": ""12:0-18:0"", ""Thursday"": ""12:0-18:0"", ""Friday"": ""12:0-18:0"", ""Saturday"": ""12:0-18:0""}"
1S8IRBk4uIhm_KZri7VTqA__seafood,1S8IRBk4uIhm_KZri7VTqA,Mr. Potato,Seafood,1S8IRBk4uIhm_KZri7VTqA,Seafood,29.9625015,-90.0926280,-1485.586050,670.223997,New Orleans,LA,3.5,38,1,,true,true,false,,,,,"{""Tuesday"": ""11:0-20:0"", ""Wednesday"": ""11:0-20:0"", ""Thursday"": ""11:0-20:0"", ""Friday"": ""11:0-20:0"", ""Saturday"": ""11:0-20:0"", ""Sunday"": ""12:0-19:0""}"
036_95rJbB7PvCHfkCL6Nw__american_(traditional),036_95rJbB7PvCHfkCL6Nw,Johnny White's Pub & Grill,American (Traditional),036_95rJbB7PvCHfkCL6Nw,American (Traditional),29.9588670,-90.0652891,1148.242819,266.084288,New Orleans,LA,3.0,199,0,2,true,false,true,false,full_bar,no,casual|touristy,"{""Thursday"": ""16:0-23:0"", ""Friday"": ""16:0-23:0"", ""Saturday"": ""16:0-23:0"", ""Sunday"": ""16:0-23:0""}"
cFbwvobRxKIwoTSG-6THrQ__southern,cFbwvobRxKIwoTSG-6THrQ,Big Momma's Chicken & Waffles,Southern,cFbwvobRxKIwoTSG-6THrQ,Southern,30.0284032,-89.9916586,8241.803150,7998.167626,New Orleans,LA,3.5,23,0,1,true,false,false,true,none,free,casual,"{""Monday"": ""8:0-20:0"", ""Tuesday"": ""8:0-20:0"", ""Wednesday"": ""8:0-20:0"", ""Thursday"": ""8:0-20:0"", ""Friday"": ""8:0-20:0"", ""Saturday"": ""8:0-20:0"", ""Sunday"": ""8:0-15:0""}"
xpxot30FwP55-KHEkZw4eQ__pizza,xpxot30FwP55-KHEkZw4eQ,Domino's Pizza,Pizza,xpxot30FwP55-KHEkZw4eQ,Pizza,29.9768413,-90.0977035,-1974.559580,2264.738018,New Orleans,LA,1.5,48,1,1,true,true,false,true,none,no,classy,"{""Monday"": ""10:30-0:0"", ""Tuesday"": ""10:30-0:0"", ""Wednesday"": ""10:30-0:0"", ""Thursday"": ""10:30-0:0"", ""Friday"": ""10:30-1:0"", ""Saturday"": ""10:30-1:0"", ""Sunday"": ""10:30-0:0""}"
VHAfSIxcdmpQOTD0_ofbfw__desserts,VHAfSIxcdmpQOTD0_ofbfw,Velvet,Desserts,VHAfSIxcdmpQOTD0_ofbfw,Desserts,29.9214322,-90.1178435,-3914.842557,-3896.484660,New Orleans,LA,4.5,80,0,2,true,false,true,false,none,no,casual|hipster,
XJE53HYQbXlT5vhyVDBoxw__cajun_creole,XJE53HYQbXlT5vhyVDBoxw,Saint John,Cajun/Creole,XJE53HYQbXlT5vhyVDBoxw,Cajun/Creole,29.9602859,-90.0598063,1676.455619,423.858987,New Orleans,LA,4.0,41,1,,false,false,true,,full_bar,,classy|upscale,"{""Wednesday"": ""11:0-21:0"", ""Thursday"": ""11:0-21:0"", ""Friday"": ""11:0-22:0"", ""Saturday"": ""11:0-22:0"", ""Sunday"": ""11:0-21:0""}"
8ExY29Snqhel-301WOzwsQ__american_(new),8ExY29Snqhel-301WOzwsQ,WOW Cafe - Tulane & Galvez,American (New),8ExY29Snqhel-301WOzwsQ,American (New),29.9591476,-90.0852715,-776.861632,297.284526,New Orleans,LA,4.0,5,0,2,true,false,false,true,full_bar,free,,"{""Monday"": ""10:30-21:0"", ""Tuesday"": ""10:30-21:0"", ""Wednesday"": ""10:30-21:0"", ""Thursday"": ""10:30-21:0"", ""Friday"": ""10:30-21:0"", ""Saturday"": ""10:30-21:0"", ""Sunday"": ""10:30-21:0""}"
BezqD-P5BBzUJcmBc0Xcfw__cajun_creole,BezqD-P5BBzUJcmBc0Xcfw,Rendez-vous creole restaurant,Cajun/Creole,BezqD-P5BBzUJcmBc0Xcfw,Cajun/Creole,29.9238403,-90.0149929,5993.777334,-3628.712429,New Orleans,LA,4.0,7,1,,true,true,,,full_bar,,,"{""Monday"": ""11:45-21:0"", ""Tuesday"": ""11:45-21:0"", ""Wednesday"": ""11:45-21:0"", ""Thursday"": ""11:45-21:0"", ""Friday"": ""11:45-22:30"", ""Saturday"": ""11:45-23:0"", ""Sunday"": ""11:45-21:0""}"
W5q0QAtHSeGQyQ9ddXF0Tg__cocktail_bars,W5q0QAtHSeGQyQ9ddXF0Tg,Jester Mardi Gras Daiquiris,Cocktail Bars,W5q0QAtHSeGQyQ9ddXF0Tg,Cocktail Bars,29.9547760,-90.0689660,794.010375,-188.814786,New Orleans,LA,2.5,91,1,2,,,false,,full_bar,,touristy,"{""Monday"": ""10:30-3:0"", ""Tuesday"": ""10:30-3:0"", ""Wednesday"": ""10:30-3:0"", ""Thursday"": ""10:30-4:0"", ""Friday"": ""10:30-5:0"", ""Saturday"": ""10:30-5:0""}"
PZCmto_D3-BRRpp25yI_iw__seafood,PZCmto_D3-BRRpp25yI_iw,We Never Close PO-Boys,Seafood,PZCmto_D3-BRRpp25yI_iw,Seafood,30.0187997,-89.9665875,10657.152230,6930.305673,New Orleans,LA,3.0,20,0,1,true,false,true,true,none,no,,
UqIBIYnI756BrOf0JMtlfw__cocktail_bars,UqIBIYnI756BrOf0JMtlfw,The Library,Cocktail Bars,UqIBIYnI756BrOf0JMtlfw,Cocktail Bars,29.9260670,-90.0940442,-1622.022719,-3381.114344,New Orleans,LA,4.0,60,0,2,true,true,true,,full_bar,free,casual|divey|trendy,"{""Monday"": ""17:0-0:0"", ""Tuesday"": ""17:0-0:0"", ""Wednesday"": ""17:0-0:0"", ""Thursday"": ""17:0-0:0"", ""Friday"": ""17:0-3:0"", ""Saturday"": ""12:0-3:0"", ""Sunday"": ""13:0-0:0""}"
0wZJkj-OnZ7Pmublspl7tA__pizza,0wZJkj-OnZ7Pmublspl7tA,Vieux Carre Pizza,Pizza,0wZJkj-OnZ7Pmublspl7tA,Pizza,29.9569575,-90.0666764,1014.590375,53.757282,New Orleans,LA,4.0,506,1,1,true,true,,true,none,no,casual,"{""Monday"": ""11:0-2:0"", ""Tuesday"": ""11:0-2:0"", ""Wednesday"": ""11:0-2:0"", ""Thursday"": ""11:0-2:0"", ""Friday"": ""15:0-3:0"", ""Saturday"": ""11:0-3:0"", ""Sunday"": ""11:0-2:0""}"
Ge9amPrOICifI-dVbaZmEQ__burgers,Ge9amPrOICifI-dVbaZmEQ,Tom Foolery's Spirits & Cookery,Burgers,Ge9amPrOICifI-dVbaZmEQ,Burgers,29.9610039,-90.0583147,1820.156649,503.697355,New Orleans,LA,4.5,12,0,2,,,true,,full_bar,,casual,
0169EQn9SEi1bocoX5Ps1w__beer,0169EQn9SEi1bocoX5Ps1w,Rainbow Grocery,Beer,0169EQn9SEi1bocoX5Ps1w,Beer,29.9205661,-90.1071195,-2881.696759,-3992.787361,New Orleans,LA,4.5,21,1,1,true,false,false,,full_bar,,,"{""Monday"": ""7:0-2:0"", ""Tuesday"": ""7:0-2:0"", ""Wednesday"": ""7:0-2:0"", ""Thursday"": ""7:0-2:0"", ""Friday"": ""7:0-2:0"", ""Saturday"": ""7:0-2:0"", ""Sunday"": ""7:0-2:0""}"
lkViWrwOjLTv0JWq10S59g__desserts,lkViWrwOjLTv0JWq10S59g,Mister Apple,Desserts,lkViWrwOjLTv0JWq10S59g,Desserts,29.9524950,-90.0656410,1114.340782,-442.450764,New Orleans,LA,4.0,182,1,2,true,true,,,none,no,,"{""Monday"": ""10:0-20:0"", ""Tuesday"": ""10:0-0:30"", ""Wednesday"": ""10:0-20:0"", ""Thursday"": ""10:0-20:0"", ""Friday"": ""10:0-21:0"", ""Saturday"": ""10:0-23:0"", ""Sunday"": ""10:0-21:0""}"
tyfAxYsomnzygfyeZxbL_Q__southern,tyfAxYsomnzygfyeZxbL_Q,Mosquito Supper Club,Southern,tyfAxYsomnzygfyeZxbL_Q,Southern,29.9297280,-90.0969400,-1901.004011,-2974.029155,New Orleans,LA,4.0,30,1,3,false,false,true,false,none,,,
1ErxDTi1i0hYlxGCwvz65Q__fitness_and_instruction,1ErxDTi1i0hYlxGCwvz65Q,New Orleans School of Burlesque,Fitness & Instruction,1ErxDTi1i0hYlxGCwvz65Q,Fitness & Instruction,29.9618434,-90.0670441,979.166167,597.045324,New Orleans,LA,5.0,5,1,,,,,false,,,,
sNlXllrga85g6vUQSVGl9g__american_(traditional),sNlXllrga85g6vUQSVGl9g,Chais Delachaise,American (Traditional),sNlXllrga85g6vUQSVGl9g,American (Traditional),29.9419822,-90.1297749,-5064.314025,-1611.426161,New Orleans,LA,4.0,108,1,2,true,false,true,false,full_bar,free,casual|romantic|trendy|upscale,"{""Monday"": ""0:0-0:0"", ""Wednesday"": ""15:0-21:0"", ""Thursday"": ""15:0-21:0"", ""Friday"": ""11:0-22:0"", ""Saturday"": ""11:0-22:0"", ""Sunday"": ""11:0-21:0""}"
DC5T3tcYfscu46ovomueWg__american_(traditional),DC5T3tcYfscu46ovomueWg,Red Eye Grill,American (Traditional),DC5T3tcYfscu46ovomueWg,American (Traditional),29.9437565,-90.0655152,1126.460351,-1414.128972,New Orleans,LA,3.0,54,1,1,true,false,false,false,full_bar,paid,divey,
UE_H65QtLPL03dujmDK8uw__venues_and_event_spaces,UE_H65QtLPL03dujmDK8uw,Mahalia Jackson Theater For The Performing Arts,Venues & Event Spaces,UE_H65QtLPL03dujmDK8uw,Venues & Event Spaces,29.9631466,-90.0694039,751.822176,741.955242,New Orleans,LA,3.5,51,1,2,,,false,true,full_bar,,classy,"{""Monday"": ""10:0-17:0"", ""Tuesday"": ""10:0-17:0"", ""Wednesday"": ""10:0-17:0"", ""Thursday"": ""10:0-17:0"", ""Friday"": ""10:0-17:0""}"
NHpBHlHYekPKsWxw-AOzCg__southern,NHpBHlHYekPKsWxw-AOzCg,Le Petit Bistro,Southern,NHpBHlHYekPKsWxw-AOzCg,Southern,29.9857903,-90.2544028,-17070.967037,3259.817954,New Orleans,LA,1.5,18,1,2,true,false,false,true,,free,,
_6Y3SxBvr_NUDBI0eLowLA__sandwiches,_6Y3SxBvr_NUDBI0eLowLA,A Fork in the Road,Sandwiches,_6Y3SxBvr_NUDBI0eLowLA,Sandwiches,29.9314330,-90.1329430,-5369.532034,-2784.441543,New Orleans,LA,3.0,7,0,1,true,false,true,true,none,no,,
fcd5eppoT90cvrb6O3EG_A__seafood,fcd5eppoT90cvrb6O3EG_A,Messina's Seafood & Po-Boys,Seafood,fcd5eppoT90cvrb6O3EG_A,Seafood,29.9494270,-90.0627999,1388.052278,-783.597270,New Orleans,LA,3.0,15,1,1,true,false,true,true,none,,,
MziuWnUVrnx8R4J4e_QOrQ__burgers,MziuWnUVrnx8R4J4e_QOrQ,Green Room Kukhnya,Burgers,MziuWnUVrnx8R4J4e_QOrQ,Burgers,29.9693018,-90.0637369,1297.781724,1426.382711,New Orleans,LA,4.5,18,1,,true,false,true,,full_bar,free,,"{""Monday"": ""16:0-22:0"", ""Wednesday"": ""16:0-22:0"", ""Thursday"": ""16:0-22:0"", ""Friday"": ""16:0-22:0"", ""Saturday"": ""16:0-22:0"", ""Sunday"": ""16:0-22:0""}"
7lyfHKU9IBDrXdFIGc7Grw__art_galleries,7lyfHKU9IBDrXdFIGc7Grw,Potsalot Pottery,Art Galleries,7lyfHKU9IBDrXdFIGc7Grw,Art Galleries,29.9211411,-90.0945904,-1674.643612,-3928.850190,New Orleans,LA,5.0,6,1,2,,,,true,,,,"{""Monday"": ""0:0-0:0"", ""Wednesday"": ""11:0-17:0"", ""Thursday"": ""11:0-17:0"", ""Friday"": ""11:0-17:0"", ""Saturday"": ""11:0-17:0""}"
tk2kG_HL54lqiue6-pXQdQ__cafes,tk2kG_HL54lqiue6-pXQdQ,Messina's Runway Cafe,Cafes,tk2kG_HL54lqiue6-pXQdQ,Cafes,30.0359790,-90.0256720,4964.953136,8840.559315,New Orleans,LA,4.0,111,1,2,true,false,false,true,full_bar,free,,"{""Tuesday"": ""11:0-15:0"", ""Wednesday"": ""11:0-15:0"", ""Thursday"": ""11:0-15:0"", ""Friday"": ""11:0-15:0"", ""Saturday"": ""8:0-15:30"", ""Sunday"": ""8:0-15:0""}"
kcmcPiFmVHONnIlwnZNkSg__fitness_and_instruction,kcmcPiFmVHONnIlwnZNkSg,Iron Tribe Fitness - Downtown Nola,Fitness & Instruction,kcmcPiFmVHONnIlwnZNkSg,Fitness & Instruction,29.9448073,-90.0728880,416.165003,-1297.285182,New Orleans,LA,4.0,7,1,,,,,false,,,,"{""Monday"": ""5:0-19:0"", ""Tuesday"": ""5:0-19:0"", ""Wednesday"": ""5:0-19:0"", ""Thursday"": ""5:0-19:0"", ""Friday"": ""5:0-19:0"", ""Saturday"": ""5:0-19:0"", ""Sunday"": ""5:0-19:0""}"
NjmJ2sbcj3v9K98sNj2OAA__beer,NjmJ2sbcj3v9K98sNj2OAA,Sainte Marie,Beer,NjmJ2sbcj3v9K98sNj2OAA,Beer,29.9501394,-90.0740803,301.298854,-704.381895,New Orleans,LA,4.0,52,0,3,true,false,false,false,full_bar,free,trendy,"{""Monday"": ""11:0-22:0"", ""Tuesday"": ""11:0-22:0"", ""Wednesday"": ""11:0-22:0"", ""Thursday"": ""11:0-22:0"", ""Friday"": ""11:0-23:0"", ""Saturday"": ""16:0-23:0""}"
pSdCjt0waaO5ftFxtuyEDg__seafood,pSdCjt0waaO5ftFxtuyEDg,Le Bayou,Seafood,pSdCjt0waaO5ftFxtuyEDg,Seafood,29.9572555,-90.0670177,981.709543,86.893416,New Orleans,LA,3.5,150,1,2,true,true,true,false,full_bar,free,casual|touristy|trendy,"{""Thursday"": ""11:0-1:0"", ""Friday"": ""11:0-2:0"", ""Saturday"": ""11:0-2:0"", ""Sunday"": ""11:0-1:0""}"
ZU6VpnhBBQJ78-zaNXYutw__burgers,ZU6VpnhBBQJ78-zaNXYutw,TJ Gourmet,Burgers,ZU6VpnhBBQJ78-zaNXYutw,Burgers,29.9535250,-90.0747497,236.808877,-327.919831,New Orleans,LA,3.0,5,1,,true,true,true,,,,,"{""Monday"": ""11:0-20:0"", ""Tuesday"": ""11:0-20:0"", ""Wednesday"": ""11:0-20:0"", ""Thursday"": ""11:0-20:0"", ""Friday"": ""11:0-20:0"", ""Saturday"": ""11:0-20:0""}"
TBh1o90Sc-5vpiuUc8IRUA__seafood,TBh1o90Sc-5vpiuUc8IRUA,Island Flavor Bar & Grill,Seafood,TBh1o90Sc-5vpiuUc8IRUA,Seafood,30.0208430,-89.9608357,11211.278065,7157.513516,New Orleans,LA,5.0,6,1,,,,,,,,,
ww3YJXu5c18aGZXWmm00qg__southern,ww3YJXu5c18aGZXWmm00qg,Café Amelie,Southern,ww3YJXu5c18aGZXWmm00qg,Southern,29.9598673,-90.0629027,1378.148529,377.312726,New Orleans,LA,4.5,2756,1,2,true,,true,true,full_bar,no,classy|romantic,"{""Thursday"": ""17:0-21:0"", ""Friday"": ""17:0-21:0"", ""Saturday"": ""17:0-21:0"", ""Sunday"": ""18:0-20:0""}"
EbLbT1sR9myTqzjF4mHrTw__venues_and_event_spaces,EbLbT1sR9myTqzjF4mHrTw,The Civic Theatre,Venues & Event Spaces,EbLbT1sR9myTqzjF4mHrTw,Venues & Event Spaces,29.9495145,-90.0741628,293.350806,-773.867700,New Orleans,LA,3.5,31,1,2,,,,false,full_bar,,,"{""Friday"": ""12:0-18:0""}"
0JlxuzzDo1Sv89S9ApI9Ng__sandwiches,0JlxuzzDo1Sv89S9ApI9Ng,Lost Love Lounge,Sandwiches,0JlxuzzDo1Sv89S9ApI9Ng,Sandwiches,29.9660415,-90.0511120,2514.064240,1063.853391,New Orleans,LA,4.0,129,0,1,true,false,false,false,full_bar,free,divey,"{""Monday"": ""14:0-2:0"", ""Tuesday"": ""14:0-2:0"", ""Wednesday"": ""14:0-2:0"", ""Thursday"": ""14:0-2:0"", ""Friday"": ""14:0-2:0"", ""Saturday"": ""12:0-2:0"", ""Sunday"": ""12:0-2:0""}"
r3J3MIO7FPBSVuznlV2gFw__venues_and_event_spaces,r3J3MIO7FPBSVuznlV2gFw,Royal Frenchmen Hotel & Bar,Venues & Event Spaces,r3J3MIO7FPBSVuznlV2gFw,Venues & Event Spaces,29.9646406,-90.0579468,1855.602196,908.080703,New Orleans,LA,4.0,57,1,3,,,,,,free,,"{""Monday"": ""0:0-0:0"", ""Tuesday"": ""0:0-0:0"", ""Wednesday"": ""0:0-0:0"", ""Thursday"": ""0:0-0:0"", ""Friday"": ""0:0-0:0"", ""Saturday"": ""0:0-0:0"", ""Sunday"": ""0:0-0:0""}"
ptCBKY_Fx_131GwQFRzvAg__seafood,ptCBKY_Fx_131GwQFRzvAg,Catch,Seafood,ptCBKY_Fx_131GwQFRzvAg,Seafood,29.9236516,-90.0871516,-957.989826,-3649.694941,New Orleans,LA,2.0,14,0,2,true,false,true,false,full_bar,,,
GG-DeOjnmu4V_opx-MIfvA__desserts,GG-DeOjnmu4V_opx-MIfvA,The Melting Pot - New Orleans,Desserts,GG-DeOjnmu4V_opx-MIfvA,Desserts,29.9357317,-90.0779791,-74.307730,-2306.451489,New Orleans,LA,3.5,128,0,3,false,false,false,true,full_bar,no,classy|intimate|romantic,"{""Monday"": ""17:0-22:0"", ""Tuesday"": ""17:0-22:0"", ""Wednesday"": ""17:0-22:0"", ""Thursday"": ""17:0-22:0"", ""Friday"": ""17:0-23:0"", ""Saturday"": ""17:0-23:0"", ""Sunday"": ""16:0-21:0""}"
LM-GRIDsDrH9jx6-rYXIoQ__fast_food,LM-GRIDsDrH9jx6-rYXIoQ,Waffle House,Fast Food,LM-GRIDsDrH9jx6-rYXIoQ,Fast Food,29.9885600,-90.0589500,1758.951537,3567.799805,New Orleans,LA,2.0,50,1,1,true,false,false,true,none,no,divey,"{""Monday"": ""0:0-0:0"", ""Tuesday"": ""0:0-0:0"", ""Wednesday"": ""0:0-0:0"", ""Thursday"": ""0:0-0:0"", ""Friday"": ""0:0-0:0"", ""Saturday"": ""0:0-0:0"", ""Sunday"": ""0:0-0:0""}"
900VYF8eLWoFt2FlMQ_gyA__cafes,900VYF8eLWoFt2FlMQ_gyA,Phillys Cafe,Cafes,900VYF8eLWoFt2FlMQ_gyA,Cafes,29.9418183,-90.0947971,-1694.557084,-1629.647277,New Orleans,LA,3.5,28,1,1,true,false,false,true,none,no,,
vikJ3jEKEArKFL0ct8ceeA__pizza,vikJ3jEKEArKFL0ct8ceeA,Dona's Pizza,Pizza,vikJ3jEKEArKFL0ct8ceeA,Pizza,29.9693909,-90.0521636,2412.753125,1436.290193,New Orleans,LA,4.5,6,0,,true,false,true,,none,free,,"{""Monday"": ""8:0-14:0"", ""Tuesday"": ""8:0-14:0"", ""Wednesday"": ""8:0-14:0"", ""Thursday"": ""8:0-14:0"", ""Friday"": ""8:0-14:0""}"
CVmzqrekI1iYHio8pTyTpA__breakfast_and_brunch,CVmzqrekI1iYHio8pTyTpA,Surrey's Uptown,Breakfast & Brunch,CVmzqrekI1iYHio8pTyTpA,Breakfast & Brunch,29.9207030,-90.1063990,-2812.283809,-3977.564754,New Orleans,LA,4.0,466,1,2,true,false,true,true,none,no,casual,"{""Monday"": ""8:0-15:0"", ""Thursday"": ""8:0-15:0"", ""Friday"": ""8:0-15:0"", ""Saturday"": ""8:0-15:0"", ""Sunday"": ""8:0-15:0""}"
k0DuXgR8uCj1MjhclnskYQ__fitness_and_instruction,k0DuXgR8uCj1MjhclnskYQ,Swan River Yoga,Fitness & Instruction,k0DuXgR8uCj1MjhclnskYQ,Fitness & Instruction,29.9638553,-90.0516867,2458.697658,820.758706,New Orleans,LA,4.5,5,0,,,,,false,,,,
7eguS2DuAG-4B9EAHAP5Dw__sandwiches,7eguS2DuAG-4B9EAHAP5Dw,FredRicks Deli,Sandwiches,7eguS2DuAG-4B9EAHAP5Dw,Sandwiches,29.9511110,-90.0699290,701.234981,-596.344755,New Orleans,LA,4.0,35,0,1,true,false,true,true,full_bar,free,divey,"{""Monday"": ""7:0-18:0"", ""Tuesday"": ""7:0-18:0"", ""Wednesday"": ""7:0-18:0"", ""Thursday"": ""7:0-18:0"", ""Friday"": ""7:0-18:0"", ""Saturday"": ""9:0-15:0"", ""Sunday"": ""9:0-15:0""}"
bK5gt7LHnDjCfZnAGuK0ig__cafes,bK5gt7LHnDjCfZnAGuK0ig,Park Island Brew,Cafes,bK5gt7LHnDjCfZnAGuK0ig,Cafes,29.9827495,-90.0768032,38.974744,2921.700791,New Orleans,LA,5.0,48,1,,true,false,true,,none,free,,"{""Monday"": ""7:0-17:0"", ""Tuesday"": ""7:0-17:0"", ""Wednesday"": ""7:0-17:0"", ""Thursday"": ""7:0-17:0"", ""Friday"": ""7:0-17:0"", ""Saturday"": ""7:0-17:0"", ""Sunday"": ""8:0-16:0""}"
vdeufYje-p9Xr6gxm0U0vw__pizza,vdeufYje-p9Xr6gxm0U0vw,Willie's Pizza Joint,Pizza,vdeufYje-p9Xr6gxm0U0vw,Pizza,29.9583407,-90.0657538,1103.473634,207.562317,New Orleans,LA,3.5,24,1,,true,,,,,,,
aOQxfwzQIHclkeg1jH0NBQ__cocktail_bars,aOQxfwzQIHclkeg1jH0NBQ,The Organic Banana,Cocktail Bars,aOQxfwzQIHclkeg1jH0NBQ,Cocktail Bars,29.9602750,-90.0586175,1790.988846,422.652420,New Orleans,LA,4.0,189,1,1,true,false,true,true,full_bar,no,casual|touristy,"{""Monday"": ""10:0-17:30"", ""Tuesday"": ""10:0-17:30"", ""Wednesday"": ""10:0-17:30"", ""Thursday"": ""10:0-17:30"", ""Friday"": ""10:0-17:30"", ""Saturday"": ""10:0-17:30"", ""Sunday"": ""10:0-17:30""}"
3ibMYVTOzINogrRZHpfRPg__pizza,3ibMYVTOzINogrRZHpfRPg,Viva Las Vegan,Pizza,3ibMYVTOzINogrRZHpfRPg,Pizza,29.9430676,-90.1012806,-2319.178326,-1490.735911,New Orleans,LA,5.0,5,1,,,,,,,,,
J5wx3AY-jkOqt4sTDq2uGQ__southern,J5wx3AY-jkOqt4sTDq2uGQ,Little Gem Saloon,Southern,J5wx3AY-jkOqt4sTDq2uGQ,Southern,29.9508890,-90.0750860,204.409744,-621.030062,New Orleans,LA,3.5,214,0,2,true,false,true,false,full_bar,free,classy,"{""Monday"": ""0:0-0:0"", ""Tuesday"": ""17:0-22:0"", ""Wednesday"": ""17:0-22:0"", ""Thursday"": ""17:0-22:0"", ""Friday"": ""17:0-22:0"", ""Saturday"": ""18:0-23:0"", ""Sunday"": ""11:30-14:30""}"
VPZY6vzompsA69myzmQDgg__coffee_and_tea,VPZY6vzompsA69myzmQDgg,Starbucks,Coffee & Tea,VPZY6vzompsA69myzmQDgg,Coffee & Tea,29.9359280,-90.1205050,-4171.255459,-2284.619658,New Orleans,LA,2.0,7,1,2,true,,true,,,free,,"{""Monday"": ""7:0-22:0"", ""Tuesday"": ""7:0-22:0"", ""Wednesday"": ""7:0-22:0"", ""Thursday"": ""7:0-22:0"", ""Friday"": ""7:0-20:0"", ""Saturday"": ""9:0-18:0"", ""Sunday"": ""9:0-22:0""}"
fTBZRd8vCCK3bCqgxNjodA__american_(new),fTBZRd8vCCK3bCqgxNjodA,The Praline Connection Express,American (New),fTBZRd8vCCK3bCqgxNjodA,American (New),29.9634464,-90.0834100,-597.524186,775.291038,New Orleans,LA,1.0,5,0,,,false,,false,,,,
Qlmusk0BBY0kMOd8Y96H4A__cocktail_bars,Qlmusk0BBY0kMOd8Y96H4A,Kingfish,Cocktail Bars,Qlmusk0BBY0kMOd8Y96H4A,Cocktail Bars,29.9550351,-90.0661000,1070.120735,-160.008977,New Orleans,LA,4.0,1088,0,2,true,false,true,true,full_bar,free,classy|trendy,"{""Monday"": ""11:0-22:0"", ""Tuesday"": ""11:0-22:0"", ""Wednesday"": ""9:0-22:0"", ""Thursday"": ""11:0-22:0"", ""Friday"": ""9:0-23:0"", ""Saturday"": ""9:0-23:0"", ""Sunday"": ""9:0-22:0""}"
KbK5TCE04omokSiunLlGgA__cajun_creole,KbK5TCE04omokSiunLlGgA,French Quarter Deli & Grocery,Cajun/Creole,KbK5TCE04omokSiunLlGgA,Cajun/Creole,29.9563663,-90.0679950,887.556488,-11.981249,New Orleans,LA,3.0,9,0,1,true,true,false,false,beer_and_wine,,,
dphONdRK61E2ckjwO_ICPg__venues_and_event_spaces,dphONdRK61E2ckjwO_ICPg,Nola Yoga Loft,Venues & Event Spaces,dphONdRK61E2ckjwO_ICPg,Venues & Event Spaces,29.9302000,-90.0752930,184.467370,-2921.545077,New Orleans,LA,5.0,21,1,,,,,true,,,,"{""Monday"": ""0:0-0:0"", ""Tuesday"": ""18:30-21:30"", ""Wednesday"": ""18:0-19:0"", ""Thursday"": ""18:0-19:0"", ""Friday"": ""16:30-17:30"", ""Saturday"": ""10:0-12:30"", ""Sunday"": ""17:30-19:30""}"
dRhg8Pwh5-8bYqtt8Zuuzw__desserts,dRhg8Pwh5-8bYqtt8Zuuzw,Angeli on Decatur,Desserts,dRhg8Pwh5-8bYqtt8Zuuzw,Desserts,29.9606880,-90.0593860,1716.947309,468.570529,New Orleans,LA,3.5,281,0,2,true,true,false,true,full_bar,no,casual,"{""Monday"": ""11:0-22:0"", ""Tuesday"": ""11:0-22:0"", ""Wednesday"": ""11:0-22:0"", ""Thursday"": ""11:0-0:0"", ""Saturday"": ""11:0-2:0"", ""Sunday"": ""11:0-0:0""}"
t5u0uDavOY6M9qu8FLAs0g__desserts,t5u0uDavOY6M9qu8FLAs0g,Le Viet Cafe,Desserts,t5u0uDavOY6M9qu8FLAs0g,Desserts,29.9343971,-90.0804880,-316.018786,-2454.848206,New Orleans,LA,2.5,36,0,1,true,true,true,true,beer_and_wine,free,casual,"{""Monday"": ""9:0-22:0"", ""Tuesday"": ""10:0-22:0"", ""Wednesday"": ""10:0-22:0"", ""Thursday"": ""10:0-22:0"", ""Friday"": ""10:0-22:0"", ""Saturday"": ""10:0-22:0"", ""Sunday"": ""10:0-22:0""}"
F7BMCfRcG6jNZo4UD9DWyw__fitness_and_instruction,F7BMCfRcG6jNZo4UD9DWyw,Mid City Martial Arts & Fitness Academy,Fitness & Instruction,F7BMCfRcG6jNZo4UD9DWyw,Fitness & Instruction,29.9775187,-90.1115896,-3312.347804,2340.061232,New Orleans,LA,5.0,7,1,,,,,true,,,,"{""Monday"": ""9:0-21:0"", ""Tuesday"": ""6:0-21:0"", ""Wednesday"": ""6:0-21:0"", ""Thursday"": ""6:0-21:0"", ""Friday"": ""9:0-20:0"", ""Saturday"": ""8:30-14:0""}"
Tv5gLZyjnMuEpLvdbE5wGw__cocktail_bars,Tv5gLZyjnMuEpLvdbE5wGw,Rosedale,Cocktail Bars,Tv5gLZyjnMuEpLvdbE5wGw,Cocktail Bars,29.9847082,-90.1085907,-3023.431799,3139.495470,New Orleans,LA,4.0,135,1,2,true,false,true,true,full_bar,,casual,"{""Wednesday"": ""17:0-21:0"", ""Thursday"": ""17:0-21:0"", ""Friday"": ""17:0-21:0"", ""Saturday"": ""17:0-21:0"", ""Sunday"": ""17:0-20:0""}"
fDPvDKfLflcalAEA_yUiJg__pizza,fDPvDKfLflcalAEA_yUiJg,Big Easy Daiquiris,Pizza,fDPvDKfLflcalAEA_yUiJg,Pizza,29.9546832,-90.0649458,1181.316331,-199.133689,New Orleans,LA,3.5,62,1,2,true,false,false,false,full_bar,no,classy,"{""Monday"": ""11:0-21:0"", ""Tuesday"": ""11:0-21:0"", ""Wednesday"": ""11:0-21:0"", ""Thursday"": ""11:0-21:0"", ""Friday"": ""10:0-22:0"", ""Saturday"": ""10:0-22:0"", ""Sunday"": ""10:0-21:0""}"
G7G1QTVugC-jOwYkqs-UKg__beer,G7G1QTVugC-jOwYkqs-UKg,Rotolo's Pizzeria,Beer,G7G1QTVugC-jOwYkqs-UKg,Beer,29.9500746,-90.0750188,210.883790,-711.587336,New Orleans,LA,2.5,11,0,2,true,true,true,true,full_bar,no,casual,"{""Monday"": ""10:30-15:0"", ""Tuesday"": ""10:30-15:0"", ""Wednesday"": ""11:0-15:0"", ""Thursday"": ""11:0-15:0"", ""Friday"": ""11:0-15:0""}"
DxF2FrrO1ala6gDKXFWCaQ__art_galleries,DxF2FrrO1ala6gDKXFWCaQ,Terrance Osborne Gallery,Art Galleries,DxF2FrrO1ala6gDKXFWCaQ,Art Galleries,29.9248630,-90.0854209,-791.254236,-3514.993221,New Orleans,LA,5.0,14,1,3,,,,true,,no,,"{""Monday"": ""11:0-17:0"", ""Thursday"": ""11:0-17:0"", ""Friday"": ""11:0-17:0"", ""Saturday"": ""11:0-17:0"", ""Sunday"": ""11:0-17:0""}"
sl13sdbDo_JqlllLtur-Qg__venues_and_event_spaces,sl13sdbDo_JqlllLtur-Qg,Calcasieu - Private Dining by Chef Donald Link,Venues & Event Spaces,sl13sdbDo_JqlllLtur-Qg,Venues & Event Spaces,29.9422803,-90.0672755,956.873098,-1578.275150,New Orleans,LA,4.5,45,1,,,,,,,,,"{""Monday"": ""9:0-23:0"", ""Tuesday"": ""9:0-23:0"", ""Wednesday"": ""9:0-23:0"", ""Thursday"": ""9:0-23:0"", ""Friday"": ""9:0-23:0"", ""Saturday"": ""9:0-23:0"", ""Sunday"": ""9:0-23:0""}"
GoCciHCrpumKGFrUwWKxaQ__cocktail_bars,GoCciHCrpumKGFrUwWKxaQ,Dryades Public Market,Cocktail Bars,GoCciHCrpumKGFrUwWKxaQ,Cocktail Bars,29.9423644,-90.0786553,-139.456519,-1568.923643,New Orleans,LA,4.0,44,0,2,true,,,,,,,"{""Monday"": ""0:0-0:0"", ""Tuesday"": ""7:0-19:0"", ""Wednesday"": ""7:0-20:0"", ""Thursday"": ""7:0-19:0"", ""Friday"": ""7:0-20:0"", ""Saturday"": ""7:0-20:0"", ""Sunday"": ""8:0-20:0""}"
xXAWWlpXGlDfgGzy9TTJIw__cafes,xXAWWlpXGlDfgGzy9TTJIw,Mr. Bubbles Cafe,Cafes,xXAWWlpXGlDfgGzy9TTJIw,Cafes,29.9576357,-90.0747862,233.292468,129.169785,New Orleans,LA,4.5,63,1,1,true,false,true,true,none,free,casual|trendy,"{""Monday"": ""0:0-0:0"", ""Tuesday"": ""10:0-16:0"", ""Wednesday"": ""10:0-16:0"", ""Thursday"": ""10:0-16:0"", ""Friday"": ""10:0-16:0""}"
XWhKiN0smLriCw2mmfixnA__specialty_food,XWhKiN0smLriCw2mmfixnA,John's Seafoods,Specialty Food,XWhKiN0smLriCw2mmfixnA,Specialty Food,29.9469741,-90.0525192,2378.494631,-1056.347682,New Orleans,LA,5.0,9,0,1,true,false,false,true,none,no,,
61vAJBC0E_fGjKDEYXJ2Zg__coffee_and_tea,61vAJBC0E_fGjKDEYXJ2Zg,PJ's Coffee,Coffee & Tea,61vAJBC0E_fGjKDEYXJ2Zg,Coffee & Tea,29.9524560,-90.0699650,697.766742,-446.787372,New Orleans,LA,3.5,61,0,1,true,,false,,,free,,"{""Monday"": ""6:0-21:0"", ""Tuesday"": ""6:0-21:0"", ""Wednesday"": ""6:0-21:0"", ""Thursday"": ""6:0-21:0"", ""Friday"": ""6:0-21:0"", ""Saturday"": ""6:0-21:0"", ""Sunday"": ""6:0-21:0""}"
Yl7UIESx3gl10kEwP0Djhg__desserts,Yl7UIESx3gl10kEwP0Djhg,La Boulangerie,Desserts,Yl7UIESx3gl10kEwP0Djhg,Desserts,29.9205249,-90.1039658,-2577.869388,-3997.368598,New Orleans,LA,4.0,170,0,1,true,false,true,,,,,"{""Monday"": ""6:0-18:0"", ""Wednesday"": ""6:0-18:0"", ""Thursday"": ""6:0-18:0"", ""Friday"": ""6:0-18:0"", ""Saturday"": ""6:0-18:0"", ""Sunday"": ""7:0-15:0""}"
RQGrUjVhkjO9g-C-vl_nzA__coffee_and_tea,RQGrUjVhkjO9g-C-vl_nzA,Caluda's Cottage Catering,Coffee & Tea,RQGrUjVhkjO9g-C-vl_nzA,Coffee & Tea,29.9627901,-90.2040157,-12216.673984,702.313707,New Orleans,LA,4.5,30,1,2,,true,,,,,,"{""Monday"": ""9:0-17:30"", ""Tuesday"": ""9:0-17:30"", ""Wednesday"": ""9:0-17:30"", ""Thursday"": ""9:0-17:30"", ""Friday"": ""9:0-17:0"", ""Saturday"": ""9:0-12:0""}"
6g6lWFjRvSn1XQS-psJzkg__american_(new),6g6lWFjRvSn1XQS-psJzkg,Prime Grille,American (New),6g6lWFjRvSn1XQS-psJzkg,American (New),29.9640741,-90.0436082,3236.980124,845.088190,New Orleans,LA,4.0,14,0,2,true,false,true,false,full_bar,free,casual,"{""Wednesday"": ""10:0-20:0"", ""Thursday"": ""10:0-20:0"", ""Friday"": ""10:0-21:0"", ""Saturday"": ""10:0-21:0"", ""Sunday"": ""10:0-15:0""}"
6ttxoRJcCbyRHsIaP6zuCQ__specialty_food,6ttxoRJcCbyRHsIaP6zuCQ,Banks Meat Market,Specialty Food,6ttxoRJcCbyRHsIaP6zuCQ,Specialty Food,29.9635288,-90.0895509,-1189.138322,784.453513,New Orleans,LA,4.0,22,1,1,true,false,,,full_bar,,,"{""Monday"": ""0:0-0:0"", ""Tuesday"": ""0:0-0:0"", ""Wednesday"": ""0:0-0:0"", ""Thursday"": ""0:0-0:0"", ""Friday"": ""0:0-0:0"", ""Saturday"": ""0:0-0:0"", ""Sunday"": ""0:0-0:0""}"
s0fsISDcNrNSvGokGRjq3Q__coffee_and_tea,s0fsISDcNrNSvGokGRjq3Q,Starbucks,Coffee & Tea,s0fsISDcNrNSvGokGRjq3Q,Coffee & Tea,29.9433430,-90.0647478,1200.392590,-1460.108138,New Orleans,LA,3.0,15,1,2,true,,false,,,free,,"{""Monday"": ""0:0-0:0"", ""Tuesday"": ""7:0-13:0"", ""Wednesday"": ""7:0-13:0"", ""Thursday"": ""7:0-13:0"", ""Friday"": ""7:0-13:0"", ""Saturday"": ""7:0-15:0"", ""Sunday"": ""7:0-15:0""}"
54sTaZXoLAlHJS_cU3HIAg__southern,54sTaZXoLAlHJS_cU3HIAg,Tempt,Southern,54sTaZXoLAlHJS_cU3HIAg,Southern,29.9551983,-90.0714284,556.782827,-141.857103,New Orleans,LA,3.0,46,0,3,true,,true,false,full_bar,free,classy|trendy,"{""Monday"": ""8:0-12:0"", ""Tuesday"": ""8:0-12:0"", ""Wednesday"": ""8:0-12:0"", ""Thursday"": ""8:0-12:0"", ""Friday"": ""9:0-17:0"", ""Saturday"": ""7:0-14:0"", ""Sunday"": ""7:0-14:0""}"
yiWDKCLzzmDw2OovHazivg__fast_food,yiWDKCLzzmDw2OovHazivg,Gene's Curbside Daiquiris,Fast Food,yiWDKCLzzmDw2OovHazivg,Fast Food,29.9684606,-90.0572136,1926.236265,1332.845409,New Orleans,LA,4.5,51,0,1,true,false,false,false,none,,casual|divey,
YSyZipJDgS3D_R0wqPqPhQ__art_galleries,YSyZipJDgS3D_R0wqPqPhQ,Longue Vue House and Gardens,Art Galleries,YSyZipJDgS3D_R0wqPqPhQ,Art Galleries,29.9771613,-90.1228838,-4400.430160,2300.324870,New Orleans,LA,4.5,52,1,1,,,,true,,free,,"{""Monday"": ""9:30-17:0"", ""Tuesday"": ""9:30-17:0"", ""Wednesday"": ""9:30-17:0"", ""Thursday"": ""9:30-17:0"", ""Friday"": ""9:30-17:0"", ""Saturday"": ""9:30-17:0""}"
rZ2Uygsn6vmnUIAaN_DIzQ__american_(new),rZ2Uygsn6vmnUIAaN_DIzQ,The Grill Room,American (New),rZ2Uygsn6vmnUIAaN_DIzQ,American (New),29.9494370,-90.0663600,1045.072342,-782.485319,New Orleans,LA,4.0,96,1,3,false,false,false,false,full_bar,free,classy,"{""Monday"": ""11:30-14:0"", ""Tuesday"": ""11:30-14:0"", ""Wednesday"": ""17:0-22:0"", ""Thursday"": ""17:0-22:0"", ""Friday"": ""17:0-22:0"", ""Saturday"": ""17:0-22:0"", ""Sunday"": ""17:0-22:0""}"
Ggh6vaYzcOGoQ57w1NOFCQ__cocktail_bars,Ggh6vaYzcOGoQ57w1NOFCQ,Daiquiri Chef,Cocktail Bars,Ggh6vaYzcOGoQ57w1NOFCQ,Cocktail Bars,30.0087000,-90.0210822,5407.137915,5807.273769,New Orleans,LA,4.0,14,0,1,,,false,,none,,casual,"{""Monday"": ""14:0-23:0"", ""Tuesday"": ""15:0-23:0"", ""Wednesday"": ""14:0-23:0"", ""Thursday"": ""14:0-23:0"", ""Friday"": ""14:0-0:0"", ""Saturday"": ""13:0-0:0"", ""Sunday"": ""12:0-23:0""}"
zxfqXVgZ_NvLY2lc1DAlJQ__venues_and_event_spaces,zxfqXVgZ_NvLY2lc1DAlJQ,Robin's Wharf Uptown,Venues & Event Spaces,zxfqXVgZ_NvLY2lc1DAlJQ,Venues & Event Spaces,29.9260670,-90.0940442,-1622.022719,-3381.114344,New Orleans,LA,3.5,8,0,2,true,false,true,true,full_bar,free,,"{""Monday"": ""11:0-21:0"", ""Tuesday"": ""11:0-21:0"", ""Wednesday"": ""11:0-21:0"", ""Thursday"": ""11:0-21:0"", ""Friday"": ""11:0-22:0"", ""Saturday"": ""11:0-22:0"", ""Sunday"": ""9:0-17:0""}"
TEHv3dn_LjnvSbqPdp7cJg__american_(new),TEHv3dn_LjnvSbqPdp7cJg,Vizard's,American (New),TEHv3dn_LjnvSbqPdp7cJg,American (New),29.9206010,-90.1095260,-3113.538903,-3988.906653,New Orleans,LA,4.5,11,0,3,false,false,false,false,full_bar,,,"{""Tuesday"": ""18:0-22:0"", ""Wednesday"": ""18:0-22:0"", ""Thursday"": ""18:0-22:0"", ""Friday"": ""18:0-22:0"", ""Saturday"": ""18:0-22:0""}"
BsEPhVX7PtbrOkVtnnn1_w__desserts,BsEPhVX7PtbrOkVtnnn1_w,Loretta's Authentic Pralines,Desserts,BsEPhVX7PtbrOkVtnnn1_w,Desserts,29.9675817,-90.0579182,1858.355121,1235.116053,New Orleans,LA,5.0,170,1,1,true,false,,,,,,"{""Wednesday"": ""9:0-16:0"", ""Thursday"": ""9:0-16:0"", ""Friday"": ""9:0-16:0"", ""Saturday"": ""9:0-16:0""}"
ANzRmgNySIp1LjRsDqbS8g__venues_and_event_spaces,ANzRmgNySIp1LjRsDqbS8g,Vintage Rock Club,Venues & Event Spaces,ANzRmgNySIp1LjRsDqbS8g,Venues & Event Spaces,29.9506418,-90.0745467,256.365891,-648.517486,New Orleans,LA,3.5,16,1,,,,,,,,classy,"{""Monday"": ""0:0-0:0"", ""Tuesday"": ""9:30-2:0"", ""Friday"": ""21:0-2:0"", ""Saturday"": ""16:0-2:0""}"
Qe7PItqlut81ypED4uQpiw__coffee_and_tea,Qe7PItqlut81ypED4uQpiw,PJ's Coffee,Coffee & Tea,Qe7PItqlut81ypED4uQpiw,Coffee & Tea,29.9399596,-90.1221501,-4329.744347,-1836.325572,New Orleans,LA,3.0,9,1,1,,,true,,,free,,
Da7VCyHFQNTNHaB7eJYrwA__seafood,Da7VCyHFQNTNHaB7eJYrwA,Elle-J’s,Seafood,Da7VCyHFQNTNHaB7eJYrwA,Seafood,30.0038080,-90.1036584,-2548.254481,5263.302388,New Orleans,LA,4.0,32,1,,true,,,,,,,"{""Tuesday"": ""15:0-21:0"", ""Wednesday"": ""15:0-21:0"", ""Thursday"": ""15:0-21:0"", ""Friday"": ""15:0-21:0"", ""Saturday"": ""15:0-21:0""}"
mhj9KWNqKnEAb55-94ZzfA__southern,mhj9KWNqKnEAb55-94ZzfA,Live Oak Cafe,Southern,mhj9KWNqKnEAb55-94ZzfA,Southern,29.9478968,-90.1306942,-5152.882704,-953.747982,New Orleans,LA,4.0,197,1,2,true,true,false,true,full_bar,free,casual|hipster,"{""Monday"": ""0:0-0:0"", ""Thursday"": ""17:30-21:30"", ""Friday"": ""17:30-21:30"", ""Saturday"": ""17:30-21:30"", ""Sunday"": ""10:0-15:0""}"
o_RABYkPwqfA_s8CLYr80w__pizza,o_RABYkPwqfA_s8CLYr80w,Mid City Pizza Uptown,Pizza,o_RABYkPwqfA_s8CLYr80w,Pizza,29.9470131,-90.1138142,-3526.663972,-1052.011074,New Orleans,LA,4.5,57,1,,true,true,,true,,,,"{""Monday"": ""15:0-22:30"", ""Thursday"": ""11:0-22:30"", ""Friday"": ""11:0-22:30"", ""Saturday"": ""11:0-22:30"", ""Sunday"": ""11:0-22:30""}"
b0QWw6iBT3rxv8qhxswH9A__art_galleries,b0QWw6iBT3rxv8qhxswH9A,Sterling Frame Studio,Art Galleries,b0QWw6iBT3rxv8qhxswH9A,Art Galleries,29.9224552,-90.0898814,-1220.978682,-3782.728735,New Orleans,LA,5.0,6,1,3,,,,,,,,"{""Tuesday"": ""10:0-18:0"", ""Wednesday"": ""10:0-18:0"", ""Thursday"": ""10:0-18:0"", ""Friday"": ""10:0-17:0"", ""Saturday"": ""11:0-17:0""}"
D0AXNeHYbU9WfCBnbhYKXg__specialty_food,D0AXNeHYbU9WfCBnbhYKXg,Elysian Seafood,Specialty Food,D0AXNeHYbU9WfCBnbhYKXg,Specialty Food,29.9693909,-90.0521636,2412.753125,1436.290193,New Orleans,LA,3.5,64,1,2,true,false,true,true,full_bar,free,casual|trendy,"{""Monday"": ""0:0-0:0"", ""Tuesday"": ""11:0-20:0"", ""Wednesday"": ""11:0-20:0"", ""Thursday"": ""11:0-22:0"", ""Friday"": ""9:0-22:0"", ""Saturday"": ""9:0-22:0"", ""Sunday"": ""9:0-20:0""}"
3kc7vVRl845AknJtUqGRAg__american_(traditional),3kc7vVRl845AknJtUqGRAg,Shawarma on the Go,American (Traditional),3kc7vVRl845AknJtUqGRAg,American (Traditional),29.9212110,-90.0937150,-1590.307600,-3921.077654,New Orleans,LA,4.5,227,1,1,true,false,true,true,none,no,casual,"{""Monday"": ""11:0-21:0"", ""Tuesday"": ""11:0-21:0"", ""Wednesday"": ""11:0-21:0"", ""Thursday"": ""11:0-21:0"", ""Friday"": ""11:0-21:0"", ""Saturday"": ""11:0-21:0""}"
IimPOohIx7TZfwmWhmdmfw__venues_and_event_spaces,IimPOohIx7TZfwmWhmdmfw,DDD Party Cafe,Venues & Event Spaces,IimPOohIx7TZfwmWhmdmfw,Venues & Event Spaces,30.0416443,-89.9565900,11620.311103,9470.512803,New Orleans,LA,2.0,16,1,2,,,false,,,,,
ogS8iBWPsN0BsaTjYqXMew__coffee_and_tea,ogS8iBWPsN0BsaTjYqXMew,Broad Street Cider,Coffee & Tea,ogS8iBWPsN0BsaTjYqXMew,Coffee & Tea,29.9515260,-90.1000770,-2203.222504,-550.198796,New Orleans,LA,5.0,46,1,2,true,false,true,false,,no,,"{""Monday"": ""0:0-0:0"", ""Friday"": ""15:0-21:0"", ""Saturday"": ""15:0-21:0""}"
XKXfUoSD6Igypn-IWGnHoQ__coffee_and_tea,XKXfUoSD6Igypn-IWGnHoQ,Fatoush,Coffee & Tea,XKXfUoSD6Igypn-IWGnHoQ,Coffee & Tea,29.9685946,-90.0523981,2390.161402,1347.745550,New Orleans,LA,3.5,58,0,2,true,false,true,true,beer_and_wine,free,casual,"{""Monday"": ""8:0-22:0"", ""Tuesday"": ""8:0-22:0"", ""Wednesday"": ""8:0-22:0"", ""Thursday"": ""8:0-22:0"", ""Friday"": ""8:0-22:0"", ""Saturday"": ""8:0-22:0"", ""Sunday"": ""8:0-22:0""}"
b92dSNftvCSPWLC4ZgNXCg__southern,b92dSNftvCSPWLC4ZgNXCg,Sammy's Food Service & Deli,Southern,b92dSNftvCSPWLC4ZgNXCg,Southern,29.9890012,-90.0588768,1766.003623,3616.859074,New Orleans,LA,4.0,198,1,2,true,,false,true,none,no,casual,"{""Monday"": ""10:30-17:0"", ""Tuesday"": ""10:30-17:0"", ""Wednesday"": ""10:30-17:0"", ""Thursday"": ""10:30-17:0"", ""Friday"": ""10:30-19:0"", ""Saturday"": ""10:30-16:0""}"
XTssUDUwofqaVzaJ6fG_-Q__cafes,XTssUDUwofqaVzaJ6fG_-Q,Revelator at American Can,Cafes,XTssUDUwofqaVzaJ6fG_-Q,Cafes,29.9767886,-90.0934589,-1565.634057,2258.874691,New Orleans,LA,4.5,9,0,,,,true,,,,,"{""Monday"": ""7:0-16:0"", ""Tuesday"": ""7:0-16:0"", ""Wednesday"": ""7:0-16:0"", ""Thursday"": ""7:0-16:0"", ""Friday"": ""7:0-16:0"", ""Saturday"": ""7:0-16:0"", ""Sunday"": ""7:0-16:0""}"
suSDu8cXK_9uuAJopn2R1g__specialty_food,suSDu8cXK_9uuAJopn2R1g,Castnet Seafood,Specialty Food,suSDu8cXK_9uuAJopn2R1g,Specialty Food,30.0515811,-89.9789026,9470.715837,10575.436076,New Orleans,LA,4.5,178,1,2,true,false,true,true,beer_and_wine,free,casual,"{""Monday"": ""0:0-0:0"", ""Tuesday"": ""10:0-17:0"", ""Wednesday"": ""10:0-17:0"", ""Thursday"": ""10:0-17:0"", ""Friday"": ""10:0-15:0"", ""Saturday"": ""10:0-17:0""}"
U4X-tzwvTzW8uWxs2KIPtg__seafood,U4X-tzwvTzW8uWxs2KIPtg,The Original Pierre Maspero's,Seafood,U4X-tzwvTzW8uWxs2KIPtg,Seafood,29.9556758,-90.0652064,1156.210134,-88.761452,New Orleans,LA,4.0,1886,1,2,true,true,true,true,full_bar,no,casual|classy,"{""Monday"": ""9:0-22:0"", ""Tuesday"": ""9:0-22:0"", ""Wednesday"": ""9:0-22:0"", ""Thursday"": ""9:0-22:0"", ""Friday"": ""9:0-23:0"", ""Saturday"": ""8:0-23:0"", ""Sunday"": ""8:0-23:0""}"
i46ao1Quy6futuuQx7LQ_A__art_galleries,i46ao1Quy6futuuQx7LQ_A,MS Rau,Art Galleries,i46ao1Quy6futuuQx7LQ_A,Art Galleries,29.9575910,-90.0649180,1183.994582,124.199365,New Orleans,LA,4.5,33,1,4,,,,false,,no,,"{""Monday"": ""0:0-0:0"", ""Tuesday"": ""9:0-17:15"", ""Wednesday"": ""9:0-17:15"", ""Thursday"": ""9:0-17:15"", ""Friday"": ""9:0-17:15"", ""Saturday"": ""9:0-17:15"", ""Sunday"": ""10:0-16:0""}"
kIMT0HWye1apfTH1-ITQAA__beer,kIMT0HWye1apfTH1-ITQAA,Hanks Supermarket,Beer,kIMT0HWye1apfTH1-ITQAA,Beer,29.9685111,-90.0495920,2660.500998,1338.460761,New Orleans,LA,3.5,79,1,1,true,true,false,false,full_bar,no,divey,"{""Monday"": ""6:0-6:0"", ""Tuesday"": ""6:0-6:0"", ""Wednesday"": ""6:0-6:0"", ""Thursday"": ""6:0-6:0"", ""Friday"": ""6:0-6:0"", ""Saturday"": ""6:0-6:0"", ""Sunday"": ""6:0-6:0""}"
E4G-vk-ur7SdmOSHcum7aw__coffee_and_tea,E4G-vk-ur7SdmOSHcum7aw,French Truck Coffee,Coffee & Tea,E4G-vk-ur7SdmOSHcum7aw,Coffee & Tea,29.9253582,-90.0842173,-675.303636,-3459.926593,New Orleans,LA,4.5,55,1,2,true,false,true,true,,free,,"{""Monday"": ""0:0-0:0"", ""Tuesday"": ""6:0-18:0"", ""Wednesday"": ""6:0-14:0"", ""Thursday"": ""6:0-18:0"", ""Friday"": ""6:0-14:0"", ""Saturday"": ""7:0-18:0"", ""Sunday"": ""7:30-14:0""}"
KdFDat3pxdHTteepD0gucw__venues_and_event_spaces,KdFDat3pxdHTteepD0gucw,Oxalis,Venues & Event Spaces,KdFDat3pxdHTteepD0gucw,Venues & Event Spaces,29.9639649,-90.0436317,3234.716135,832.945687,New Orleans,LA,4.0,160,0,2,true,false,true,false,full_bar,no,hipster,"{""Monday"": ""16:0-23:0"", ""Tuesday"": ""16:0-23:0"", ""Wednesday"": ""16:0-23:0"", ""Thursday"": ""16:0-23:0"", ""Friday"": ""16:0-23:0"", ""Saturday"": ""14:0-23:0"", ""Sunday"": ""14:0-23:0""}"
TZuIFHI8nuaDWR4_nA4Zlg__seafood,TZuIFHI8nuaDWR4_nA4Zlg,The Good Bar Nola,Seafood,TZuIFHI8nuaDWR4_nA4Zlg,Seafood,29.9610996,-90.0583835,1813.528132,514.338424,New Orleans,LA,4.0,10,1,,true,true,true,,beer_and_wine,free,,"{""Monday"": ""0:0-0:0"", ""Thursday"": ""11:0-22:0"", ""Friday"": ""11:0-22:0"", ""Saturday"": ""11:0-22:0"", ""Sunday"": ""11:0-22:0""}"
Y1XqyWSiGC5ghbvjbczl2g__cocktail_bars,Y1XqyWSiGC5ghbvjbczl2g,Fire Food and Spirits,Cocktail Bars,Y1XqyWSiGC5ghbvjbczl2g,Cocktail Bars,30.0415355,-89.9556708,11708.867162,9458.418503,New Orleans,LA,3.5,163,1,2,true,true,false,true,full_bar,no,casual|classy,"{""Tuesday"": ""17:0-21:0"", ""Wednesday"": ""11:0-21:0"", ""Thursday"": ""11:0-21:0"", ""Friday"": ""11:0-22:0"", ""Saturday"": ""11:0-22:0"", ""Sunday"": ""11:0-21:0""}"
oMO9fIbZZgmgMdQZRSsglw__beer,oMO9fIbZZgmgMdQZRSsglw,Save A Lot,Beer,oMO9fIbZZgmgMdQZRSsglw,Beer,29.9764841,-90.0470206,2908.229603,2225.019136,New Orleans,LA,2.5,5,1,1,false,,,,,,,"{""Monday"": ""8:0-22:0"", ""Tuesday"": ""8:0-22:0"", ""Wednesday"": ""8:0-22:0"", ""Thursday"": ""8:0-22:0"", ""Friday"": ""8:0-22:0"", ""Saturday"": ""8:0-22:0"", ""Sunday"": ""8:0-22:0""}"
Tkk0A_p70hfMUAVLtYrdQQ__specialty_food,Tkk0A_p70hfMUAVLtYrdQQ,DAT Cajun Seafood,Specialty Food,Tkk0A_p70hfMUAVLtYrdQQ,Specialty Food,29.9273350,-90.0254290,4988.363749,-3240.118982,New Orleans,LA,4.0,30,1,2,true,,,,,,,"{""Monday"": ""10:0-20:0"", ""Tuesday"": ""10:0-20:0"", ""Wednesday"": ""10:0-20:0"", ""Thursday"": ""10:0-20:0"", ""Friday"": ""10:0-20:0"", ""Saturday"": ""10:0-20:0""}"
nBDWXS5Kqf5VNxh8lZpb2A__venues_and_event_spaces,nBDWXS5Kqf5VNxh8lZpb2A,The District,Venues & Event Spaces,nBDWXS5Kqf5VNxh8lZpb2A,Venues & Event Spaces,29.9461880,-90.0675418,931.217763,-1143.758135,New Orleans,LA,3.5,117,1,1,,,true,,full_bar,no,casual,"{""Monday"": ""15:0-0:0"", ""Tuesday"": ""15:0-0:0"", ""Wednesday"": ""15:0-1:0"", ""Thursday"": ""15:0-1:0"", ""Friday"": ""11:0-3:0"", ""Saturday"": ""11:0-3:0"", ""Sunday"": ""11:0-0:0""}"
hJTwBhYBTkiHaDMml_v_sw__american_(new),hJTwBhYBTkiHaDMml_v_sw,Panera Bread,American (New),hJTwBhYBTkiHaDMml_v_sw,American (New),29.9772461,-90.0989200,-2091.752387,2309.749831,New Orleans,LA,2.5,126,1,2,true,true,true,true,none,free,casual,"{""Monday"": ""6:30-16:0"", ""Tuesday"": ""6:30-16:0"", ""Wednesday"": ""6:30-16:0"", ""Thursday"": ""6:30-16:0"", ""Friday"": ""6:30-16:0"", ""Saturday"": ""7:0-16:0"", ""Sunday"": ""7:0-16:0""}"
Sad6etx6kKYxrpvWcd11MA__burgers,Sad6etx6kKYxrpvWcd11MA,New Orleans Hamburger & Seafood Co,Burgers,Sad6etx6kKYxrpvWcd11MA,Burgers,29.9559347,-90.0636824,1303.032252,-59.973046,New Orleans,LA,3.5,370,0,2,true,false,true,true,full_bar,free,casual,"{""Monday"": ""11:0-22:0"", ""Tuesday"": ""11:0-22:0"", ""Wednesday"": ""11:0-22:0"", ""Thursday"": ""11:0-22:0"", ""Friday"": ""11:0-22:0"", ""Saturday"": ""11:0-22:0"", ""Sunday"": ""11:0-22:0""}"
TIdY5CsHm0GGi8qBv2cnNQ__beer,TIdY5CsHm0GGi8qBv2cnNQ,Prytania Wine & Spirits,Beer,TIdY5CsHm0GGi8qBv2cnNQ,Beer,29.9260939,-90.1169472,-3828.497105,-3378.123196,New Orleans,LA,5.0,6,1,1,true,,,,,,,"{""Monday"": ""0:0-0:0"", ""Tuesday"": ""10:0-19:0"", ""Wednesday"": ""10:0-19:0"", ""Thursday"": ""10:0-21:0"", ""Friday"": ""10:0-21:0"", ""Saturday"": ""10:0-21:0"", ""Sunday"": ""9:0-18:0""}"
F9OFNrITmQ1a9glscJ20ag__burgers,F9OFNrITmQ1a9glscJ20ag,Cowbell,Burgers,F9OFNrITmQ1a9glscJ20ag,Burgers,29.9523300,-90.1356132,-5626.779028,-460.797952,New Orleans,LA,4.0,540,0,2,true,true,true,true,full_bar,no,casual,"{""Monday"": ""0:0-0:0"", ""Wednesday"": ""16:0-21:0"", ""Thursday"": ""16:0-21:0"", ""Friday"": ""16:0-21:0"", ""Saturday"": ""16:0-21:0""}"
gCjn1PcZqIBZWxXVDhsDAQ__american_(new),gCjn1PcZqIBZWxXVDhsDAQ,Petit Lion,American (New),gCjn1PcZqIBZWxXVDhsDAQ,American (New),29.9533727,-90.0744388,266.760974,-344.854842,New Orleans,LA,4.0,38,0,3,true,false,true,false,full_bar,,classy|romantic|trendy,"{""Monday"": ""7:0-22:0"", ""Tuesday"": ""7:0-22:0"", ""Wednesday"": ""7:0-22:0"", ""Thursday"": ""7:0-23:0"", ""Friday"": ""7:0-23:0"", ""Saturday"": ""7:0-23:0"", ""Sunday"": ""7:0-22:0""}"
74OO_45KTjh6WI3XKdP9Zw__cafes,74OO_45KTjh6WI3XKdP9Zw,M's Coffee & Cafe,Cafes,74OO_45KTjh6WI3XKdP9Zw,Cafes,29.9473862,-90.0667333,1009.108631,-1010.524190,New Orleans,LA,3.0,6,0,1,true,,true,,none,free,,
OX3ArWSP85bK4cdk51tdmw__cocktail_bars,OX3ArWSP85bK4cdk51tdmw,Seven Three Distilling,Cocktail Bars,OX3ArWSP85bK4cdk51tdmw,Cocktail Bars,29.9612237,-90.0763480,82.823978,528.133408,New Orleans,LA,4.5,197,1,2,false,true,,false,,free,,"{""Wednesday"": ""12:0-18:0"", ""Thursday"": ""12:0-18:0"", ""Friday"": ""12:0-19:0"", ""Saturday"": ""12:0-19:0""}"
Rka3xU7Q7uCFdhPbFaQKCg__cocktail_bars,Rka3xU7Q7uCFdhPbFaQKCg,Manolito,Cocktail Bars,Rka3xU7Q7uCFdhPbFaQKCg,Cocktail Bars,29.9584287,-90.0615668,1506.846102,217.343981,New Orleans,LA,4.5,144,1,2,true,false,true,false,full_bar,free,classy,"{""Monday"": ""0:0-0:0"", ""Thursday"": ""16:0-21:0"", ""Friday"": ""16:0-22:0"", ""Saturday"": ""16:0-22:0"", ""Sunday"": ""16:0-21:0""}"
MDtu8_LFbbkCgzCzIoEWng__southern,MDtu8_LFbbkCgzCzIoEWng,The New Orleans Vampire Cafe,Southern,MDtu8_LFbbkCgzCzIoEWng,Southern,29.9590326,-90.0640361,1268.955677,284.493690,New Orleans,LA,4.0,148,1,2,true,,true,,full_bar,,classy,"{""Monday"": ""9:0-23:0"", ""Tuesday"": ""9:0-23:0"", ""Wednesday"": ""9:0-23:0"", ""Thursday"": ""9:0-23:0"", ""Friday"": ""9:0-0:0"", ""Saturday"": ""9:0-0:0"", ""Sunday"": ""9:0-23:0""}"
mecYiw9gASZw2IwXYvQ1Jw__beer,mecYiw9gASZw2IwXYvQ1Jw,Nesbit's Julia Street Market,Beer,mecYiw9gASZw2IwXYvQ1Jw,Beer,29.9451339,-90.0671154,972.297127,-1260.968869,New Orleans,LA,4.5,7,1,3,false,false,,,,,,"{""Monday"": ""8:0-22:0"", ""Tuesday"": ""8:0-22:0"", ""Wednesday"": ""8:0-22:0"", ""Thursday"": ""8:0-0:30"", ""Friday"": ""8:0-22:0"", ""Saturday"": ""9:0-22:0"", ""Sunday"": ""9:0-22:0""}"
nD23DgebTW9y3We-A5f8pw__sandwiches,nD23DgebTW9y3We-A5f8pw,Mona's Cafe,Sandwiches,nD23DgebTW9y3We-A5f8pw,Sandwiches,29.9208223,-90.0986864,-2069.252139,-3964.299181,New Orleans,LA,3.5,81,0,1,true,true,true,true,beer_and_wine,no,,"{""Monday"": ""10:0-21:0"", ""Tuesday"": ""10:0-21:0"", ""Wednesday"": ""10:0-21:0"", ""Thursday"": ""10:0-21:0"", ""Friday"": ""10:0-22:0"", ""Saturday"": ""10:0-22:0"", ""Sunday"": ""12:0-21:0""}"
Z-YqerdBixL-wZ8CgF50Fg__beer,Z-YqerdBixL-wZ8CgF50Fg,Dmac's Bar & Grill,Beer,Z-YqerdBixL-wZ8CgF50Fg,Beer,29.9659493,-90.0979328,-1996.651838,1053.600949,New Orleans,LA,4.0,98,1,2,true,true,true,false,full_bar,free,casual,"{""Monday"": ""9:0-2:0"", ""Tuesday"": ""9:0-2:0"", ""Wednesday"": ""9:0-2:0"", ""Thursday"": ""0:0-0:0"", ""Friday"": ""9:0-2:0"", ""Saturday"": ""9:0-2:0"", ""Sunday"": ""9:0-2:0""}"
uOg4ibVUHlEXspv9ikvvJQ__specialty_food,uOg4ibVUHlEXspv9ikvvJQ,Deesxquisite,Specialty Food,uOg4ibVUHlEXspv9ikvvJQ,Specialty Food,29.9713051,-90.0645496,1219.486228,1649.139815,New Orleans,LA,4.5,23,1,,,,true,,,,,"{""Wednesday"": ""13:30-21:0"", ""Thursday"": ""13:30-21:0"", ""Friday"": ""13:30-21:0"", ""Saturday"": ""13:30-21:0"", ""Sunday"": ""13:30-21:0""}"
REqZbqHIXllTzusoDKJj3g__fitness_and_instruction,REqZbqHIXllTzusoDKJj3g,Le Boxeur Gym,Fitness & Instruction,REqZbqHIXllTzusoDKJj3g,Fitness & Instruction,29.9428971,-90.0932591,-1546.386207,-1509.690024,New Orleans,LA,4.5,9,1,,,,,true,,,,"{""Monday"": ""6:0-17:0"", ""Tuesday"": ""6:0-17:0"", ""Wednesday"": ""6:0-17:0"", ""Thursday"": ""6:0-17:0"", ""Friday"": ""6:0-17:0"", ""Saturday"": ""6:0-12:0""}"
KMCBZIBfNQhc1YiBmMU_Ew__venues_and_event_spaces,KMCBZIBfNQhc1YiBmMU_Ew,Paradigm Gardens,Venues & Event Spaces,KMCBZIBfNQhc1YiBmMU_Ew,Venues & Event Spaces,29.9441342,-90.0783540,-110.429411,-1372.133092,New Orleans,LA,4.5,15,1,,,,,true,,,,
yGGaBvdHbzPCZCzR7s_uog__coffee_and_tea,yGGaBvdHbzPCZCzR7s_uog,Starbucks,Coffee & Tea,yGGaBvdHbzPCZCzR7s_uog,Coffee & Tea,29.9418220,-90.1297170,-5058.739284,-1629.235855,New Orleans,LA,3.0,64,1,1,true,,true,,,free,,"{""Monday"": ""0:0-0:0"", ""Tuesday"": ""5:0-20:0"", ""Wednesday"": ""5:0-20:0"", ""Thursday"": ""5:0-20:0"", ""Friday"": ""5:0-20:0"", ""Saturday"": ""5:0-20:0"", ""Sunday"": ""5:0-20:0""}"
r61nbmJLcUC7qTx0pzoi1g__venues_and_event_spaces,r61nbmJLcUC7qTx0pzoi1g,Jasmine Private Club,Venues & Event Spaces,r61nbmJLcUC7qTx0pzoi1g,Venues & Event Spaces,29.9529587,-90.0723520,467.803228,-390.889605,New Orleans,LA,3.0,6,0,2,,,,,,,,"{""Friday"": ""21:0-4:0"", ""Saturday"": ""21:0-4:0""}"
4yzr6LCibBql5O0iCU9lxg__fitness_and_instruction,4yzr6LCibBql5O0iCU9lxg,Defy,Fitness & Instruction,4yzr6LCibBql5O0iCU9lxg,Fitness & Instruction,29.9512640,-90.1885390,-10725.649135,-579.331907,New Orleans,LA,3.5,78,1,,,,,true,,,,"{""Monday"": ""9:0-21:0"", ""Tuesday"": ""9:0-21:0"", ""Wednesday"": ""9:0-21:0"", ""Thursday"": ""9:0-21:0"", ""Friday"": ""9:0-23:0"", ""Saturday"": ""9:0-23:0"", ""Sunday"": ""11:0-19:0""}"
j4kYliTkKf7k-oDqVgyXYA__burgers,j4kYliTkKf7k-oDqVgyXYA,Manning's Sports Bar and Grill,Burgers,j4kYliTkKf7k-oDqVgyXYA,Burgers,29.9473409,-90.0655896,1119.292657,-1015.561327,New Orleans,LA,3.0,774,1,2,true,true,true,true,full_bar,free,casual|classy,"{""Monday"": ""17:0-22:0"", ""Thursday"": ""17:0-22:0"", ""Friday"": ""17:0-22:0"", ""Saturday"": ""11:0-22:0"", ""Sunday"": ""11:0-22:0""}"
LG03thDHBO4vRcYZ7g_zmg__cocktail_bars,LG03thDHBO4vRcYZ7g_zmg,Briquette,Cocktail Bars,LG03thDHBO4vRcYZ7g_zmg,Cocktail Bars,29.9460546,-90.0660071,1079.071798,-1158.586821,New Orleans,LA,4.0,281,1,3,true,false,true,false,full_bar,free,casual|classy|trendy,"{""Monday"": ""0:0-0:0"", ""Tuesday"": ""11:30-0:0"", ""Thursday"": ""11:30-20:0"", ""Friday"": ""15:0-21:0"", ""Saturday"": ""15:0-21:0"", ""Sunday"": ""10:0-20:0""}"
Y2Pfil51rNvTd_lFHwzb_g__cafes,Y2Pfil51rNvTd_lFHwzb_g,Cafe Beignet on Royal Street,Cafes,Y2Pfil51rNvTd_lFHwzb_g,Cafes,29.9552940,-90.0670700,976.670962,-131.215734,New Orleans,LA,4.0,2688,1,1,,,true,true,beer_and_wine,no,casual|classy,"{""Monday"": ""0:0-0:0"", ""Tuesday"": ""7:0-15:0"", ""Wednesday"": ""7:0-15:0"", ""Thursday"": ""7:0-15:0"", ""Friday"": ""7:0-17:0"", ""Saturday"": ""7:0-17:0"", ""Sunday"": ""7:0-15:0""}"
ieNSHCeHOlxkNGjtjTh69g__pizza,ieNSHCeHOlxkNGjtjTh69g,Mardi Gras Zone,Pizza,ieNSHCeHOlxkNGjtjTh69g,Pizza,29.9644764,-90.0500692,2614.527563,889.821971,New Orleans,LA,3.5,97,1,1,true,true,false,true,beer_and_wine,no,casual|divey|hipster,"{""Monday"": ""7:0-1:0"", ""Tuesday"": ""7:0-1:0"", ""Wednesday"": ""7:0-1:0"", ""Thursday"": ""7:0-1:0"", ""Friday"": ""7:0-1:0"", ""Saturday"": ""7:0-1:0"", ""Sunday"": ""7:0-1:0""}"
iJ3A49gtUPspc7nd4Ov2HA__venues_and_event_spaces,iJ3A49gtUPspc7nd4Ov2HA,Escape My Room,Venues & Event Spaces,iJ3A49gtUPspc7nd4Ov2HA,Venues & Event Spaces,29.9473568,-90.0679304,893.780050,-1013.793325,New Orleans,LA,5.0,282,1,,,,,true,,,,"{""Monday"": ""0:0-0:0"", ""Tuesday"": ""13:0-21:30"", ""Wednesday"": ""13:0-21:30"", ""Thursday"": ""13:0-21:30"", ""Friday"": ""9:0-22:0"", ""Saturday"": ""9:0-22:0"", ""Sunday"": ""9:0-21:30""}"
fla4vQjwBYVD3-AHAGnMFw__venues_and_event_spaces,fla4vQjwBYVD3-AHAGnMFw,The Beach on Bourbon,Venues & Event Spaces,fla4vQjwBYVD3-AHAGnMFw,Venues & Event Spaces,29.9552067,-90.0687714,812.758133,-140.923065,New Orleans,LA,3.0,215,1,1,,,true,false,full_bar,,,"{""Wednesday"": ""16:0-2:0"", ""Thursday"": ""16:0-2:0"", ""Friday"": ""14:0-3:0"", ""Saturday"": ""14:0-3:0"", ""Sunday"": ""14:0-3:0""}"
9taYBipQGCBVSGqk5-aZ5Q__sandwiches,9taYBipQGCBVSGqk5-aZ5Q,Centre Deli,Sandwiches,9taYBipQGCBVSGqk5-aZ5Q,Sandwiches,29.9515240,-90.0654590,1131.874657,-550.421187,New Orleans,LA,4.0,6,1,1,true,false,false,true,none,no,,
qF8jkN4q4SajC4p4nKwjgQ__pizza,qF8jkN4q4SajC4p4nKwjgQ,Mona Lisa Restaurant,Pizza,qF8jkN4q4SajC4p4nKwjgQ,Pizza,29.9621826,-90.0607914,1581.551112,634.762696,New Orleans,LA,4.0,477,1,2,true,true,false,true,beer_and_wine,no,casual|classy,"{""Monday"": ""17:0-21:0"", ""Thursday"": ""17:0-21:0"", ""Friday"": ""17:0-21:0"", ""Saturday"": ""17:0-21:0"", ""Sunday"": ""17:0-21:0""}"
jf-QeaB7fFyOnfmPsA8QVw__pizza,jf-QeaB7fFyOnfmPsA8QVw,Figaro's,Pizza,jf-QeaB7fFyOnfmPsA8QVw,Pizza,29.9431960,-90.1314000,-5220.879457,-1476.453815,New Orleans,LA,3.5,18,0,2,true,true,true,true,full_bar,,casual,"{""Wednesday"": ""17:30-21:30"", ""Thursday"": ""17:30-21:30"", ""Friday"": ""17:30-22:30"", ""Saturday"": ""17:30-22:30"", ""Sunday"": ""17:30-21:30""}"
6Aa0t9YWJNknGP9tHWmG5Q__cocktail_bars,6Aa0t9YWJNknGP9tHWmG5Q,Rebellion Bar & Urban Kitchen,Cocktail Bars,6Aa0t9YWJNknGP9tHWmG5Q,Cocktail Bars,29.9459556,-90.0700234,692.140488,-1169.599871,New Orleans,LA,4.0,220,0,2,,,true,false,full_bar,free,classy|trendy,"{""Monday"": ""11:0-16:0"", ""Tuesday"": ""11:0-16:0"", ""Wednesday"": ""11:0-16:0"", ""Thursday"": ""11:0-16:0"", ""Friday"": ""11:0-20:0"", ""Saturday"": ""11:0-20:0"", ""Sunday"": ""11:0-18:0""}"
085mjp-y4qmKRMIj72x8xw__coffee_and_tea,085mjp-y4qmKRMIj72x8xw,Cafe Beignet - Canal Street,Coffee & Tea,085mjp-y4qmKRMIj72x8xw,Coffee & Tea,29.9526359,-90.0690289,787.950590,-426.783377,New Orleans,LA,4.0,87,1,1,true,false,true,,beer_and_wine,no,,"{""Monday"": ""0:0-0:0"", ""Tuesday"": ""7:30-14:30"", ""Wednesday"": ""7:30-14:30"", ""Thursday"": ""7:30-14:30"", ""Friday"": ""7:30-14:30"", ""Saturday"": ""7:30-14:30"", ""Sunday"": ""7:30-14:30""}"
83RwLMs2fUnXtn51zB4kgQ__seafood,83RwLMs2fUnXtn51zB4kgQ,China Palace,Seafood,83RwLMs2fUnXtn51zB4kgQ,Seafood,29.9662822,-90.2060953,-12417.022591,1090.618047,New Orleans,LA,4.5,23,1,2,true,true,false,true,full_bar,,,"{""Monday"": ""16:30-21:30"", ""Tuesday"": ""11:0-21:30"", ""Wednesday"": ""11:0-21:30"", ""Thursday"": ""11:0-21:30"", ""Friday"": ""11:0-21:30"", ""Saturday"": ""16:30-21:30"", ""Sunday"": ""12:0-21:30""}"
XS7-OeTmDUwVVz1MSbRBRA__burgers,XS7-OeTmDUwVVz1MSbRBRA,Smiley's Grill,Burgers,XS7-OeTmDUwVVz1MSbRBRA,Burgers,30.0079090,-90.0214610,5370.640759,5719.313412,New Orleans,LA,3.5,90,1,1,true,true,false,true,full_bar,free,casual,"{""Monday"": ""0:0-0:0"", ""Tuesday"": ""8:0-18:0"", ""Wednesday"": ""8:0-20:0"", ""Thursday"": ""8:0-20:0"", ""Friday"": ""8:0-20:0"", ""Saturday"": ""8:0-20:0"", ""Sunday"": ""8:0-20:0""}"
1XlT3ELRG2g2LA5zsxkWWA__seafood,1XlT3ELRG2g2LA5zsxkWWA,Cajun Seafood,Seafood,1XlT3ELRG2g2LA5zsxkWWA,Seafood,29.9508117,-90.1003912,-2233.489460,-629.630679,New Orleans,LA,4.0,165,1,2,true,false,false,true,beer_and_wine,no,casual,"{""Monday"": ""10:30-21:0"", ""Tuesday"": ""10:30-21:0"", ""Wednesday"": ""10:30-21:0"", ""Thursday"": ""10:30-21:0"", ""Friday"": ""10:30-21:0"", ""Saturday"": ""10:30-21:0"", ""Sunday"": ""11:0-20:30""}"
aROhaLh-dqtt-h6BG-gn2w__coffee_and_tea,aROhaLh-dqtt-h6BG-gn2w,Tout De Suite Cafe,Coffee & Tea,aROhaLh-dqtt-h6BG-gn2w,Coffee & Tea,29.9521206,-90.0511240,2512.908161,-484.082202,New Orleans,LA,4.5,212,1,2,true,false,true,true,none,free,casual,"{""Tuesday"": ""8:0-13:0"", ""Wednesday"": ""8:0-13:0"", ""Thursday"": ""8:0-13:0"", ""Friday"": ""8:0-13:0"", ""Saturday"": ""8:0-13:0"", ""Sunday"": ""8:0-13:0""}"
TdyHRkxn334JxtUSdGpIiw__american_(traditional),TdyHRkxn334JxtUSdGpIiw,biscuit & buns on banks,American (Traditional),TdyHRkxn334JxtUSdGpIiw,American (Traditional),29.9743948,-90.1061698,-2790.202687,1992.699254,New Orleans,LA,3.5,614,1,2,true,true,true,true,none,free,casual|classy,"{""Tuesday"": ""8:0-14:0"", ""Thursday"": ""9:0-14:0"", ""Friday"": ""9:0-14:0"", ""Saturday"": ""9:0-14:0"", ""Sunday"": ""9:0-14:0""}"
CYMUz5KDEGI3Faqaz0skBw__cajun_creole,CYMUz5KDEGI3Faqaz0skBw,Pete's Bistro and Lounge,Cajun/Creole,CYMUz5KDEGI3Faqaz0skBw,Cajun/Creole,29.9502241,-90.0695809,734.772987,-694.967029,New Orleans,LA,3.0,30,1,2,true,false,false,true,full_bar,free,classy,"{""Monday"": ""6:30-23:0"", ""Tuesday"": ""6:30-23:0"", ""Wednesday"": ""6:30-23:0"", ""Thursday"": ""6:30-23:0"", ""Friday"": ""6:30-23:0"", ""Saturday"": ""6:30-23:0"", ""Sunday"": ""6:30-23:0""}"
oDcv4f01R_Wlqk7Sk4Ielw__beer,oDcv4f01R_Wlqk7Sk4Ielw,Craft Beer Cellar,Beer,oDcv4f01R_Wlqk7Sk4Ielw,Beer,29.9261196,-90.0829986,-557.886838,-3375.266161,New Orleans,LA,5.0,10,0,1,true,,,,,,,"{""Monday"": ""12:0-20:0"", ""Tuesday"": ""12:0-20:0"", ""Wednesday"": ""12:0-20:0"", ""Thursday"": ""12:0-20:0"", ""Friday"": ""10:0-20:0"", ""Saturday"": ""10:0-20:0"", ""Sunday"": ""10:0-17:0""}"
Zp2_GDbmKT7YCA04ygIHZg__venues_and_event_spaces,Zp2_GDbmKT7YCA04ygIHZg,Holiday Inn New Orleans-Downtown Superdome,Venues & Event Spaces,Zp2_GDbmKT7YCA04ygIHZg,Venues & Event Spaces,29.9529960,-90.0749680,215.777861,-386.742028,New Orleans,LA,3.0,147,1,2,true,true,true,true,full_bar,free,,"{""Monday"": ""0:0-0:0"", ""Tuesday"": ""0:0-0:0"", ""Wednesday"": ""0:0-0:0"", ""Thursday"": ""0:0-0:0"", ""Friday"": ""0:0-0:0"", ""Saturday"": ""0:0-0:0"", ""Sunday"": ""0:0-0:0""}"
gv4Yb9Eiv1MCHwT6VRFa-Q__fitness_and_instruction,gv4Yb9Eiv1MCHwT6VRFa-Q,Salvation Fitness,Fitness & Instruction,gv4Yb9Eiv1MCHwT6VRFa-Q,Fitness & Instruction,29.9254861,-90.0843318,-686.330372,-3445.707566,New Orleans,LA,4.0,5,1,,,,,,,,,"{""Monday"": ""5:0-22:0"", ""Tuesday"": ""5:0-22:0"", ""Wednesday"": ""5:0-22:0"", ""Thursday"": ""5:0-22:0"", ""Friday"": ""5:0-22:0"", ""Saturday"": ""5:0-22:0"", ""Sunday"": ""5:0-22:0""}"
AZ42H2kk4JUiskC9NPoUjw__american_(traditional),AZ42H2kk4JUiskC9NPoUjw,Hobnobber's Variety Bar & Restaurant,American (Traditional),AZ42H2kk4JUiskC9NPoUjw,American (Traditional),29.9529740,-90.0708016,617.168721,-389.188320,New Orleans,LA,4.5,474,1,2,true,true,false,true,full_bar,no,divey,"{""Monday"": ""6:0-3:0"", ""Tuesday"": ""6:0-3:0"", ""Wednesday"": ""6:0-3:0"", ""Thursday"": ""6:0-14:0"", ""Friday"": ""6:0-3:0"", ""Saturday"": ""6:0-3:0"", ""Sunday"": ""6:0-3:0""}"
FKwQsrcZXy-NUKszOcV8mQ__fast_food,FKwQsrcZXy-NUKszOcV8mQ,McDonalds,Fast Food,FKwQsrcZXy-NUKszOcV8mQ,Fast Food,29.9546376,-90.0719017,511.185118,-204.204185,New Orleans,LA,2.0,10,0,1,true,false,false,false,none,free,,
QQWQQaaHh7ZIx9pitLwnzg__venues_and_event_spaces,QQWQQaaHh7ZIx9pitLwnzg,Hotel 504,Venues & Event Spaces,QQWQQaaHh7ZIx9pitLwnzg,Venues & Event Spaces,29.9561903,-90.0745672,254.390922,-31.551584,New Orleans,LA,2.5,29,0,2,,,,,,free,,
E5n7E-kk6_jXpS2XmpEo7Q__specialty_food,E5n7E-kk6_jXpS2XmpEo7Q,Brother's Xpress Food Mart,Specialty Food,E5n7E-kk6_jXpS2XmpEo7Q,Specialty Food,29.9905550,-90.0578680,1863.191387,3789.633990,New Orleans,LA,3.5,13,1,1,true,,,,,,,
M4OWJbaUD2qStF9eeYeNMg__seafood,M4OWJbaUD2qStF9eeYeNMg,MadChef at 59th Restaurant & Bar,Seafood,M4OWJbaUD2qStF9eeYeNMg,Seafood,30.0406904,-89.9549503,11778.280922,9364.439646,New Orleans,LA,4.0,72,1,2,true,true,false,,full_bar,free,casual,"{""Monday"": ""0:0-0:0"", ""Tuesday"": ""12:0-22:0"", ""Wednesday"": ""12:0-19:0"", ""Thursday"": ""12:0-22:0"", ""Friday"": ""12:0-23:0"", ""Saturday"": ""12:0-23:0""}"
LVhlQGAochcp0amO6-OX-g__fast_food,LVhlQGAochcp0amO6-OX-g,McDonald's,Fast Food,LVhlQGAochcp0amO6-OX-g,Fast Food,29.9836547,-90.0708445,613.035737,3022.354578,New Orleans,LA,1.5,31,1,1,true,true,false,true,none,free,,"{""Monday"": ""0:0-0:0"", ""Tuesday"": ""0:0-0:0"", ""Wednesday"": ""0:0-0:0"", ""Thursday"": ""0:0-0:0"", ""Friday"": ""0:0-0:0"", ""Saturday"": ""0:0-0:0"", ""Sunday"": ""0:0-0:0""}"
YIWBvaCSeIKLcXAQWkvz9w__southern,YIWBvaCSeIKLcXAQWkvz9w,Bonafried,Southern,YIWBvaCSeIKLcXAQWkvz9w,Southern,29.9219677,-90.1073935,-2908.093912,-3836.936336,New Orleans,LA,4.5,28,1,1,true,false,true,true,none,no,,"{""Wednesday"": ""18:0-21:0"", ""Thursday"": ""11:0-13:30"", ""Friday"": ""20:0-0:0"", ""Saturday"": ""20:0-0:0""}"
uuZC2TCcjjeUaAjLc0l_RA__fitness_and_instruction,uuZC2TCcjjeUaAjLc0l_RA,Yoga Bywater,Fitness & Instruction,uuZC2TCcjjeUaAjLc0l_RA,Fitness & Instruction,29.9651708,-90.0432824,3268.367687,967.035834,New Orleans,LA,4.0,5,0,,,,,false,,,,
kScdTf3kazTb5uBJfaOlMw__beer,kScdTf3kazTb5uBJfaOlMw,8 Block Kitchen & Bar,Beer,kScdTf3kazTb5uBJfaOlMw,Beer,29.9497440,-90.0772740,-6.382115,-748.348429,New Orleans,LA,3.0,51,1,2,false,false,false,true,full_bar,no,,"{""Monday"": ""7:0-14:0"", ""Tuesday"": ""7:0-14:0"", ""Wednesday"": ""7:0-14:0"", ""Thursday"": ""7:0-14:0"", ""Friday"": ""7:0-14:0"", ""Saturday"": ""7:0-12:0""}"
IME3_lp9coh9_S3GTmAXZg__southern,IME3_lp9coh9_S3GTmAXZg,Wolfe's in the Warehouse,Southern,IME3_lp9coh9_S3GTmAXZg,Southern,29.9432332,-90.0648598,1189.601569,-1472.317358,New Orleans,LA,3.0,30,0,2,true,false,false,false,full_bar,paid,,"{""Monday"": ""6:30-0:0"", ""Tuesday"": ""6:30-0:0"", ""Wednesday"": ""6:30-0:0"", ""Thursday"": ""6:30-0:0"", ""Friday"": ""6:30-0:0"", ""Saturday"": ""6:30-0:0"", ""Sunday"": ""6:30-0:0""}"
3xo_pw3SwqeZ3l2OP95Azw__burgers,3xo_pw3SwqeZ3l2OP95Azw,Boo Koo BBQ,Burgers,3xo_pw3SwqeZ3l2OP95Azw,Burgers,29.9696172,-90.0992355,-2122.152417,1461.453639,New Orleans,LA,4.0,47,0,1,true,false,true,false,full_bar,free,divey,"{""Monday"": ""18:0-22:0"", ""Tuesday"": ""18:0-22:0"", ""Wednesday"": ""18:0-22:0"", ""Thursday"": ""11:0-22:0"", ""Friday"": ""11:0-1:0"", ""Saturday"": ""11:0-1:0"", ""Sunday"": ""11:0-22:0""}"
MMrNE_BXhDM2BC3rEe1VpQ__specialty_food,MMrNE_BXhDM2BC3rEe1VpQ,Auntie Anne's,Specialty Food,MMrNE_BXhDM2BC3rEe1VpQ,Specialty Food,29.9446450,-90.0622050,1445.364927,-1315.332143,New Orleans,LA,2.5,7,1,2,true,true,,,,,,"{""Monday"": ""11:0-19:0"", ""Tuesday"": ""11:0-19:0"", ""Wednesday"": ""11:0-19:0"", ""Thursday"": ""11:0-19:0"", ""Friday"": ""11:0-19:0"", ""Saturday"": ""0:0-19:0"", ""Sunday"": ""0:0-18:0""}"
kYhiXEFyOMCvuLLRMkMtJw__american_(traditional),kYhiXEFyOMCvuLLRMkMtJw,701 Bar & Restaurant,American (Traditional),kYhiXEFyOMCvuLLRMkMtJw,American (Traditional),29.9463894,-90.0675592,929.541448,-1121.363445,New Orleans,LA,3.5,70,0,,,,true,,,,,
PRrWtQ3rdINngwESZNefVQ__american_(new),PRrWtQ3rdINngwESZNefVQ,Catalino's,American (New),PRrWtQ3rdINngwESZNefVQ,American (New),29.9421199,-90.1301120,-5096.793573,-1596.110841,New Orleans,LA,4.5,73,0,2,true,false,false,true,full_bar,no,casual|trendy,"{""Monday"": ""0:0-0:0""}"
pKykk7lnD6Tf9wSzJYRyJA__coffee_and_tea,pKykk7lnD6Tf9wSzJYRyJA,Starbucks,Coffee & Tea,pKykk7lnD6Tf9wSzJYRyJA,Coffee & Tea,29.9262443,-90.0830885,-566.550884,-3361.399456,New Orleans,LA,3.0,111,1,1,true,,true,true,,free,,"{""Monday"": ""0:0-0:0"", ""Tuesday"": ""5:30-18:0"", ""Wednesday"": ""5:30-18:0"", ""Thursday"": ""5:30-18:0"", ""Friday"": ""5:30-18:0"", ""Saturday"": ""5:30-18:0"", ""Sunday"": ""6:0-18:0""}"
ZGznjpkqi6a_It4lAgCnYw__fast_food,ZGznjpkqi6a_It4lAgCnYw,Izzo's Illegal Burrito,Fast Food,ZGznjpkqi6a_It4lAgCnYw,Fast Food,29.9212607,-90.0978321,-1986.948900,-3915.551258,New Orleans,LA,2.5,89,1,1,true,true,true,true,none,no,casual,"{""Monday"": ""0:0-0:0"", ""Tuesday"": ""10:30-21:0"", ""Wednesday"": ""10:30-21:0"", ""Thursday"": ""10:30-21:0"", ""Friday"": ""10:30-20:0"", ""Saturday"": ""10:30-20:0"", ""Sunday"": ""10:30-21:0""}"
BRXYWO_BPuLZqDjuDERLTw__coffee_and_tea,BRXYWO_BPuLZqDjuDERLTw,Antoine's Annex,Coffee & Tea,BRXYWO_BPuLZqDjuDERLTw,Coffee & Tea,29.9568067,-90.0660588,1074.089942,36.989064,New Orleans,LA,3.5,131,0,1,true,,true,,none,free,,"{""Monday"": ""8:0-20:0"", ""Tuesday"": ""8:0-20:0"", ""Wednesday"": ""8:0-20:0"", ""Thursday"": ""8:0-20:0"", ""Friday"": ""8:0-20:0"", ""Saturday"": ""8:0-20:0"", ""Sunday"": ""8:0-20:0""}"
yyZheinbU4-tTDKPcg-ZZw__beer,yyZheinbU4-tTDKPcg-ZZw,Pirogues,Beer,yyZheinbU4-tTDKPcg-ZZw,Beer,29.9771908,-90.0769482,25.001873,2303.601188,New Orleans,LA,4.5,33,1,1,true,true,false,false,none,no,casual|divey,"{""Thursday"": ""9:0-0:0"", ""Friday"": ""9:0-0:0"", ""Saturday"": ""9:0-0:0"", ""Sunday"": ""9:0-23:0""}"
BbnL_wJLB-EHvFx0dXuAjg__seafood,BbnL_wJLB-EHvFx0dXuAjg,Olde Nola Cookery,Seafood,BbnL_wJLB-EHvFx0dXuAjg,Seafood,29.9548610,-90.0689931,791.396642,-179.361836,New Orleans,LA,4.0,1318,1,2,true,true,true,true,full_bar,free,casual|classy|touristy,"{""Monday"": ""11:0-1:0"", ""Tuesday"": ""11:0-1:0"", ""Wednesday"": ""11:0-1:0"", ""Thursday"": ""11:0-1:0"", ""Friday"": ""11:0-2:0"", ""Saturday"": ""11:0-2:0"", ""Sunday"": ""11:0-1:0""}"
nVoe26Oy7i3lIaNdh1ugjA__art_galleries,nVoe26Oy7i3lIaNdh1ugjA,Black Heritage Gallery,Art Galleries,nVoe26Oy7i3lIaNdh1ugjA,Art Galleries,29.9590184,-90.0654619,1131.595272,282.919223,New Orleans,LA,4.5,7,1,2,,,,false,,,,"{""Monday"": ""11:0-21:0"", ""Tuesday"": ""11:0-21:0"", ""Wednesday"": ""11:0-21:0"", ""Thursday"": ""11:0-21:0"", ""Friday"": ""11:0-21:0"", ""Saturday"": ""11:0-21:0"", ""Sunday"": ""11:0-21:0""}"
5XIRVUUsUMNyHX0JXvmkWA__beer,5XIRVUUsUMNyHX0JXvmkWA,Zara's Little Giant Supermarket,Beer,5XIRVUUsUMNyHX0JXvmkWA,Beer,29.9334660,-90.0783550,-110.525626,-2558.381945,New Orleans,LA,3.0,12,0,2,,,,,,,,"{""Monday"": ""8:30-19:0"", ""Tuesday"": ""8:30-19:0"", ""Wednesday"": ""8:30-19:0"", ""Thursday"": ""8:30-19:0"", ""Friday"": ""8:30-19:0"", ""Saturday"": ""8:30-19:0""}"
cIYe1XRc7zLqJ3XInaXywA__desserts,cIYe1XRc7zLqJ3XInaXywA,Tee Eva's Famous Old Fashioned Pies & Pralines,Desserts,cIYe1XRc7zLqJ3XInaXywA,Desserts,29.9205822,-90.1111055,-3265.707889,-3990.997120,New Orleans,LA,3.5,35,0,1,true,,,,,,,"{""Monday"": ""11:0-18:0"", ""Tuesday"": ""11:0-18:0"", ""Wednesday"": ""11:0-18:0"", ""Thursday"": ""11:0-18:0"", ""Friday"": ""11:0-18:0"", ""Saturday"": ""11:0-18:0"", ""Sunday"": ""12:0-17:0""}"
yk5S9Lrs0EUHUKxujlGEAA__sandwiches,yk5S9Lrs0EUHUKxujlGEAA,Quarter Grocery & Deli,Sandwiches,yk5S9Lrs0EUHUKxujlGEAA,Sandwiches,29.9613140,-90.0659809,1081.594826,538.178649,New Orleans,LA,4.5,108,1,1,true,false,false,true,full_bar,no,casual,"{""Monday"": ""9:0-21:0"", ""Tuesday"": ""9:0-21:0"", ""Wednesday"": ""9:0-21:0"", ""Thursday"": ""9:0-21:0"", ""Friday"": ""9:0-21:0"", ""Saturday"": ""9:0-21:0"", ""Sunday"": ""9:0-21:0""}"
9Ip7jPc0L8BfqwAYa7Lqzg__coffee_and_tea,9Ip7jPc0L8BfqwAYa7Lqzg,Orleans Coffee Espresso Bar,Coffee & Tea,9Ip7jPc0L8BfqwAYa7Lqzg,Coffee & Tea,29.9265340,-90.0920833,-1433.109667,-3329.186242,New Orleans,LA,4.0,22,1,1,true,,true,,,free,,"{""Monday"": ""6:30-15:0"", ""Tuesday"": ""6:30-15:0"", ""Wednesday"": ""6:30-15:0"", ""Thursday"": ""6:30-15:0"", ""Friday"": ""6:30-15:0"", ""Saturday"": ""8:0-14:0""}"
voWjA6zfmXLIbKAoqwBnug__cocktail_bars,voWjA6zfmXLIbKAoqwBnug,Green Goddess,Cocktail Bars,voWjA6zfmXLIbKAoqwBnug,Cocktail Bars,29.9548090,-90.0669730,986.015939,-185.145348,New Orleans,LA,4.0,1067,0,2,,false,true,false,beer_and_wine,no,casual|classy,"{""Wednesday"": ""12:0-21:0"", ""Thursday"": ""12:0-21:0"", ""Friday"": ""12:0-21:0"", ""Saturday"": ""12:0-21:0"", ""Sunday"": ""12:0-21:0""}"
0bFgBWMmCTXwGT932s6z2A__coffee_and_tea,0bFgBWMmCTXwGT932s6z2A,PJ's Coffee,Coffee & Tea,0bFgBWMmCTXwGT932s6z2A,Coffee & Tea,29.9502370,-90.0662030,1060.197718,-693.529255,New Orleans,LA,3.5,26,1,2,true,,false,,,free,,"{""Monday"": ""7:0-13:0"", ""Tuesday"": ""7:0-13:0"", ""Wednesday"": ""7:0-13:0"", ""Thursday"": ""7:0-13:0"", ""Friday"": ""7:0-18:0"", ""Saturday"": ""7:0-18:0"", ""Sunday"": ""7:0-18:0""}"
MoSyhSKj62gqBJyR_e5kIA__fast_food,MoSyhSKj62gqBJyR_e5kIA,McDonald's,Fast Food,MoSyhSKj62gqBJyR_e5kIA,Fast Food,29.9694730,-90.0496370,2656.165699,1445.419309,New Orleans,LA,1.5,45,1,1,true,true,false,true,none,free,,"{""Monday"": ""0:0-0:0"", ""Tuesday"": ""0:0-0:0"", ""Wednesday"": ""0:0-0:0"", ""Thursday"": ""0:0-0:0"", ""Friday"": ""0:0-0:0"", ""Saturday"": ""0:0-0:0"", ""Sunday"": ""0:0-0:0""}"
1QJD4wh6gdlO6I1h0_FiZg__coffee_and_tea,1QJD4wh6gdlO6I1h0_FiZg,Levee Baking Co.,Coffee & Tea,1QJD4wh6gdlO6I1h0_FiZg,Coffee & Tea,29.9237454,-90.0861755,-863.952379,-3639.264842,New Orleans,LA,4.5,44,1,2,true,false,,,,,,"{""Monday"": ""0:0-0:0"", ""Thursday"": ""9:0-13:0"", ""Friday"": ""9:0-13:0"", ""Saturday"": ""9:0-13:0"", ""Sunday"": ""9:0-13:0""}"
UD75az_kM1vyrOCGrgGjmw__desserts,UD75az_kM1vyrOCGrgGjmw,Bubby's Snoballs,Desserts,UD75az_kM1vyrOCGrgGjmw,Desserts,30.0060791,-90.1182293,-3952.014584,5515.837535,New Orleans,LA,3.5,15,1,1,true,,,,,no,,
gVOGhGWjgDJS14bdq0uaxA__burgers,gVOGhGWjgDJS14bdq0uaxA,Baby's Snack Box,Burgers,gVOGhGWjgDJS14bdq0uaxA,Burgers,29.9665424,-90.0763501,82.626385,1119.551006,New Orleans,LA,4.0,8,1,1,true,true,true,true,none,no,,
C3vrcBXbmQLUFOF6FnC_PA__fitness_and_instruction,C3vrcBXbmQLUFOF6FnC_PA,Awakenings Pole & Aerial Fitness,Fitness & Instruction,C3vrcBXbmQLUFOF6FnC_PA,Fitness & Instruction,29.9571705,-90.0745357,257.425631,77.441834,New Orleans,LA,5.0,31,1,,,,,false,,,,"{""Monday"": ""19:0-22:30"", ""Tuesday"": ""19:0-22:30"", ""Wednesday"": ""19:0-22:30"", ""Thursday"": ""17:0-20:30"", ""Friday"": ""10:30-14:0"", ""Saturday"": ""11:30-15:0"", ""Sunday"": ""13:0-19:30""}"
HaU-6tP8YEinZsgnLwxT-A__art_galleries,HaU-6tP8YEinZsgnLwxT-A,Adrian Fulton Art Galleries,Art Galleries,HaU-6tP8YEinZsgnLwxT-A,Art Galleries,29.9552193,-90.0664444,1036.941538,-139.525476,New Orleans,LA,5.0,7,1,,,,,true,,,,"{""Friday"": ""10:0-0:0"", ""Saturday"": ""10:0-0:0"", ""Sunday"": ""10:0-0:0""}"
7k-tfmFwqgPYPMIGik4HIg__american_(new),7k-tfmFwqgPYPMIGik4HIg,American Townhouse,American (New),7k-tfmFwqgPYPMIGik4HIg,American (New),29.9630034,-90.0657423,1104.582805,726.028115,New Orleans,LA,5.0,11,1,2,true,true,true,,,free,,"{""Monday"": ""15:0-1:0"", ""Tuesday"": ""15:0-1:0"", ""Wednesday"": ""15:0-1:0"", ""Thursday"": ""15:0-1:0"", ""Friday"": ""15:0-2:0"", ""Saturday"": ""11:0-2:0"", ""Sunday"": ""11:0-1:0""}"
UVLgIx4S6NZ8eoUjpYplYw__specialty_food,UVLgIx4S6NZ8eoUjpYplYw,Continental Provisions,Specialty Food,UVLgIx4S6NZ8eoUjpYplYw,Specialty Food,29.9604722,-90.0584197,1810.038226,444.578411,New Orleans,LA,4.5,35,0,2,true,false,true,true,none,no,casual,"{""Monday"": ""10:0-18:0"", ""Tuesday"": ""10:0-18:0"", ""Wednesday"": ""10:0-18:0"", ""Thursday"": ""10:0-18:0"", ""Friday"": ""10:0-18:0"", ""Saturday"": ""10:0-18:0"", ""Sunday"": ""10:0-18:0""}"
6bYiFikJaXh1I1uFmDoQ5A__venues_and_event_spaces,6bYiFikJaXh1I1uFmDoQ5A,Bourbon Vieux,Venues & Event Spaces,6bYiFikJaXh1I1uFmDoQ5A,Venues & Event Spaces,29.9572190,-90.0670821,975.505248,82.834795,New Orleans,LA,4.5,15,1,2,,,true,,full_bar,,,"{""Monday"": ""11:0-0:0"", ""Tuesday"": ""11:0-0:0"", ""Wednesday"": ""11:0-0:0"", ""Thursday"": ""11:0-0:0"", ""Friday"": ""10:0-2:0"", ""Saturday"": ""10:0-2:0"", ""Sunday"": ""10:0-0:0""}"
VOaWZhnatGDLl1PBrXKTjg__southern,VOaWZhnatGDLl1PBrXKTjg,7 On Fulton,Southern,VOaWZhnatGDLl1PBrXKTjg,Southern,29.9459987,-90.0653132,1145.921025,-1164.807363,New Orleans,LA,3.0,25,0,3,true,false,false,false,full_bar,free,upscale,"{""Monday"": ""7:0-22:0"", ""Tuesday"": ""7:0-22:0"", ""Wednesday"": ""7:0-22:0"", ""Thursday"": ""7:0-22:0"", ""Friday"": ""7:0-22:0"", ""Saturday"": ""7:0-22:0"", ""Sunday"": ""7:0-22:0""}"
6ZiDuFIsSJxz7U1D98sQyQ__coffee_and_tea,6ZiDuFIsSJxz7U1D98sQyQ,CC's Coffee House,Coffee & Tea,6ZiDuFIsSJxz7U1D98sQyQ,Coffee & Tea,29.9210348,-90.1152602,-3665.971572,-3940.670227,New Orleans,LA,4.0,35,1,1,true,,true,,,free,,"{""Monday"": ""6:0-21:0"", ""Tuesday"": ""6:0-21:0"", ""Wednesday"": ""6:0-21:0"", ""Thursday"": ""6:0-21:0"", ""Friday"": ""6:0-21:0"", ""Saturday"": ""6:0-21:0"", ""Sunday"": ""6:0-21:0""}"
I3Uy20BKx7G-Fzz6hLIeWg__american_(new),I3Uy20BKx7G-Fzz6hLIeWg,Restaurant August,American (New),I3Uy20BKx7G-Fzz6hLIeWg,American (New),29.9500000,-90.0668309,999.705849,-719.882489,New Orleans,LA,4.5,1326,1,4,,,,false,full_bar,no,classy|upscale,"{""Tuesday"": ""17:0-20:0"", ""Wednesday"": ""17:0-21:0"", ""Thursday"": ""17:0-21:0"", ""Friday"": ""17:0-21:0"", ""Saturday"": ""17:0-21:0"", ""Sunday"": ""17:0-21:0""}"
QNB4Um92QR49c1w5cKDbIQ__beer,QNB4Um92QR49c1w5cKDbIQ,Zara's Lil' Giant Supermarket & Po-boys,Beer,QNB4Um92QR49c1w5cKDbIQ,Beer,29.9243901,-90.1073851,-2907.287199,-3567.577963,New Orleans,LA,4.0,76,1,1,true,true,true,true,full_bar,free,casual,"{""Monday"": ""0:0-0:0"", ""Tuesday"": ""7:30-20:30"", ""Wednesday"": ""7:30-20:30"", ""Thursday"": ""7:30-20:30"", ""Friday"": ""7:30-20:30"", ""Saturday"": ""7:30-20:30"", ""Sunday"": ""7:30-18:0""}"
WXgV2lOUgas7DzTLeDau-w__cocktail_bars,WXgV2lOUgas7DzTLeDau-w,The Rum House,Cocktail Bars,WXgV2lOUgas7DzTLeDau-w,Cocktail Bars,29.9240392,-90.0860112,-848.123722,-3606.595728,New Orleans,LA,4.0,1599,1,2,true,true,,true,full_bar,no,casual|classy,"{""Monday"": ""0:0-0:0"", ""Tuesday"": ""11:0-16:0"", ""Thursday"": ""11:0-22:0"", ""Friday"": ""11:0-22:0"", ""Saturday"": ""11:0-22:0"", ""Sunday"": ""11:0-22:0""}"
TvbJq1a1Xto5w6t4zMUYHQ__desserts,TvbJq1a1Xto5w6t4zMUYHQ,Vessel NOLA,Desserts,TvbJq1a1Xto5w6t4zMUYHQ,Desserts,29.9741715,-90.0974329,-1948.489983,1967.869393,New Orleans,LA,4.0,397,1,2,true,true,true,false,full_bar,free,casual|classy|romantic|trendy,"{""Monday"": ""0:0-0:0"", ""Tuesday"": ""11:0-22:0"", ""Wednesday"": ""11:0-22:0"", ""Thursday"": ""11:0-22:0"", ""Friday"": ""11:0-23:0"", ""Saturday"": ""10:0-23:0"", ""Sunday"": ""10:0-22:0""}"
1bzYODPGqkC9aqn_QZUHmQ__breakfast_and_brunch,1bzYODPGqkC9aqn_QZUHmQ,Oak Street Cafe,Breakfast & Brunch,1bzYODPGqkC9aqn_QZUHmQ,Breakfast & Brunch,29.9479579,-90.1306527,-5148.884596,-946.953962,New Orleans,LA,3.5,78,0,2,true,false,true,true,none,paid,casual,"{""Monday"": ""6:30-14:0"", ""Tuesday"": ""6:30-14:0"", ""Wednesday"": ""6:30-14:0"", ""Thursday"": ""6:30-14:0"", ""Friday"": ""6:30-14:0"", ""Saturday"": ""6:30-14:0"", ""Sunday"": ""7:30-14:0""}"
vdK-a7mOXdNWEL1-z01LQQ__pizza,vdK-a7mOXdNWEL1-z01LQQ,Domino's Pizza,Pizza,vdK-a7mOXdNWEL1-z01LQQ,Pizza,30.0110046,-90.0206692,5446.922749,6063.528903,New Orleans,LA,2.0,12,1,1,true,true,,,none,,,"{""Monday"": ""10:30-0:0"", ""Tuesday"": ""10:30-0:0"", ""Wednesday"": ""10:30-0:0"", ""Thursday"": ""10:30-0:0"", ""Friday"": ""10:30-1:0"", ""Saturday"": ""10:30-1:0"", ""Sunday"": ""10:30-0:0""}"
XiI9BfKndmQ7dQFyVgUu3Q__beer,XiI9BfKndmQ7dQFyVgUu3Q,Vom Fass,Beer,XiI9BfKndmQ7dQFyVgUu3Q,Beer,29.9217370,-90.1185630,-3984.163232,-3862.589041,New Orleans,LA,4.0,8,0,2,,,,,,,,"{""Monday"": ""10:0-18:0"", ""Tuesday"": ""10:0-18:0"", ""Wednesday"": ""10:0-18:0"", ""Thursday"": ""10:0-18:0"", ""Friday"": ""10:0-18:0"", ""Saturday"": ""10:0-18:0""}"
1DxIGnI4mDDJyeIPkHemnw__desserts,1DxIGnI4mDDJyeIPkHemnw,Miss River Restaurant,Desserts,1DxIGnI4mDDJyeIPkHemnw,Desserts,29.9490883,-90.0638995,1282.115187,-821.260011,New Orleans,LA,4.0,22,1,,,,,,,,classy,"{""Monday"": ""17:0-22:0"", ""Tuesday"": ""17:0-22:0"", ""Wednesday"": ""17:0-22:0"", ""Thursday"": ""17:0-22:0"", ""Friday"": ""17:0-22:0"", ""Saturday"": ""17:0-22:0"", ""Sunday"": ""17:0-22:0""}"
KEa5-nmeL7j-0seUG6eRIA__desserts,KEa5-nmeL7j-0seUG6eRIA,Woops!,Desserts,KEa5-nmeL7j-0seUG6eRIA,Desserts,29.9480730,-90.0625330,1413.765416,-934.155408,New Orleans,LA,4.5,11,0,,true,false,,,,no,,
UpWz3x_F0weePIGDAstc1Q__fast_food,UpWz3x_F0weePIGDAstc1Q,Wendy's,Fast Food,UpWz3x_F0weePIGDAstc1Q,Fast Food,30.0444108,-89.9617232,11125.774384,9778.131968,New Orleans,LA,2.0,10,1,1,true,true,false,true,,free,,"{""Monday"": ""10:0-2:0"", ""Tuesday"": ""10:0-2:0"", ""Wednesday"": ""10:0-2:0"", ""Thursday"": ""10:0-2:0"", ""Friday"": ""10:0-2:0"", ""Saturday"": ""10:0-2:0"", ""Sunday"": ""10:0-2:0""}"
UaAy_PkVA0YnwjYLmp1WdQ__cajun_creole,UaAy_PkVA0YnwjYLmp1WdQ,New Orleans Cooking Experience,Cajun/Creole,UaAy_PkVA0YnwjYLmp1WdQ,Cajun/Creole,29.9406590,-90.0788479,-158.011598,-1758.555733,New Orleans,LA,4.5,12,0,4,false,false,,false,,,,
OAjof8dhS2zScmZh2Xuo1A__beer,OAjof8dhS2zScmZh2Xuo1A,Whole Foods Market,Beer,OAjof8dhS2zScmZh2Xuo1A,Beer,29.9211240,-90.1174950,-3881.272142,-3930.751626,New Orleans,LA,3.5,182,1,3,,,true,,,free,,"{""Monday"": ""0:0-0:0"", ""Tuesday"": ""10:0-18:0"", ""Wednesday"": ""7:0-21:0"", ""Thursday"": ""8:0-15:0"", ""Friday"": ""8:0-21:0"", ""Saturday"": ""9:0-20:0"", ""Sunday"": ""10:0-18:0""}"
FdImAPaSTafu7ZhvgZPdGA__art_galleries,FdImAPaSTafu7ZhvgZPdGA,Jamie Hayes Gallery,Art Galleries,FdImAPaSTafu7ZhvgZPdGA,Art Galleries,29.9570766,-90.0643672,1237.058639,67.000616,New Orleans,LA,4.5,47,0,2,,,,true,,no,,"{""Monday"": ""9:0-18:0"", ""Tuesday"": ""9:0-18:0"", ""Wednesday"": ""9:0-18:0"", ""Thursday"": ""9:0-18:0"", ""Friday"": ""9:0-18:0"", ""Saturday"": ""9:0-18:0"", ""Sunday"": ""9:0-18:0""}"
OPW8NuOC_9FVFXsaHOO5JA__burgers,OPW8NuOC_9FVFXsaHOO5JA,District Donuts Sliders & Brew Lakeview,Burgers,OPW8NuOC_9FVFXsaHOO5JA,Burgers,30.0050860,-90.1094084,-3102.204543,5405.409701,New Orleans,LA,4.0,196,1,2,true,true,true,true,none,free,casual,"{""Monday"": ""7:0-21:0"", ""Tuesday"": ""7:0-21:0"", ""Wednesday"": ""7:0-21:0"", ""Thursday"": ""7:0-21:0"", ""Friday"": ""7:0-21:0"", ""Saturday"": ""7:0-21:0"", ""Sunday"": ""7:0-21:0""}"
b05s_Hpgi-ITXSvk8v_-eQ__pizza,b05s_Hpgi-ITXSvk8v_-eQ,East of Italy,Pizza,b05s_Hpgi-ITXSvk8v_-eQ,Pizza,30.0274766,-90.0544731,2190.252106,7895.128805,New Orleans,LA,3.5,77,1,2,true,false,true,true,full_bar,no,casual,"{""Monday"": ""11:0-18:0"", ""Tuesday"": ""11:0-18:0"", ""Wednesday"": ""11:0-18:0"", ""Thursday"": ""11:0-18:0"", ""Friday"": ""11:0-18:0"", ""Saturday"": ""11:0-18:0""}"
EZtCmVJv_BI5CoyR-TCdVw__american_(traditional),EZtCmVJv_BI5CoyR-TCdVw,The Jung Hotel Lobby Restaurant & Lounge,American (Traditional),EZtCmVJv_BI5CoyR-TCdVw,American (Traditional),29.9578201,-90.0754428,170.036287,149.674158,New Orleans,LA,3.5,7,1,,,,,,,,classy,"{""Monday"": ""11:30-14:0"", ""Tuesday"": ""11:30-14:0"", ""Wednesday"": ""11:30-14:0"", ""Thursday"": ""11:30-14:0"", ""Friday"": ""11:30-14:0"", ""Saturday"": ""11:30-14:0"", ""Sunday"": ""11:30-14:0""}"
bjxpXg1gOwHsN_yaVzJCWQ__coffee_and_tea,bjxpXg1gOwHsN_yaVzJCWQ,Artisan Bar and Cafe,Coffee & Tea,bjxpXg1gOwHsN_yaVzJCWQ,Coffee & Tea,29.9687860,-90.0505450,2568.689005,1369.028288,New Orleans,LA,4.0,39,1,2,true,true,true,false,full_bar,free,casual,"{""Monday"": ""13:0-23:0"", ""Wednesday"": ""13:0-23:0"", ""Thursday"": ""13:0-23:0"", ""Friday"": ""9:0-23:0"", ""Saturday"": ""9:0-23:0"", ""Sunday"": ""9:0-23:0""}"
1T4i26dJimZ0pB6x68Sk5g__american_(new),1T4i26dJimZ0pB6x68Sk5g,Casey's In The Quarter,American (New),1T4i26dJimZ0pB6x68Sk5g,American (New),29.9609770,-90.0582659,1824.857712,500.705907,New Orleans,LA,5.0,7,0,,true,,true,true,full_bar,no,,
c-iKAO2GBzSKjm7y1Oljcw__seafood,c-iKAO2GBzSKjm7y1Oljcw,Red Fish Grill,Seafood,c-iKAO2GBzSKjm7y1Oljcw,Seafood,29.9544680,-90.0696096,732.005968,-223.062870,New Orleans,LA,4.0,1984,1,2,true,true,,true,full_bar,free,casual,"{""Monday"": ""11:0-22:0"", ""Tuesday"": ""11:0-22:0"", ""Wednesday"": ""11:0-22:0"", ""Thursday"": ""11:0-22:0"", ""Friday"": ""11:0-23:0"", ""Saturday"": ""11:0-23:0"", ""Sunday"": ""11:0-22:0""}"
PKZwdGTapRvFsBYh0zQXpw__american_(new),PKZwdGTapRvFsBYh0zQXpw,Kenton's Restaurant,American (New),PKZwdGTapRvFsBYh0zQXpw,American (New),29.9216607,-90.1187546,-4002.620574,-3871.076984,New Orleans,LA,4.0,159,0,3,false,false,true,false,full_bar,no,classy,"{""Monday"": ""16:0-22:0"", ""Tuesday"": ""16:0-22:0"", ""Wednesday"": ""16:0-22:0"", ""Thursday"": ""16:0-22:0"", ""Friday"": ""11:30-23:0"", ""Saturday"": ""10:0-23:0"", ""Sunday"": ""10:0-22:0""}"
RhuFGWbkMSHWPEFvHVX5hg__fast_food,RhuFGWbkMSHWPEFvHVX5hg,Subway,Fast Food,RhuFGWbkMSHWPEFvHVX5hg,Fast Food,29.9350760,-90.0787135,-145.063506,-2379.357866,New Orleans,LA,2.0,15,1,1,true,true,false,true,none,,,"{""Monday"": ""6:30-20:0"", ""Tuesday"": ""6:30-20:0"", ""Wednesday"": ""8:0-20:0"", ""Thursday"": ""6:30-22:0"", ""Friday"": ""8:0-20:0"", ""Saturday"": ""8:0-21:0"", ""Sunday"": ""8:0-20:0""}"
q_z-FrCU0a8FguL3Jk52yw__pizza,q_z-FrCU0a8FguL3Jk52yw,Roman Pizza,Pizza,q_z-FrCU0a8FguL3Jk52yw,Pizza,29.9488507,-90.1197751,-4100.936913,-847.678995,New Orleans,LA,3.5,22,0,2,true,true,false,false,none,free,,"{""Monday"": ""11:0-0:0"", ""Tuesday"": ""11:0-0:0"", ""Wednesday"": ""11:0-0:0"", ""Thursday"": ""11:0-0:0"", ""Friday"": ""11:0-0:0"", ""Saturday"": ""11:0-0:0"", ""Sunday"": ""11:0-0:0""}"
yzMxuQYGIqHZCds5J21g2A__coffee_and_tea,yzMxuQYGIqHZCds5J21g2A,City Donuts & Café,Coffee & Tea,yzMxuQYGIqHZCds5J21g2A,Coffee & Tea,29.9417522,-90.0968178,-1889.228810,-1636.992323,New Orleans,LA,3.5,92,1,1,true,true,true,true,,free,,"{""Monday"": ""0:0-0:0"", ""Tuesday"": ""0:0-0:0"", ""Wednesday"": ""0:0-0:0"", ""Thursday"": ""0:0-0:0"", ""Friday"": ""0:0-0:0"", ""Saturday"": ""0:0-0:0"", ""Sunday"": ""0:0-0:0""}"
OjXIRs2Gm4H6hWo4bC7Qvg__american_(traditional),OjXIRs2Gm4H6hWo4bC7Qvg,The Jazz Playhouse,American (Traditional),OjXIRs2Gm4H6hWo4bC7Qvg,American (Traditional),29.9557250,-90.0680110,886.015048,-83.290654,New Orleans,LA,4.5,268,1,2,false,false,false,false,full_bar,free,classy|intimate|upscale,"{""Wednesday"": ""18:0-22:0"", ""Thursday"": ""18:0-22:0"", ""Friday"": ""18:0-22:0""}"
3aCIpZgIeDwB1uQBAaPbKQ__cafes,3aCIpZgIeDwB1uQBAaPbKQ,French Truck Coffee,Cafes,3aCIpZgIeDwB1uQBAaPbKQ,Cafes,29.9293047,-90.1045065,-2629.960411,-3021.098033,New Orleans,LA,4.5,246,1,1,true,false,true,true,none,free,casual|classy|hipster,"{""Monday"": ""0:0-0:0"", ""Tuesday"": ""6:30-18:0"", ""Wednesday"": ""6:30-14:0"", ""Thursday"": ""6:30-18:0"", ""Friday"": ""6:30-14:0"", ""Saturday"": ""7:30-18:0"", ""Sunday"": ""6:30-14:0""}"
4ne0sDtVUZSNMW46VK_BMw__venues_and_event_spaces,4ne0sDtVUZSNMW46VK_BMw,Le Museé de FPC,Venues & Event Spaces,4ne0sDtVUZSNMW46VK_BMw,Venues & Event Spaces,29.9742299,-90.0757841,137.151023,1974.361851,New Orleans,LA,5.0,26,1,,,,,true,,,,"{""Tuesday"": ""13:0-16:0"", ""Wednesday"": ""13:0-16:0"", ""Thursday"": ""13:0-16:0"", ""Friday"": ""13:0-16:0"", ""Saturday"": ""10:0-13:0"", ""Sunday"": ""13:0-16:0""}"
vloE7oh2OzOYGvZSt6aVFQ__coffee_and_tea,vloE7oh2OzOYGvZSt6aVFQ,PJ's Coffee - New Orleans,Coffee & Tea,vloE7oh2OzOYGvZSt6aVFQ,Coffee & Tea,29.9571524,-90.0639763,1274.717934,75.429203,New Orleans,LA,3.5,77,0,2,true,,false,,,free,,"{""Monday"": ""9:0-15:0"", ""Tuesday"": ""9:0-15:0"", ""Wednesday"": ""9:0-15:0"", ""Thursday"": ""9:0-15:0"", ""Friday"": ""9:0-15:0"", ""Saturday"": ""9:0-15:0"", ""Sunday"": ""9:0-15:0""}"
DVL9mc_UTAmMqHAsfBvZfg__venues_and_event_spaces,DVL9mc_UTAmMqHAsfBvZfg,"Q&C HotelBar New Orleans, Autograph Collection®",Venues & Event Spaces,DVL9mc_UTAmMqHAsfBvZfg,Venues & Event Spaces,29.9499740,-90.0688402,806.126523,-722.770358,New Orleans,LA,4.0,120,1,2,,,false,,full_bar,free,casual|hipster,"{""Monday"": ""0:0-0:0"", ""Tuesday"": ""0:0-0:0"", ""Wednesday"": ""0:0-0:0"", ""Thursday"": ""0:0-0:0"", ""Friday"": ""0:0-0:0"", ""Saturday"": ""0:0-0:0"", ""Sunday"": ""0:0-0:0""}"
RnonJF35oVk94puzrODrJg__beer,RnonJF35oVk94puzrODrJg,Elio's Wine Warehouse,Beer,RnonJF35oVk94puzrODrJg,Beer,29.9466801,-90.1127319,-3422.398457,-1089.042483,New Orleans,LA,3.5,41,1,2,true,,,,,,,"{""Monday"": ""11:0-19:0"", ""Tuesday"": ""11:0-19:0"", ""Wednesday"": ""11:0-19:0"", ""Thursday"": ""11:0-19:0"", ""Friday"": ""11:0-19:0"", ""Saturday"": ""11:0-19:0""}"
x5IHeDKH72KGBpnxfxa8jQ__specialty_food,x5IHeDKH72KGBpnxfxa8jQ,Southern Candymakers,Specialty Food,x5IHeDKH72KGBpnxfxa8jQ,Specialty Food,29.9593734,-90.0603141,1627.534181,322.393476,New Orleans,LA,4.5,85,1,2,true,,,,,,,"{""Monday"": ""9:0-18:0"", ""Tuesday"": ""9:0-18:0"", ""Wednesday"": ""9:0-18:0"", ""Thursday"": ""9:0-18:0"", ""Friday"": ""9:0-18:0"", ""Saturday"": ""9:0-18:0"", ""Sunday"": ""9:0-18:0""}"
NgbEvxmteR2VMGew0MyBkQ__fitness_and_instruction,NgbEvxmteR2VMGew0MyBkQ,Orangetheory Fitness Downtown New Orleans,Fitness & Instruction,NgbEvxmteR2VMGew0MyBkQ,Fitness & Instruction,29.9473395,-90.0684359,845.080194,-1015.717000,New Orleans,LA,4.5,15,1,,,,,,,,,
C6YaSrMAzy3jJqinlFVudw__sandwiches,C6YaSrMAzy3jJqinlFVudw,Welty's Deli and Catering,Sandwiches,C6YaSrMAzy3jJqinlFVudw,Sandwiches,29.9501402,-90.0688008,809.925738,-704.292939,New Orleans,LA,4.5,323,1,2,true,true,true,true,none,free,casual,"{""Monday"": ""7:0-14:0"", ""Tuesday"": ""7:0-14:0"", ""Wednesday"": ""7:0-14:0"", ""Thursday"": ""7:0-14:0"", ""Friday"": ""7:0-14:0""}"
QA8QLpwf_YT9C2ST5YJ0vw__southern,QA8QLpwf_YT9C2ST5YJ0vw,Galatoire's Restaurant,Southern,QA8QLpwf_YT9C2ST5YJ0vw,Southern,29.9550752,-90.0691749,773.884954,-155.545218,New Orleans,LA,3.5,954,1,3,true,false,false,false,full_bar,free,classy|upscale,"{""Wednesday"": ""11:30-21:0"", ""Thursday"": ""11:30-21:0"", ""Friday"": ""11:30-21:0"", ""Saturday"": ""11:30-21:0"", ""Sunday"": ""11:30-21:0""}"
JyDpriUoqv9kUU3VroNfAQ__desserts,JyDpriUoqv9kUU3VroNfAQ,FroYo Cafe and Sweets,Desserts,JyDpriUoqv9kUU3VroNfAQ,Desserts,29.9541387,-90.0700372,690.815360,-259.679232,New Orleans,LA,4.0,42,0,1,true,,false,,,free,,"{""Monday"": ""8:0-23:0"", ""Tuesday"": ""8:0-23:0"", ""Wednesday"": ""8:0-23:0"", ""Thursday"": ""8:0-23:0"", ""Friday"": ""8:0-0:0"", ""Saturday"": ""11:0-0:0"", ""Sunday"": ""11:0-23:0""}"
Hs-jwE791t3cX9ErgTcEFg__cafes,Hs-jwE791t3cX9ErgTcEFg,Corner Muse,Cafes,Hs-jwE791t3cX9ErgTcEFg,Cafes,29.9365739,-90.0718067,520.337415,-2212.798756,New Orleans,LA,4.5,52,0,1,false,false,true,true,none,no,casual,"{""Monday"": ""8:0-17:0"", ""Tuesday"": ""8:0-17:0"", ""Wednesday"": ""8:0-17:0"", ""Thursday"": ""8:0-17:0"", ""Friday"": ""8:0-17:0"", ""Saturday"": ""10:0-15:0""}"
h2DidMy9Q9qyGlQ5xaecMA__seafood,h2DidMy9Q9qyGlQ5xaecMA,Poke Loa,Seafood,h2DidMy9Q9qyGlQ5xaecMA,Seafood,29.9231991,-90.0886833,-1105.556970,-3700.009769,New Orleans,LA,4.0,238,1,2,true,,true,true,none,free,,"{""Monday"": ""10:45-21:0"", ""Tuesday"": ""10:45-21:0"", ""Wednesday"": ""10:45-21:0"", ""Thursday"": ""10:45-21:0"", ""Friday"": ""10:45-21:0"", ""Saturday"": ""10:45-21:0"", ""Sunday"": ""10:45-21:0""}"
8k3vSF9F0sJItv7ZFDFfmg__fast_food,8k3vSF9F0sJItv7ZFDFfmg,Red Rooster,Fast Food,8k3vSF9F0sJItv7ZFDFfmg,Fast Food,29.9410900,-90.0930246,-1523.789869,-1710.632344,New Orleans,LA,4.5,27,1,1,true,true,true,true,none,no,,"{""Monday"": ""0:0-0:0"", ""Tuesday"": ""10:30-17:0"", ""Wednesday"": ""10:30-17:0"", ""Thursday"": ""10:30-17:0"", ""Friday"": ""10:30-17:0"", ""Saturday"": ""10:30-17:0""}"
YvrV_Tc9syF2Wch0HOIT3A__american_(new),YvrV_Tc9syF2Wch0HOIT3A,Flamingo A-Go-Go,American (New),YvrV_Tc9syF2Wch0HOIT3A,American (New),29.9440635,-90.0697679,716.755351,-1379.992083,New Orleans,LA,3.5,791,1,2,true,true,true,true,full_bar,free,casual|hipster|trendy,"{""Thursday"": ""17:0-23:0"", ""Friday"": ""11:0-0:0"", ""Saturday"": ""9:0-0:0"", ""Sunday"": ""9:0-21:0""}"
DqQx0ROrpoNbvg9dmeq6Cg__beer,DqQx0ROrpoNbvg9dmeq6Cg,Treo,Beer,DqQx0ROrpoNbvg9dmeq6Cg,Beer,29.9677173,-90.1032280,-2506.787271,1250.197820,New Orleans,LA,4.5,88,0,2,false,false,true,false,full_bar,free,trendy,
jEpTPqsOxic63LmQpGX76g__seafood,jEpTPqsOxic63LmQpGX76g,Country Flame,Seafood,jEpTPqsOxic63LmQpGX76g,Seafood,29.9538930,-90.0678320,903.259903,-287.000041,New Orleans,LA,3.0,163,1,2,true,true,true,true,full_bar,free,divey,"{""Monday"": ""11:0-22:0"", ""Tuesday"": ""11:0-22:0"", ""Wednesday"": ""11:0-22:0"", ""Thursday"": ""11:0-22:0"", ""Friday"": ""11:0-23:30"", ""Saturday"": ""11:0-23:30"", ""Sunday"": ""11:0-22:0""}"
tEQAXWVNV-U5dgE1I-g1jg__american_(new),tEQAXWVNV-U5dgE1I-g1jg,The Fry Bar,American (New),tEQAXWVNV-U5dgE1I-g1jg,American (New),29.9510658,-90.0715323,546.773104,-601.370772,New Orleans,LA,4.5,7,0,,false,,,false,,,,
7EsXQiL_88dcjIPmVfo_0A__pizza,7EsXQiL_88dcjIPmVfo_0A,The Dough Bowl,Pizza,7EsXQiL_88dcjIPmVfo_0A,Pizza,29.9411307,-90.1234573,-4455.679959,-1706.105014,New Orleans,LA,3.0,22,0,1,true,true,true,false,none,no,divey,"{""Monday"": ""11:0-0:0"", ""Tuesday"": ""11:0-3:0"", ""Wednesday"": ""11:0-3:0"", ""Thursday"": ""11:0-3:0"", ""Friday"": ""11:0-4:0"", ""Saturday"": ""11:0-4:0"", ""Sunday"": ""11:0-0:0""}"
Kcv0o54px4WFk0ThXjqJPw__desserts,Kcv0o54px4WFk0ThXjqJPw,Pure Yogurt Culture,Desserts,Kcv0o54px4WFk0ThXjqJPw,Desserts,29.9440442,-90.1337521,-5447.480706,-1382.138148,New Orleans,LA,4.0,71,0,1,,,,,,no,,"{""Monday"": ""11:30-22:0"", ""Tuesday"": ""11:30-22:0"", ""Wednesday"": ""11:30-22:0"", ""Thursday"": ""11:30-22:0"", ""Friday"": ""11:30-23:0"", ""Sunday"": ""11:30-22:0""}"
kgYgdbWMxSoA-GaAL_sOag__art_galleries,kgYgdbWMxSoA-GaAL_sOag,We Bleed Ink Tattoos and Piercing,Art Galleries,kgYgdbWMxSoA-GaAL_sOag,Art Galleries,29.9522275,-90.1016664,-2356.345256,-472.195448,New Orleans,LA,4.0,9,1,1,,,,false,,,,"{""Monday"": ""12:0-0:0"", ""Tuesday"": ""12:0-0:0"", ""Wednesday"": ""12:0-0:0"", ""Thursday"": ""12:0-0:0"", ""Friday"": ""12:0-0:0"", ""Saturday"": ""12:0-0:0""}"
X5rK5djoh28uiK-rQZohiA__pizza,X5rK5djoh28uiK-rQZohiA,Sugar Park,Pizza,X5rK5djoh28uiK-rQZohiA,Pizza,29.9674210,-90.0447049,3131.324077,1217.247004,New Orleans,LA,4.0,91,0,2,true,true,true,true,full_bar,free,casual,"{""Tuesday"": ""16:0-22:0"", ""Wednesday"": ""16:0-22:0"", ""Thursday"": ""16:0-22:0"", ""Friday"": ""16:0-23:0"", ""Saturday"": ""16:0-23:0"", ""Sunday"": ""12:0-22:0""}"
hX8mDoDLluKNeKwU9mShJA__pizza,hX8mDoDLluKNeKwU9mShJA,13 Monaghan,Pizza,hX8mDoDLluKNeKwU9mShJA,Pizza,29.9629520,-90.0575079,1897.883411,720.316190,New Orleans,LA,3.5,361,0,2,true,true,false,false,full_bar,no,hipster,"{""Monday"": ""11:0-16:0"", ""Tuesday"": ""11:0-16:0"", ""Wednesday"": ""11:0-16:0"", ""Thursday"": ""11:0-16:0"", ""Friday"": ""11:0-16:0"", ""Saturday"": ""11:0-16:0"", ""Sunday"": ""11:0-16:0""}"
ksAh-0mf3xzQJ2OLoSVjFg__breakfast_and_brunch,ksAh-0mf3xzQJ2OLoSVjFg,Artz Bagelz,Breakfast & Brunch,ksAh-0mf3xzQJ2OLoSVjFg,Breakfast & Brunch,29.9239835,-90.0862766,-873.692350,-3612.789294,New Orleans,LA,3.5,57,0,1,true,false,true,true,none,no,casual,"{""Tuesday"": ""7:0-15:0"", ""Wednesday"": ""7:0-15:0"", ""Thursday"": ""7:0-15:0"", ""Friday"": ""7:0-15:0"", ""Saturday"": ""7:0-15:0"", ""Sunday"": ""7:0-15:0""}"
WNhcS2zi4zAqA2TbduVINQ__seafood,WNhcS2zi4zAqA2TbduVINQ,Cleo's,Seafood,WNhcS2zi4zAqA2TbduVINQ,Seafood,29.9546680,-90.0720080,500.944179,-200.823854,New Orleans,LA,4.0,746,1,2,true,true,true,true,none,free,casual|classy,"{""Monday"": ""0:0-0:0"", ""Tuesday"": ""0:0-0:0"", ""Wednesday"": ""0:0-0:0"", ""Thursday"": ""0:0-0:0"", ""Friday"": ""0:0-0:0"", ""Saturday"": ""0:0-0:0"", ""Sunday"": ""0:0-0:0""}"
-cDE_lW8Om8w0YIUriXXMg__coffee_and_tea,-cDE_lW8Om8w0YIUriXXMg,The Antidote Juice,Coffee & Tea,-cDE_lW8Om8w0YIUriXXMg,Coffee & Tea,29.9511957,-90.0710291,595.251378,-586.926531,New Orleans,LA,5.0,16,1,,true,true,true,,none,free,,"{""Monday"": ""0:0-0:0"", ""Tuesday"": ""7:0-17:0"", ""Wednesday"": ""7:0-17:0"", ""Thursday"": ""7:0-15:0"", ""Friday"": ""7:0-17:0"", ""Saturday"": ""9:0-17:0"", ""Sunday"": ""9:0-17:0""}"
1BNUfMv4meVXcYCcBmJn1g__art_galleries,1BNUfMv4meVXcYCcBmJn1g,Oak Street Tattoo,Art Galleries,1BNUfMv4meVXcYCcBmJn1g,Art Galleries,29.9519019,-90.1351145,-5578.734284,-508.400566,New Orleans,LA,5.0,7,0,,,,,,,,,"{""Tuesday"": ""12:0-18:0"", ""Wednesday"": ""12:0-18:0"", ""Thursday"": ""12:0-18:0"", ""Friday"": ""12:0-18:0"", ""Saturday"": ""12:0-18:0""}"
dT3wXJcYOjUnnCAPU67R2Q__sandwiches,dT3wXJcYOjUnnCAPU67R2Q,Black Label Icehouse,Sandwiches,dT3wXJcYOjUnnCAPU67R2Q,Sandwiches,29.9321526,-90.0900611,-1238.290975,-2704.425564,New Orleans,LA,3.5,47,0,2,true,false,true,false,full_bar,free,casual,"{""Monday"": ""16:0-0:0"", ""Tuesday"": ""16:0-0:0"", ""Wednesday"": ""16:0-0:0"", ""Thursday"": ""16:0-0:0"", ""Friday"": ""16:0-2:0"", ""Saturday"": ""11:0-2:0"", ""Sunday"": ""11:0-0:0""}"
Syn8MNcpgbipyYZar0GysA__burgers,Syn8MNcpgbipyYZar0GysA,Rum and the Lash,Burgers,Syn8MNcpgbipyYZar0GysA,Burgers,29.9813958,-90.1061956,-2792.688259,2771.176011,New Orleans,LA,4.0,22,0,1,true,true,true,false,full_bar,free,casual|divey,"{""Monday"": ""11:0-23:0"", ""Tuesday"": ""11:0-23:0"", ""Wednesday"": ""11:0-23:0"", ""Thursday"": ""11:0-23:0"", ""Friday"": ""11:0-23:0"", ""Saturday"": ""11:0-23:0"", ""Sunday"": ""11:0-23:0""}"
yD3vJQYB8lX8Se97oCVb2w__seafood,yD3vJQYB8lX8Se97oCVb2w,Rio Mar Restaurant,Seafood,yD3vJQYB8lX8Se97oCVb2w,Seafood,29.9443723,-90.0656029,1118.011335,-1345.655042,New Orleans,LA,3.5,99,0,3,false,false,false,false,full_bar,no,casual,"{""Monday"": ""17:30-22:0"", ""Tuesday"": ""17:30-22:0"", ""Wednesday"": ""17:30-22:0"", ""Thursday"": ""17:30-22:0"", ""Friday"": ""17:30-22:0"", ""Saturday"": ""17:30-22:0""}"
KDJoFaUy8Fx9cqkh0xzS7Q__fast_food,KDJoFaUy8Fx9cqkh0xzS7Q,Subway,Fast Food,KDJoFaUy8Fx9cqkh0xzS7Q,Fast Food,29.9501251,-90.0343745,4126.552937,-705.975509,New Orleans,LA,1.5,6,0,1,true,,false,false,none,no,,"{""Monday"": ""7:0-19:0"", ""Tuesday"": ""7:0-19:0"", ""Wednesday"": ""7:0-19:0"", ""Thursday"": ""7:0-19:0"", ""Friday"": ""7:0-19:0"", ""Saturday"": ""9:0-14:0""}"
r27NYWLcwdgPlD7tKfjavw__burgers,r27NYWLcwdgPlD7tKfjavw,Jaeger Burger Co,Burgers,r27NYWLcwdgPlD7tKfjavw,Burgers,30.0042545,-90.1042923,-2609.324389,5312.950992,New Orleans,LA,3.5,33,0,2,true,false,true,true,none,no,divey,"{""Monday"": ""11:0-21:0"", ""Tuesday"": ""11:0-21:0"", ""Wednesday"": ""11:0-21:0"", ""Thursday"": ""11:0-21:0"", ""Friday"": ""11:0-22:0"", ""Saturday"": ""11:0-22:0"", ""Sunday"": ""12:0-17:0""}"
2gwUf0JCJRTgu9p4ASUzeQ__venues_and_event_spaces,2gwUf0JCJRTgu9p4ASUzeQ,New Orleans Country Club,Venues & Event Spaces,2gwUf0JCJRTgu9p4ASUzeQ,Venues & Event Spaces,29.9792030,-90.1134502,-3491.596222,2527.347439,New Orleans,LA,3.0,6,1,,,,,true,,,,
if57kE6_VfR1nI1X93oHEA__desserts,if57kE6_VfR1nI1X93oHEA,Sala,Desserts,if57kE6_VfR1nI1X93oHEA,Desserts,30.0214608,-90.1151751,-3657.773040,7226.206901,New Orleans,LA,4.0,125,1,2,true,true,true,false,full_bar,free,casual|classy|intimate,"{""Tuesday"": ""15:0-21:0"", ""Wednesday"": ""15:0-21:0"", ""Thursday"": ""15:0-21:0"", ""Friday"": ""15:0-22:0"", ""Saturday"": ""10:0-22:0"", ""Sunday"": ""10:0-21:0""}"
ddOSzwvJSdM8inofl-ybdw__coffee_and_tea,ddOSzwvJSdM8inofl-ybdw,PJ's Coffee,Coffee & Tea,ddOSzwvJSdM8inofl-ybdw,Coffee & Tea,29.9415118,-90.1292186,-5010.723441,-1663.728569,New Orleans,LA,3.5,63,1,1,true,true,true,,,free,,"{""Monday"": ""5:30-21:0"", ""Tuesday"": ""5:30-21:0"", ""Wednesday"": ""5:30-21:0"", ""Thursday"": ""6:0-13:0"", ""Friday"": ""5:30-21:0"", ""Saturday"": ""6:0-21:0"", ""Sunday"": ""6:0-21:0""}"
TUTQeLjq1UbkR5r8mOvMqw__seafood,TUTQeLjq1UbkR5r8mOvMqw,Tito's Ceviche & Pisco,Seafood,TUTQeLjq1UbkR5r8mOvMqw,Seafood,29.9205190,-90.1095214,-3113.095739,-3998.024649,New Orleans,LA,4.5,213,1,2,true,true,true,false,full_bar,free,casual|intimate|romantic|upscale,"{""Monday"": ""0:0-0:0"", ""Tuesday"": ""11:30-21:0"", ""Wednesday"": ""11:30-21:0"", ""Thursday"": ""11:30-21:0"", ""Friday"": ""11:30-22:0"", ""Saturday"": ""11:30-22:0"", ""Sunday"": ""10:30-15:0""}"
W7Lkjxnd189PpBYJniF9Ig__cafes,W7Lkjxnd189PpBYJniF9Ig,Café NOMA,Cafes,W7Lkjxnd189PpBYJniF9Ig,Cafes,29.9863844,-90.0933333,-1553.534141,3325.884923,New Orleans,LA,4.0,49,1,2,true,false,true,true,full_bar,free,classy,"{""Tuesday"": ""10:0-18:0"", ""Wednesday"": ""10:0-18:0"", ""Thursday"": ""10:0-18:0"", ""Friday"": ""10:0-18:0"", ""Saturday"": ""10:0-17:0"", ""Sunday"": ""11:0-17:0""}"
71dkGADi_m6bjzxNh0k7mA__american_(new),71dkGADi_m6bjzxNh0k7mA,Oso's Baja Burrito,American (New),71dkGADi_m6bjzxNh0k7mA,American (New),29.9418363,-90.0647299,1202.116131,-1627.645765,New Orleans,LA,3.0,5,0,,true,,false,true,none,,,"{""Monday"": ""10:30-20:0"", ""Tuesday"": ""10:30-20:0"", ""Wednesday"": ""10:30-20:0"", ""Thursday"": ""10:30-20:0"", ""Friday"": ""10:30-20:0"", ""Saturday"": ""10:30-20:0"", ""Sunday"": ""10:30-15:0""}"
WqcYEk8bGpAi-fKtH-kAoQ__seafood,WqcYEk8bGpAi-fKtH-kAoQ,Sac-a-Lait,Seafood,WqcYEk8bGpAi-fKtH-kAoQ,Seafood,29.9408761,-90.0682131,866.544740,-1734.415281,New Orleans,LA,4.0,173,0,2,false,false,false,false,full_bar,no,casual|trendy,"{""Tuesday"": ""17:30-22:0"", ""Wednesday"": ""17:30-22:0"", ""Thursday"": ""17:30-22:0"", ""Friday"": ""17:30-22:0"", ""Saturday"": ""17:30-22:0""}"
_dtKVU4dNfM6EZzMJt950Q__specialty_food,_dtKVU4dNfM6EZzMJt950Q,Bootleggers Bar and Grill,Specialty Food,_dtKVU4dNfM6EZzMJt950Q,Specialty Food,29.9531120,-90.0663660,1044.494303,-373.843399,New Orleans,LA,3.5,38,0,1,true,true,true,false,full_bar,,casual,"{""Monday"": ""17:0-1:0"", ""Tuesday"": ""12:0-1:0"", ""Wednesday"": ""12:0-1:0"", ""Thursday"": ""12:0-2:0"", ""Friday"": ""11:0-2:0"", ""Saturday"": ""11:0-2:0"", ""Sunday"": ""11:0-0:0""}"
M1hsyjJDdQQeNP164FJ1pA__specialty_food,M1hsyjJDdQQeNP164FJ1pA,St. James Cheese Company | Uptown,Specialty Food,M1hsyjJDdQQeNP164FJ1pA,Specialty Food,29.9245162,-90.1091362,-3075.986892,-3553.561056,New Orleans,LA,4.5,448,1,2,true,,true,true,beer_and_wine,no,casual|classy,"{""Monday"": ""0:0-0:0"", ""Tuesday"": ""11:0-18:0"", ""Wednesday"": ""11:0-18:0"", ""Thursday"": ""11:0-18:0"", ""Friday"": ""11:0-18:0"", ""Saturday"": ""11:0-18:0"", ""Sunday"": ""11:0-16:0""}"
ZMkZj5YsBW3XHH5fOBh6fw__burgers,ZMkZj5YsBW3XHH5fOBh6fw,Deja Vu Restaurant & Bar,Burgers,ZMkZj5YsBW3XHH5fOBh6fw,Burgers,29.9569390,-90.0684907,839.800763,51.700173,New Orleans,LA,3.5,379,1,2,true,true,false,false,full_bar,free,divey,"{""Monday"": ""0:0-0:0"", ""Tuesday"": ""0:0-0:0"", ""Wednesday"": ""0:0-0:0"", ""Thursday"": ""0:0-0:0"", ""Friday"": ""0:0-0:0"", ""Saturday"": ""0:0-0:0"", ""Sunday"": ""5:0-5:15""}"
WFzJZ0E1NeDzUQSdkWnrpg__fast_food,WFzJZ0E1NeDzUQSdkWnrpg,Burger King,Fast Food,WFzJZ0E1NeDzUQSdkWnrpg,Fast Food,29.9726442,-90.0488078,2736.050804,1798.041147,New Orleans,LA,1.5,20,1,1,false,true,false,true,none,free,,"{""Monday"": ""5:30-1:0"", ""Tuesday"": ""5:30-1:0"", ""Wednesday"": ""5:30-1:0"", ""Thursday"": ""5:30-1:0"", ""Friday"": ""5:30-22:0"", ""Saturday"": ""11:0-2:0"", ""Sunday"": ""6:0-1:0""}"
HOwSpVUbGvXlqd3Lxp5_xQ__beer,HOwSpVUbGvXlqd3Lxp5_xQ,Jester Mardi Gras Daiquiris and Pizza,Beer,HOwSpVUbGvXlqd3Lxp5_xQ,Beer,29.9582793,-90.0662013,1060.361496,200.734939,New Orleans,LA,2.0,12,0,1,false,false,false,false,none,no,,"{""Monday"": ""10:0-15:0"", ""Tuesday"": ""10:0-15:0"", ""Wednesday"": ""10:0-15:0"", ""Thursday"": ""10:0-16:0"", ""Friday"": ""10:0-17:0"", ""Saturday"": ""10:0-17:0"", ""Sunday"": ""10:0-17:0""}"
rAMlyZQe5eFrdLRVQfY4ZQ__burgers,rAMlyZQe5eFrdLRVQfY4ZQ,Buffa's Bar & Restaurant,Burgers,rAMlyZQe5eFrdLRVQfY4ZQ,Burgers,29.9655244,-90.0625751,1409.709311,1006.354415,New Orleans,LA,4.0,444,1,2,true,true,true,false,full_bar,free,divey,"{""Monday"": ""11:0-1:0"", ""Tuesday"": ""11:0-1:0"", ""Wednesday"": ""11:0-1:0"", ""Thursday"": ""11:0-1:0"", ""Friday"": ""11:0-1:0"", ""Saturday"": ""11:0-1:0"", ""Sunday"": ""11:0-1:0""}"
hRRY31tNRkFBPomU7pDiLQ__seafood,hRRY31tNRkFBPomU7pDiLQ,Today's Cajun Seafood,Seafood,hRRY31tNRkFBPomU7pDiLQ,Seafood,29.9673275,-90.0619724,1467.769819,1206.851120,New Orleans,LA,4.0,150,1,2,true,,false,true,none,no,casual,"{""Monday"": ""9:0-21:0"", ""Tuesday"": ""9:0-21:0"", ""Wednesday"": ""9:0-21:0"", ""Thursday"": ""9:0-21:0"", ""Friday"": ""9:0-21:0"", ""Saturday"": ""9:0-21:0"", ""Sunday"": ""9:0-21:0""}"
anj96OOqM159M4C6J2MY2A__beer,anj96OOqM159M4C6J2MY2A,Igor's Lounge & Game Room,Beer,anj96OOqM159M4C6J2MY2A,Beer,29.9345350,-90.0805199,-319.092032,-2439.514405,New Orleans,LA,3.5,147,1,1,,,true,,full_bar,free,divey,"{""Monday"": ""0:0-0:0"", ""Tuesday"": ""0:0-0:0"", ""Wednesday"": ""0:0-0:0"", ""Thursday"": ""0:0-0:0"", ""Friday"": ""0:0-0:0"", ""Saturday"": ""0:0-0:0"", ""Sunday"": ""0:0-0:0""}"
Udkoo_WdRpHtVAWbALCvjw__cocktail_bars,Udkoo_WdRpHtVAWbALCvjw,Basin Seafood & Spirits,Cocktail Bars,Udkoo_WdRpHtVAWbALCvjw,Cocktail Bars,29.9235416,-90.0868875,-932.546439,-3661.926400,New Orleans,LA,4.0,515,1,2,,,true,false,full_bar,free,casual|classy,"{""Monday"": ""11:30-21:0"", ""Tuesday"": ""11:30-21:0"", ""Wednesday"": ""11:30-21:0"", ""Thursday"": ""11:30-21:0"", ""Friday"": ""11:30-21:30"", ""Saturday"": ""11:30-21:30"", ""Sunday"": ""11:30-21:0""}"
Y0A-IHDfqwnu9JcklYRSXQ__cocktail_bars,Y0A-IHDfqwnu9JcklYRSXQ,J's Island Fish House,Cocktail Bars,Y0A-IHDfqwnu9JcklYRSXQ,Cocktail Bars,29.9618425,-90.0576285,1886.264811,596.945249,New Orleans,LA,2.5,7,0,3,,,true,true,full_bar,,,"{""Wednesday"": ""17:0-22:0"", ""Thursday"": ""17:0-22:0"", ""Friday"": ""17:0-3:0"", ""Saturday"": ""11:0-3:0""}"
xFvkI8Uf_7NDZbChS6wSYQ__desserts,xFvkI8Uf_7NDZbChS6wSYQ,Sundae Best,Desserts,xFvkI8Uf_7NDZbChS6wSYQ,Desserts,29.9669476,-90.0545622,2181.673619,1164.612613,New Orleans,LA,4.5,29,1,1,,false,,,,free,,"{""Monday"": ""0:0-0:0"", ""Wednesday"": ""15:0-21:0"", ""Thursday"": ""15:0-21:0"", ""Friday"": ""15:0-21:0"", ""Saturday"": ""13:0-21:0"", ""Sunday"": ""13:0-21:0""}"
Obk11u4CHhyqwkiJ517kaw__southern,Obk11u4CHhyqwkiJ517kaw,Willie Mae's At The Market,Southern,Obk11u4CHhyqwkiJ517kaw,Southern,29.9535410,-90.0747520,236.587295,-326.140710,New Orleans,LA,4.0,74,1,2,true,,false,,full_bar,free,,"{""Monday"": ""11:0-20:0"", ""Tuesday"": ""11:0-20:0"", ""Wednesday"": ""11:0-20:0"", ""Thursday"": ""11:0-20:0"", ""Friday"": ""11:0-20:0"", ""Saturday"": ""11:0-20:0"", ""Sunday"": ""12:0-18:0""}"
96821aF6amTajRAXPYQ11w__art_galleries,96821aF6amTajRAXPYQ11w,Pop City,Art Galleries,96821aF6amTajRAXPYQ11w,Art Galleries,29.9605250,-90.0597540,1681.494199,450.445731,New Orleans,LA,4.5,13,0,2,,,,false,,,,"{""Monday"": ""11:0-18:0"", ""Tuesday"": ""11:0-18:0"", ""Wednesday"": ""11:0-18:0"", ""Thursday"": ""11:0-18:0"", ""Friday"": ""11:0-19:0"", ""Saturday"": ""11:0-19:0"", ""Sunday"": ""11:0-18:0""}"
SwJOeRUW0mFYDXTgJYx5fA__specialty_food,SwJOeRUW0mFYDXTgJYx5fA,Crescent City Farmers Market: Saturday Market,Specialty Food,SwJOeRUW0mFYDXTgJYx5fA,Specialty Food,29.9462912,-90.0727558,428.904201,-1132.285427,New Orleans,LA,4.0,43,1,1,true,false,true,true,none,,,"{""Saturday"": ""8:0-12:0""}"
1hD2VBFITseuN72YvRekpQ__desserts,1hD2VBFITseuN72YvRekpQ,Debbie Does Doberge,Desserts,1hD2VBFITseuN72YvRekpQ,Desserts,29.9389050,-90.0686850,821.081907,-1953.591904,New Orleans,LA,4.5,78,1,2,true,false,,true,,,,"{""Thursday"": ""10:0-18:0"", ""Friday"": ""10:0-18:0"", ""Saturday"": ""9:0-21:0"", ""Sunday"": ""10:0-18:0""}"
lND9NcgON8zI1TyTY0fQKg__burgers,lND9NcgON8zI1TyTY0fQKg,True Cajun,Burgers,lND9NcgON8zI1TyTY0fQKg,Burgers,29.9644583,-90.0312383,4428.695948,887.809340,New Orleans,LA,4.0,6,1,,true,false,,,,,,"{""Monday"": ""0:0-0:0"", ""Tuesday"": ""6:0-18:0"", ""Wednesday"": ""6:0-18:0"", ""Thursday"": ""6:0-18:0"", ""Friday"": ""6:0-18:0"", ""Saturday"": ""6:0-18:0""}"
XQAutCyvsq1psIDoYhUWiw__southern,XQAutCyvsq1psIDoYhUWiw,Fete au Fete StrEATery at the Pythian Market,Southern,XQAutCyvsq1psIDoYhUWiw,Southern,29.9535251,-90.0747498,236.798038,-327.910368,New Orleans,LA,4.0,13,0,,,,,,,,,"{""Monday"": ""8:0-22:0"", ""Tuesday"": ""8:0-22:0"", ""Wednesday"": ""8:0-22:0"", ""Thursday"": ""8:0-22:0"", ""Friday"": ""8:0-22:0"", ""Saturday"": ""8:0-22:0"", ""Sunday"": ""8:0-22:0""}"
YXa3WGz3o66MQXW9lMgxsw__seafood,YXa3WGz3o66MQXW9lMgxsw,Mid City Seafood & Deli,Seafood,YXa3WGz3o66MQXW9lMgxsw,Seafood,29.9821136,-90.0714380,555.857963,2850.991840,New Orleans,LA,4.0,16,1,1,true,false,false,true,beer_and_wine,no,,
4EaRjOTNIo-72sQMf-Wykg__desserts,4EaRjOTNIo-72sQMf-Wykg,Sno-la Uptown,Desserts,4EaRjOTNIo-72sQMf-Wykg,Desserts,29.9440118,-90.1337644,-5448.670100,-1385.741702,New Orleans,LA,4.0,75,1,1,true,false,,true,,free,,"{""Monday"": ""13:0-20:0"", ""Tuesday"": ""13:0-20:0"", ""Wednesday"": ""13:0-20:0"", ""Thursday"": ""13:0-20:0"", ""Friday"": ""13:0-18:0"", ""Saturday"": ""13:0-20:0"", ""Sunday"": ""13:0-20:0""}"
Xar9BJ3iIC9bOQjhXvMYqw__southern,Xar9BJ3iIC9bOQjhXvMYqw,Stacks Grilled Cheese and Bar,Southern,Xar9BJ3iIC9bOQjhXvMYqw,Southern,29.9451721,-90.0663194,1048.983745,-1256.721217,New Orleans,LA,3.0,69,0,2,true,true,false,true,full_bar,no,casual,"{""Monday"": ""11:30-23:0"", ""Tuesday"": ""11:30-23:0"", ""Wednesday"": ""11:30-23:0"", ""Thursday"": ""11:30-23:0"", ""Friday"": ""11:30-23:0"", ""Saturday"": ""11:30-23:0"", ""Sunday"": ""11:30-23:0""}"
WOPDfnVDLW32xsnm7Bx2ZA__pizza,WOPDfnVDLW32xsnm7Bx2ZA,Domino's Pizza,Pizza,WOPDfnVDLW32xsnm7Bx2ZA,Pizza,29.9347762,-90.1081441,-2980.406695,-2412.694151,New Orleans,LA,2.0,42,1,1,true,true,true,true,,,,"{""Monday"": ""10:30-1:0"", ""Tuesday"": ""10:30-1:0"", ""Wednesday"": ""10:30-1:0"", ""Thursday"": ""10:30-1:0"", ""Friday"": ""10:30-2:0"", ""Saturday"": ""10:30-2:0"", ""Sunday"": ""10:30-1:0""}"
78xNPaeVKHMeKQlaEfQcVw__beer,78xNPaeVKHMeKQlaEfQcVw,Mike's Food Store,Beer,78xNPaeVKHMeKQlaEfQcVw,Beer,29.9659730,-90.0377900,3797.505351,1056.236528,New Orleans,LA,4.5,6,1,1,true,,,,,,,"{""Monday"": ""8:0-1:0"", ""Tuesday"": ""8:0-1:0"", ""Wednesday"": ""8:0-1:0"", ""Thursday"": ""8:0-1:0"", ""Friday"": ""8:0-1:0"", ""Saturday"": ""8:0-1:0"", ""Sunday"": ""8:0-1:0""}"
oWTakomAvtGSB85UwnIOSA__coffee_and_tea,oWTakomAvtGSB85UwnIOSA,Bottom of the Cup Tearoom,Coffee & Tea,oWTakomAvtGSB85UwnIOSA,Coffee & Tea,29.9548508,-90.0663285,1048.107052,-180.497394,New Orleans,LA,3.5,141,1,2,,,false,false,,no,,"{""Monday"": ""0:0-0:0"", ""Tuesday"": ""10:0-18:0"", ""Wednesday"": ""10:0-18:0"", ""Thursday"": ""10:0-18:0"", ""Friday"": ""10:0-18:0"", ""Saturday"": ""10:0-18:0"", ""Sunday"": ""10:0-18:0""}"
ZLR0o9tuGaUAdrhJE2z69w__cafes,ZLR0o9tuGaUAdrhJE2z69w,Cafe Rose Nicaud,Cafes,ZLR0o9tuGaUAdrhJE2z69w,Cafes,29.9642718,-90.0579143,1858.730847,867.071457,New Orleans,LA,4.0,250,0,1,true,false,true,true,full_bar,free,casual,"{""Monday"": ""0:0-0:0"", ""Tuesday"": ""7:0-18:0"", ""Wednesday"": ""7:0-14:0"", ""Thursday"": ""7:0-18:0"", ""Friday"": ""7:0-18:0"", ""Saturday"": ""8:0-18:0"", ""Sunday"": ""7:0-14:0""}"
LvsoKzIn55Q8WCUkU57fgw__american_(traditional),LvsoKzIn55Q8WCUkU57fgw,Aunt Leni's Cafe and Market,American (Traditional),LvsoKzIn55Q8WCUkU57fgw,American (Traditional),29.9526204,-90.0511723,2508.254940,-428.506901,New Orleans,LA,4.0,8,0,2,true,true,true,true,beer_and_wine,,,
x9MRsxmxVvptDurBOzXSQg__cocktail_bars,x9MRsxmxVvptDurBOzXSQg,Peychaud’s,Cocktail Bars,x9MRsxmxVvptDurBOzXSQg,Cocktail Bars,29.9576509,-90.0660263,1077.220991,130.859951,New Orleans,LA,4.5,11,1,,,,true,,full_bar,free,classy,
nrGvjHhqy-exma1GZE9C9A__fast_food,nrGvjHhqy-exma1GZE9C9A,Burger King,Fast Food,nrGvjHhqy-exma1GZE9C9A,Fast Food,29.9200790,-90.0116166,6319.045436,-4046.949373,New Orleans,LA,1.5,11,1,1,false,true,false,true,none,no,,"{""Monday"": ""5:0-2:0"", ""Tuesday"": ""5:0-2:0"", ""Wednesday"": ""5:0-2:0"", ""Thursday"": ""5:0-2:0"", ""Friday"": ""5:30-22:0"", ""Saturday"": ""11:0-3:0"", ""Sunday"": ""5:30-2:0""}"
uUQwrXJ7tqtlHl_iSgSJAg__american_(traditional),uUQwrXJ7tqtlHl_iSgSJAg,Half Moon Bar & Grill,American (Traditional),uUQwrXJ7tqtlHl_iSgSJAg,American (Traditional),29.9321791,-90.0742113,288.678318,-2701.478894,New Orleans,LA,3.5,98,1,1,true,true,true,false,full_bar,free,casual|divey,"{""Monday"": ""12:0-23:0"", ""Tuesday"": ""12:0-23:0"", ""Wednesday"": ""12:0-23:0"", ""Thursday"": ""12:0-23:0"", ""Friday"": ""12:0-23:0"", ""Saturday"": ""12:0-23:0"", ""Sunday"": ""12:0-23:0""}"
jjMdu96R_7YV4qKsjRA2Gg__fast_food,jjMdu96R_7YV4qKsjRA2Gg,Rally's,Fast Food,jjMdu96R_7YV4qKsjRA2Gg,Fast Food,30.0047370,-90.0370070,3872.939550,5366.602618,New Orleans,LA,2.5,14,1,1,true,true,true,true,none,no,,"{""Monday"": ""10:0-5:0"", ""Tuesday"": ""10:0-5:0"", ""Wednesday"": ""10:0-5:0"", ""Thursday"": ""10:0-5:0"", ""Friday"": ""10:0-6:0"", ""Saturday"": ""10:0-6:0"", ""Sunday"": ""10:0-5:0""}"
HFQiCt-B_Vus8g1pHkTezg__american_(new),HFQiCt-B_Vus8g1pHkTezg,Le Salon,American (New),HFQiCt-B_Vus8g1pHkTezg,American (New),29.9496570,-90.0661695,1063.421148,-758.023068,New Orleans,LA,4.0,34,1,3,false,false,false,false,full_bar,free,classy,"{""Saturday"": ""11:0-14:0"", ""Sunday"": ""11:0-14:0""}"
0vwgLq2BxwSCGjorfS5w9A__art_galleries,0vwgLq2BxwSCGjorfS5w9A,RHINO Contemporary Crafts Co.,Art Galleries,0vwgLq2BxwSCGjorfS5w9A,Art Galleries,29.9303891,-90.0750933,203.706462,-2900.518088,New Orleans,LA,5.0,5,1,3,,,,false,,,,"{""Monday"": ""10:0-18:0"", ""Tuesday"": ""10:0-18:0"", ""Wednesday"": ""10:0-18:0"", ""Thursday"": ""10:0-18:0"", ""Friday"": ""10:0-18:0"", ""Saturday"": ""12:0-17:0"", ""Sunday"": ""10:0-15:0""}"
6bp2Emcb08eahoHRJ6yHPw__seafood,6bp2Emcb08eahoHRJ6yHPw,Miyako Hibachi & Sushi Bar,Seafood,6bp2Emcb08eahoHRJ6yHPw,Seafood,29.9398399,-90.0753579,178.214906,-1849.635623,New Orleans,LA,2.5,138,1,2,true,false,false,true,full_bar,no,casual,"{""Monday"": ""11:0-22:0"", ""Tuesday"": ""11:0-22:0"", ""Wednesday"": ""11:0-22:0"", ""Thursday"": ""11:0-22:0"", ""Friday"": ""11:0-22:30"", ""Saturday"": ""15:30-22:30"", ""Sunday"": ""12:0-22:0""}"
lTTmtjhLZIj6vWSuIOyxwQ__coffee_and_tea,lTTmtjhLZIj6vWSuIOyxwQ,TM Breads & Pastries,Coffee & Tea,lTTmtjhLZIj6vWSuIOyxwQ,Coffee & Tea,29.9516258,-90.0727445,429.988662,-539.099348,New Orleans,LA,4.5,125,1,1,,,,,none,free,,"{""Monday"": ""0:0-0:0"", ""Wednesday"": ""8:0-14:0"", ""Thursday"": ""8:0-14:0"", ""Friday"": ""8:0-14:0"", ""Saturday"": ""8:0-14:0""}"
A0DYN5wxygYnX_sL3HygvA__southern,A0DYN5wxygYnX_sL3HygvA,Gris-Gris,Southern,A0DYN5wxygYnX_sL3HygvA,Southern,29.9317729,-90.0733810,368.669397,-2746.646336,New Orleans,LA,4.5,491,1,2,true,false,true,false,full_bar,free,classy,"{""Monday"": ""0:0-0:0"", ""Wednesday"": ""11:0-21:0"", ""Thursday"": ""11:0-21:0"", ""Friday"": ""11:0-22:0"", ""Saturday"": ""11:0-22:0"", ""Sunday"": ""11:0-21:0""}"
-ojG1NfFYuHN_oGsGK1W8Q__american_(traditional),-ojG1NfFYuHN_oGsGK1W8Q,The Little Easy,American (Traditional),-ojG1NfFYuHN_oGsGK1W8Q,American (Traditional),29.9456438,-90.0713737,562.052623,-1204.270497,New Orleans,LA,4.0,52,1,,true,true,true,,full_bar,free,divey|trendy,"{""Monday"": ""11:0-0:0"", ""Tuesday"": ""11:0-0:0"", ""Wednesday"": ""11:0-0:0"", ""Thursday"": ""11:0-0:0"", ""Friday"": ""11:0-0:0"", ""Saturday"": ""11:0-0:0"", ""Sunday"": ""11:0-0:0""}"
Bd3Vr9VyRZishhKR8dni3Q__cocktail_bars,Bd3Vr9VyRZishhKR8dni3Q,AJ&J Asian Bistro,Cocktail Bars,Bd3Vr9VyRZishhKR8dni3Q,Cocktail Bars,29.9291170,-90.0776360,-41.257185,-3041.969349,New Orleans,LA,4.0,79,0,2,true,true,true,true,full_bar,no,casual,"{""Monday"": ""11:0-22:0"", ""Tuesday"": ""11:0-22:0"", ""Wednesday"": ""11:0-22:0"", ""Thursday"": ""11:0-22:0"", ""Friday"": ""11:0-23:0"", ""Saturday"": ""11:0-23:0"", ""Sunday"": ""11:30-21:0""}"
iXPEyHqvaDUWLn4pw-58Fw__coffee_and_tea,iXPEyHqvaDUWLn4pw-58Fw,Envie Espresso Bar & Cafe,Coffee & Tea,iXPEyHqvaDUWLn4pw-58Fw,Coffee & Tea,29.9537300,-90.0653400,1143.339114,-305.124840,New Orleans,LA,4.5,248,0,1,true,false,false,true,full_bar,free,casual|trendy,"{""Monday"": ""7:0-0:0"", ""Tuesday"": ""7:0-0:0"", ""Wednesday"": ""7:0-0:0"", ""Thursday"": ""7:0-0:0"", ""Friday"": ""7:0-1:0"", ""Saturday"": ""7:0-1:0"", ""Sunday"": ""7:0-0:0""}"
PUR8xK74Js5oAvsarFkHDA__cafes,PUR8xK74Js5oAvsarFkHDA,Palm Court Jazz Cafe,Cafes,PUR8xK74Js5oAvsarFkHDA,Cafes,29.9607788,-90.0589803,1756.032436,478.667042,New Orleans,LA,3.5,101,1,2,false,false,false,false,full_bar,no,classy,"{""Wednesday"": ""19:0-23:0"", ""Thursday"": ""19:0-23:0"", ""Friday"": ""19:0-23:0"", ""Saturday"": ""19:0-23:0"", ""Sunday"": ""19:0-23:0""}"
LJeL_FqSEnGSEshM-xy2gQ__fitness_and_instruction,LJeL_FqSEnGSEshM-xy2gQ,YMCA Federal City,Fitness & Instruction,LJeL_FqSEnGSEshM-xy2gQ,Fitness & Instruction,29.9468284,-90.0336671,4194.706618,-1072.548494,New Orleans,LA,4.0,5,0,,,,,true,,,,
Qdt45UfQRMCy7Zdeq1UcvQ__coffee_and_tea,Qdt45UfQRMCy7Zdeq1UcvQ,PJ's Coffee Cafe,Coffee & Tea,Qdt45UfQRMCy7Zdeq1UcvQ,Coffee & Tea,29.9556490,-90.0679950,887.556488,-91.741481,New Orleans,LA,2.0,24,1,1,true,true,false,,,free,,"{""Monday"": ""7:0-16:0"", ""Tuesday"": ""7:0-16:0"", ""Wednesday"": ""7:0-16:0"", ""Thursday"": ""7:0-16:0"", ""Friday"": ""7:0-20:0"", ""Saturday"": ""7:0-20:0"", ""Sunday"": ""7:0-16:0""}"
E5YB7NywtfmQ2_rpxtjmKQ__american_(traditional),E5YB7NywtfmQ2_rpxtjmKQ,Betsys Pancake House,American (Traditional),E5YB7NywtfmQ2_rpxtjmKQ,American (Traditional),29.9642465,-90.0860842,-855.156540,864.258222,New Orleans,LA,3.5,180,1,1,true,true,false,true,none,no,casual,"{""Monday"": ""0:0-0:0"", ""Tuesday"": ""5:30-14:0"", ""Wednesday"": ""5:30-14:0"", ""Thursday"": ""5:30-14:0"", ""Friday"": ""5:30-14:0""}"
3db1R99-mdSvx3QwryJSNQ__burgers,3db1R99-mdSvx3QwryJSNQ,The Camellia Grill,Burgers,3db1R99-mdSvx3QwryJSNQ,Burgers,29.9438990,-90.1339270,-5464.330567,-1398.283673,New Orleans,LA,4.0,1007,1,2,true,true,true,true,none,no,casual|classy,"{""Monday"": ""8:0-19:0"", ""Tuesday"": ""8:0-19:0"", ""Wednesday"": ""8:0-19:0"", ""Thursday"": ""8:0-19:0"", ""Friday"": ""8:0-20:0"", ""Saturday"": ""8:0-20:0"", ""Sunday"": ""8:0-20:0""}"
o2aYpkGTk4udafRmwz6UaQ__fitness_and_instruction,o2aYpkGTk4udafRmwz6UaQ,NOLA Flyboarding,Fitness & Instruction,o2aYpkGTk4udafRmwz6UaQ,Fitness & Instruction,30.0402513,-90.0130433,6181.601744,9315.618056,New Orleans,LA,5.0,9,1,,,,,true,,,,"{""Friday"": ""9:0-18:0"", ""Saturday"": ""9:0-18:0"", ""Sunday"": ""9:0-18:0""}"
DKtAKuOjI6vUAHhW4NR5UA__seafood,DKtAKuOjI6vUAHhW4NR5UA,Mulate's,Seafood,DKtAKuOjI6vUAHhW4NR5UA,Seafood,29.9445053,-90.0650161,1174.540789,-1330.861326,New Orleans,LA,3.0,1210,1,2,true,false,false,true,full_bar,no,casual|classy,"{""Thursday"": ""16:0-22:0"", ""Friday"": ""16:0-22:0"", ""Saturday"": ""11:30-22:0"", ""Sunday"": ""11:30-21:0""}"
gzMlFR9ViVCr_HUYPgqqVg__southern,gzMlFR9ViVCr_HUYPgqqVg,Sylvain,Southern,gzMlFR9ViVCr_HUYPgqqVg,Southern,29.9571390,-90.0642080,1252.395963,73.939189,New Orleans,LA,4.0,1151,1,2,true,false,true,false,full_bar,free,classy,"{""Monday"": ""0:0-0:0"", ""Tuesday"": ""16:0-23:0"", ""Wednesday"": ""16:0-23:0"", ""Thursday"": ""16:0-23:0"", ""Friday"": ""11:0-23:0"", ""Saturday"": ""11:0-23:0"", ""Sunday"": ""11:0-22:0""}"
9A8You1zQYoXDcOFINpe9g__fast_food,9A8You1zQYoXDcOFINpe9g,Popeyes Louisiana Kitchen,Fast Food,9A8You1zQYoXDcOFINpe9g,Fast Food,30.0227511,-90.0614172,1521.259438,7369.685015,New Orleans,LA,2.0,30,1,1,true,true,false,true,none,no,,"{""Monday"": ""10:0-0:0"", ""Tuesday"": ""10:0-0:0"", ""Wednesday"": ""10:0-0:0"", ""Thursday"": ""10:0-0:0"", ""Friday"": ""10:0-1:0"", ""Saturday"": ""10:0-1:0"", ""Sunday"": ""10:0-0:0""}"
ncJhOVhqqAxZpg74Allklw__southern,ncJhOVhqqAxZpg74Allklw,Bayou Bar,Southern,ncJhOVhqqAxZpg74Allklw,Southern,29.9350458,-90.0795359,-224.289761,-2382.712310,New Orleans,LA,4.0,73,1,2,true,false,false,false,full_bar,free,casual|upscale,"{""Monday"": ""0:0-0:0"", ""Tuesday"": ""17:0-23:0"", ""Wednesday"": ""17:0-23:0"", ""Thursday"": ""17:0-23:0"", ""Friday"": ""17:0-23:0"", ""Saturday"": ""17:0-23:0"", ""Sunday"": ""17:0-23:0""}"
Pxc8z7VOtkGNerrGvqzdHw__coffee_and_tea,Pxc8z7VOtkGNerrGvqzdHw,PJ's Coffee,Coffee & Tea,Pxc8z7VOtkGNerrGvqzdHw,Coffee & Tea,29.9355666,-90.0692186,769.678366,-2324.802302,New Orleans,LA,3.0,24,0,1,true,,true,,,free,,"{""Monday"": ""6:0-20:0"", ""Tuesday"": ""6:0-20:0"", ""Wednesday"": ""6:0-20:0"", ""Thursday"": ""6:0-20:0"", ""Friday"": ""6:0-20:0"", ""Saturday"": ""6:0-20:0"", ""Sunday"": ""6:0-20:0""}"
TyT9JIoRkAzQHXH5sxkAUw__fast_food,TyT9JIoRkAzQHXH5sxkAUw,Subway,Fast Food,TyT9JIoRkAzQHXH5sxkAUw,Fast Food,30.0211493,-90.1120792,-3359.518667,7191.569444,New Orleans,LA,1.5,19,1,1,true,,,true,none,,,"{""Monday"": ""7:0-22:0"", ""Tuesday"": ""7:0-22:0"", ""Wednesday"": ""7:0-22:0"", ""Thursday"": ""7:0-22:0"", ""Friday"": ""7:0-22:0"", ""Saturday"": ""8:0-22:0"", ""Sunday"": ""9:0-21:0""}"
xt8CHsSR-WuiCNO8z2jnFw__fast_food,xt8CHsSR-WuiCNO8z2jnFw,Popeyes Louisiana Kitchen,Fast Food,xt8CHsSR-WuiCNO8z2jnFw,Fast Food,29.9407477,-90.0746255,248.774301,-1748.692730,New Orleans,LA,2.0,49,1,1,true,true,false,true,none,no,,"{""Monday"": ""10:0-23:0"", ""Tuesday"": ""10:0-23:0"", ""Wednesday"": ""10:0-23:0"", ""Thursday"": ""10:0-23:0"", ""Friday"": ""10:0-0:0"", ""Saturday"": ""10:0-0:0"", ""Sunday"": ""10:0-23:0""}"
lK-YaoQ670dGJrmaqyJTBA__beer,lK-YaoQ670dGJrmaqyJTBA,Ernst Cafe,Beer,lK-YaoQ670dGJrmaqyJTBA,Beer,29.9471376,-90.0656132,1117.019034,-1038.167286,New Orleans,LA,3.5,332,1,2,true,true,true,false,full_bar,no,casual|divey,"{""Monday"": ""11:0-1:0"", ""Tuesday"": ""11:0-1:0"", ""Wednesday"": ""11:0-1:0"", ""Thursday"": ""11:0-1:0"", ""Friday"": ""11:0-1:0"", ""Saturday"": ""11:0-1:0"", ""Sunday"": ""11:0-1:0""}"
5A3MY4zE1e_L8d8yJZbsCg__art_galleries,5A3MY4zE1e_L8d8yJZbsCg,Zèle NOLA,Art Galleries,5A3MY4zE1e_L8d8yJZbsCg,Art Galleries,29.9259384,-90.0836017,-615.992558,-3395.414031,New Orleans,LA,4.5,31,1,2,,,,false,,,,"{""Monday"": ""11:0-17:0"", ""Thursday"": ""11:0-17:0"", ""Friday"": ""11:0-17:0"", ""Saturday"": ""11:0-17:0"", ""Sunday"": ""12:0-17:0""}"
Ci9fTZBlMjf3dTrwowuntQ__american_(new),Ci9fTZBlMjf3dTrwowuntQ,Picayune Social House,American (New),Ci9fTZBlMjf3dTrwowuntQ,American (New),29.9503434,-90.0688534,804.858255,-681.698098,New Orleans,LA,4.0,180,0,2,true,true,true,true,full_bar,free,casual|trendy,"{""Monday"": ""0:0-0:0"", ""Tuesday"": ""11:0-23:0"", ""Wednesday"": ""11:0-23:0"", ""Thursday"": ""11:0-23:0"", ""Friday"": ""11:0-23:0"", ""Saturday"": ""11:0-23:0"", ""Sunday"": ""11:0-15:0""}"
7fZSqgiwInMewd18DTAKcA__seafood,7fZSqgiwInMewd18DTAKcA,Fifth Quarter Sport Lounge & Courtyard,Seafood,7fZSqgiwInMewd18DTAKcA,Seafood,30.0323258,-90.0278227,4757.754757,8434.341447,New Orleans,LA,3.0,5,1,,true,true,true,,full_bar,free,,"{""Tuesday"": ""18:0-0:0"", ""Wednesday"": ""17:0-0:0"", ""Thursday"": ""17:0-0:0"", ""Friday"": ""17:0-2:0"", ""Saturday"": ""21:0-3:0"", ""Sunday"": ""18:0-1:0""}"
FaY_9x8ZtsuHe5wS2iJM1Q__beer,FaY_9x8ZtsuHe5wS2iJM1Q,Verti Marte,Beer,FaY_9x8ZtsuHe5wS2iJM1Q,Beer,29.9621260,-90.0612360,1538.718361,628.469054,New Orleans,LA,4.0,1309,1,2,true,true,,true,beer_and_wine,no,classy|divey,"{""Monday"": ""0:0-0:0"", ""Tuesday"": ""0:0-0:0"", ""Wednesday"": ""0:0-0:0"", ""Thursday"": ""0:0-0:0"", ""Friday"": ""0:0-0:0"", ""Saturday"": ""0:0-0:0"", ""Sunday"": ""0:0-0:0""}"
mXnlC59Wqe_Q8lAxmchBJg__coffee_and_tea,mXnlC59Wqe_Q8lAxmchBJg,Fourth Wall Coffee,Coffee & Tea,mXnlC59Wqe_Q8lAxmchBJg,Coffee & Tea,29.9509756,-90.0693665,755.426216,-611.400569,New Orleans,LA,5.0,29,1,,,,true,,,,,"{""Monday"": ""8:0-15:0"", ""Tuesday"": ""8:0-15:0"", ""Wednesday"": ""8:0-15:0"", ""Thursday"": ""8:0-15:0"", ""Friday"": ""8:0-15:0"", ""Saturday"": ""8:0-15:0""}"
3A7XQ04UxMo-bwYz_AI5iw__art_galleries,3A7XQ04UxMo-bwYz_AI5iw,Kathleen K Parker Photography,Art Galleries,3A7XQ04UxMo-bwYz_AI5iw,Art Galleries,29.9653661,-90.0629989,1368.880623,988.752234,New Orleans,LA,5.0,5,1,,,,,,,no,,"{""Monday"": ""9:0-21:0"", ""Tuesday"": ""9:0-21:0"", ""Wednesday"": ""9:0-21:0"", ""Thursday"": ""9:0-21:0"", ""Friday"": ""9:0-21:0"", ""Saturday"": ""9:0-21:0"", ""Sunday"": ""9:0-21:0""}"
kei6KHKxuNF1nlm7akQA-Q__seafood,kei6KHKxuNF1nlm7akQA-Q,Oceana,Seafood,kei6KHKxuNF1nlm7akQA-Q,Seafood,30.0227938,-90.0784437,-119.070981,7374.429943,New Orleans,LA,4.0,5,1,2,true,false,,true,,,,"{""Monday"": ""8:0-1:0"", ""Tuesday"": ""8:0-1:0"", ""Wednesday"": ""8:0-1:0"", ""Thursday"": ""8:0-1:0"", ""Friday"": ""8:0-1:0"", ""Saturday"": ""8:0-1:0"", ""Sunday"": ""8:0-1:0""}"
EtpbC7JKanvrdBc5kjWfPg__art_galleries,EtpbC7JKanvrdBc5kjWfPg,Studio Be,Art Galleries,EtpbC7JKanvrdBc5kjWfPg,Art Galleries,29.9640820,-90.0475870,2853.662643,845.966631,New Orleans,LA,5.0,50,1,1,,,,true,,,,"{""Wednesday"": ""14:0-20:0"", ""Thursday"": ""14:0-20:0"", ""Friday"": ""14:0-20:0"", ""Saturday"": ""14:0-20:0""}"
-VlBFlHwX-Pt6Xyzs9roGw__seafood,-VlBFlHwX-Pt6Xyzs9roGw,Superior Seafood & Oyster Bar,Seafood,-VlBFlHwX-Pt6Xyzs9roGw,Seafood,29.9262355,-90.1016806,-2357.714787,-3362.377806,New Orleans,LA,4.0,1581,1,2,true,true,true,true,full_bar,free,casual|classy,"{""Monday"": ""0:0-0:0"", ""Tuesday"": ""11:0-22:0"", ""Wednesday"": ""11:0-22:0"", ""Thursday"": ""11:0-22:0"", ""Friday"": ""11:0-23:0"", ""Saturday"": ""11:0-23:0"", ""Sunday"": ""10:0-22:0""}"
_gwb99bpIdwquOknX9SNDg__burgers,_gwb99bpIdwquOknX9SNDg,Bar Food at Cosimo's Bar,Burgers,_gwb99bpIdwquOknX9SNDg,Burgers,29.9639880,-90.0638928,1282.762322,835.514294,New Orleans,LA,4.0,7,0,1,true,false,true,false,full_bar,free,,
2waFgIxeT17sUoI-1WZLCg__pizza,2waFgIxeT17sUoI-1WZLCg,Big Easy Daiquiris,Pizza,2waFgIxeT17sUoI-1WZLCg,Pizza,29.9572190,-90.0670821,975.505248,82.834795,New Orleans,LA,4.0,21,1,2,true,false,false,false,full_bar,no,divey,"{""Monday"": ""15:0-2:0"", ""Tuesday"": ""15:0-2:0"", ""Wednesday"": ""15:0-2:0"", ""Thursday"": ""11:0-2:0"", ""Friday"": ""11:0-3:0"", ""Saturday"": ""11:0-3:0"", ""Sunday"": ""11:0-2:0""}"
aIhtllXff_ByakFmBqClpQ__desserts,aIhtllXff_ByakFmBqClpQ,JCB Creations,Desserts,aIhtllXff_ByakFmBqClpQ,Desserts,29.9219677,-90.1073935,-2908.093912,-3836.936336,New Orleans,LA,5.0,8,1,2,true,true,,,,,,
nrXtCSdfWg0TJ86onEZWkg__burgers,nrXtCSdfWg0TJ86onEZWkg,The Company Burger,Burgers,nrXtCSdfWg0TJ86onEZWkg,Burgers,29.9483856,-90.0754791,166.534821,-899.391089,New Orleans,LA,4.0,279,0,2,true,true,false,true,full_bar,no,casual|trendy,"{""Monday"": ""11:0-22:0"", ""Tuesday"": ""11:0-22:0"", ""Wednesday"": ""11:0-22:0"", ""Thursday"": ""11:0-22:0"", ""Friday"": ""11:0-22:0"", ""Saturday"": ""11:0-22:0"", ""Sunday"": ""11:0-22:0""}"
ARKqI0061oI44-7pvVDbLQ__coffee_and_tea,ARKqI0061oI44-7pvVDbLQ,PJ's Coffee,Coffee & Tea,ARKqI0061oI44-7pvVDbLQ,Coffee & Tea,29.9159550,-90.1140580,-3550.151657,-4505.518995,New Orleans,LA,3.5,22,0,1,true,false,true,,,free,,"{""Monday"": ""0:0-0:0"", ""Tuesday"": ""6:0-17:0"", ""Wednesday"": ""6:0-17:0"", ""Thursday"": ""6:0-17:0"", ""Friday"": ""6:0-17:0"", ""Saturday"": ""7:0-17:0"", ""Sunday"": ""7:0-17:0""}"
KgorjaefL0et2i0YdIN9Jg__desserts,KgorjaefL0et2i0YdIN9Jg,Meltdown,Desserts,KgorjaefL0et2i0YdIN9Jg,Desserts,29.9659430,-90.0350020,4066.101194,1052.900675,New Orleans,LA,5.0,13,0,1,,,,,,no,,"{""Monday"": ""0:0-0:0"", ""Wednesday"": ""13:0-18:0"", ""Thursday"": ""13:0-18:0"", ""Friday"": ""13:0-18:0"", ""Saturday"": ""13:0-18:0"", ""Sunday"": ""13:0-18:0""}"
sLO6aA8CI4QZXm-sGC6yyQ__beer,sLO6aA8CI4QZXm-sGC6yyQ,Vine and Dine,Beer,sLO6aA8CI4QZXm-sGC6yyQ,Beer,29.9521311,-90.0545346,2184.331051,-482.914653,New Orleans,LA,4.5,35,0,2,true,false,true,true,beer_and_wine,no,intimate,"{""Monday"": ""16:0-21:0"", ""Tuesday"": ""16:0-21:0"", ""Wednesday"": ""16:0-21:0"", ""Thursday"": ""16:0-21:0"", ""Friday"": ""15:0-21:0"", ""Saturday"": ""16:0-21:0""}"
sX43wVVJVvrxSR0ajvc2ZA__cafes,sX43wVVJVvrxSR0ajvc2ZA,Sprouts Organic Cafe,Cafes,sX43wVVJVvrxSR0ajvc2ZA,Cafes,29.9653422,-90.0656443,1114.022861,986.094671,New Orleans,LA,4.5,7,1,,,,true,,,,,"{""Monday"": ""10:0-15:0"", ""Friday"": ""10:0-17:0"", ""Saturday"": ""10:0-17:0"", ""Sunday"": ""10:0-15:0""}"
U92QXDzIG1xl94SUcXhkSQ__fast_food,U92QXDzIG1xl94SUcXhkSQ,Dip Wit' It Spinach Dip and Chips,Fast Food,U92QXDzIG1xl94SUcXhkSQ,Fast Food,30.0141088,-90.0216806,5349.484501,6408.700671,New Orleans,LA,4.5,7,0,,true,true,,,none,,,"{""Monday"": ""11:0-19:0"", ""Tuesday"": ""11:0-19:0"", ""Wednesday"": ""11:0-19:0"", ""Thursday"": ""11:0-19:0"", ""Friday"": ""11:0-19:0"", ""Saturday"": ""10:0-18:0"", ""Sunday"": ""10:0-18:0""}"
_Bi9kN_eR75G1eqIl7S3pA__beer,_Bi9kN_eR75G1eqIl7S3pA,The Bulldog,Beer,_Bi9kN_eR75G1eqIl7S3pA,Beer,29.9233606,-90.0873256,-974.752981,-3682.052709,New Orleans,LA,3.5,389,1,2,true,true,true,false,full_bar,free,casual,"{""Monday"": ""11:0-1:0"", ""Tuesday"": ""11:0-1:0"", ""Wednesday"": ""11:0-1:0"", ""Thursday"": ""18:0-2:0"", ""Friday"": ""11:0-1:0"", ""Saturday"": ""11:0-1:0"", ""Sunday"": ""11:0-1:0""}"
R6P3KSFafpKz6bEtHsWz1A__desserts,R6P3KSFafpKz6bEtHsWz1A,Trilly Cheesesteaks,Desserts,R6P3KSFafpKz6bEtHsWz1A,Desserts,29.9673770,-90.1020277,-2391.151299,1212.357412,New Orleans,LA,4.0,114,1,,true,true,,true,,,,"{""Tuesday"": ""11:0-20:0"", ""Wednesday"": ""11:0-20:0"", ""Thursday"": ""11:0-20:0"", ""Friday"": ""11:0-22:0"", ""Saturday"": ""11:0-22:0"", ""Sunday"": ""11:0-22:0""}"
-1XSzguS6XLN-V6MVZMg2A__southern,-1XSzguS6XLN-V6MVZMg2A,Restaurant Rebirth,Southern,-1XSzguS6XLN-V6MVZMg2A,Southern,29.9435371,-90.0653721,1140.246601,-1438.525173,New Orleans,LA,4.5,521,1,3,false,false,false,false,full_bar,no,classy|intimate,"{""Monday"": ""0:0-0:0"", ""Tuesday"": ""17:30-21:0"", ""Wednesday"": ""17:30-21:0"", ""Thursday"": ""17:30-21:0"", ""Friday"": ""17:30-21:30"", ""Saturday"": ""17:30-21:30""}"
SqRS8tgUVzRWV2FgQ0A5PQ__fast_food,SqRS8tgUVzRWV2FgQ0A5PQ,Subway,Fast Food,SqRS8tgUVzRWV2FgQ0A5PQ,Fast Food,30.0062152,-90.0746515,246.267603,5530.971108,New Orleans,LA,3.0,5,1,1,true,true,,,,,,"{""Monday"": ""8:0-20:0"", ""Tuesday"": ""8:0-20:0"", ""Wednesday"": ""8:0-20:0"", ""Thursday"": ""8:0-20:0"", ""Friday"": ""8:0-20:0"", ""Saturday"": ""8:0-20:0"", ""Sunday"": ""8:0-20:0""}"
U7kjvfM4Aws7l5HqtJnHFA__pizza,U7kjvfM4Aws7l5HqtJnHFA,Willie's Pizza Joint,Pizza,U7kjvfM4Aws7l5HqtJnHFA,Pizza,29.9633938,-90.0578962,1860.479215,769.444645,New Orleans,LA,3.0,13,1,,,,,,,,,
dpqDfbNpcIERkXVoE5S9Wg__american_(traditional),dpqDfbNpcIERkXVoE5S9Wg,Franks Restaurant,American (Traditional),dpqDfbNpcIERkXVoE5S9Wg,American (Traditional),29.9592760,-90.0609840,1562.996034,311.563075,New Orleans,LA,2.5,651,1,2,true,false,true,true,full_bar,no,casual,"{""Monday"": ""11:0-22:0"", ""Tuesday"": ""11:0-22:0"", ""Wednesday"": ""11:0-22:0"", ""Thursday"": ""11:0-22:0"", ""Friday"": ""11:0-23:30"", ""Saturday"": ""11:0-23:30"", ""Sunday"": ""11:0-21:0""}"
5Jta7dTc7lteIyeMfLUJWQ__seafood,5Jta7dTc7lteIyeMfLUJWQ,Corner Oyster House,Seafood,5Jta7dTc7lteIyeMfLUJWQ,Seafood,29.9567528,-90.0630602,1362.974983,30.995649,New Orleans,LA,2.5,651,1,2,true,true,true,true,full_bar,no,casual|classy,"{""Monday"": ""10:0-21:0"", ""Tuesday"": ""10:0-21:0"", ""Wednesday"": ""10:0-21:0"", ""Thursday"": ""10:0-21:0"", ""Friday"": ""10:0-23:0"", ""Saturday"": ""10:0-23:0"", ""Sunday"": ""10:0-22:0""}"
pxj9d7QlRzR-bF4rJFCRhw__beer,pxj9d7QlRzR-bF4rJFCRhw,Nesbit's Poeyfarre Market,Beer,pxj9d7QlRzR-bF4rJFCRhw,Beer,29.9418397,-90.0684764,841.178695,-1627.269414,New Orleans,LA,4.5,49,1,2,true,false,true,,,no,,"{""Monday"": ""8:0-22:0"", ""Tuesday"": ""8:0-22:0"", ""Wednesday"": ""8:0-22:0"", ""Thursday"": ""8:0-0:30"", ""Friday"": ""15:0-22:0"", ""Saturday"": ""9:0-22:0"", ""Sunday"": ""9:0-22:0""}"
yz0KWVamNhqiZGz7XTClzg__cocktail_bars,yz0KWVamNhqiZGz7XTClzg,SoBou,Cocktail Bars,yz0KWVamNhqiZGz7XTClzg,Cocktail Bars,29.9545040,-90.0664368,1037.676554,-219.058391,New Orleans,LA,4.0,1649,1,2,,,,true,full_bar,free,classy|trendy,"{""Monday"": ""7:0-22:0"", ""Tuesday"": ""7:0-22:0"", ""Wednesday"": ""7:0-22:0"", ""Thursday"": ""7:0-22:0"", ""Friday"": ""7:0-22:0"", ""Saturday"": ""7:0-22:0"", ""Sunday"": ""7:0-22:0""}"
rW0GNPQPlG0qomI3ni4Mmg__art_galleries,rW0GNPQPlG0qomI3ni4Mmg,Cocoally,Art Galleries,rW0GNPQPlG0qomI3ni4Mmg,Art Galleries,29.9587090,-90.0636123,1309.785742,248.519146,New Orleans,LA,4.5,10,1,2,,,,,,,,"{""Monday"": ""11:0-19:0"", ""Tuesday"": ""11:0-19:0"", ""Wednesday"": ""11:0-19:0"", ""Thursday"": ""11:0-19:0"", ""Friday"": ""11:0-19:0"", ""Saturday"": ""11:0-19:0"", ""Sunday"": ""11:0-19:0""}"
XptA2iW8r6g0TNADcZqrAw__southern,XptA2iW8r6g0TNADcZqrAw,Purloo,Southern,XptA2iW8r6g0TNADcZqrAw,Southern,29.9406124,-90.0791940,-191.352463,-1763.741894,New Orleans,LA,4.0,53,0,2,false,false,false,false,full_bar,free,trendy,"{""Tuesday"": ""11:0-22:0"", ""Wednesday"": ""11:0-22:0"", ""Thursday"": ""11:0-22:0"", ""Friday"": ""11:0-22:0"", ""Saturday"": ""11:0-22:0""}"
_PXOf9vkpH1hF4cvcw1hKQ__fitness_and_instruction,_PXOf9vkpH1hF4cvcw1hKQ,G-Fit NOLA,Fitness & Instruction,_PXOf9vkpH1hF4cvcw1hKQ,Fitness & Instruction,29.9624173,-90.1179667,-3926.715707,660.860181,New Orleans,LA,4.5,13,1,,,,,true,,,,"{""Monday"": ""0:0-0:0"", ""Tuesday"": ""0:0-0:0"", ""Wednesday"": ""0:0-0:0"", ""Thursday"": ""0:0-0:0"", ""Friday"": ""0:0-0:0"", ""Saturday"": ""0:0-0:0"", ""Sunday"": ""0:0-0:0""}"
_DvAGDt7KnXPvlY9kxWbiQ__pizza,_DvAGDt7KnXPvlY9kxWbiQ,Domino's Pizza,Pizza,_DvAGDt7KnXPvlY9kxWbiQ,Pizza,29.9531024,-90.0707088,626.109071,-374.910872,New Orleans,LA,1.5,131,1,1,true,true,false,true,none,no,,"{""Monday"": ""10:30-0:0"", ""Tuesday"": ""10:30-0:0"", ""Wednesday"": ""10:30-0:0"", ""Thursday"": ""10:30-0:0"", ""Friday"": ""10:30-1:0"", ""Saturday"": ""10:30-1:0"", ""Sunday"": ""10:30-0:0""}"
w4nHq_elJwPpI4iZ6ro3JQ__cafes,w4nHq_elJwPpI4iZ6ro3JQ,Revelator Paloma Cafe,Cafes,w4nHq_elJwPpI4iZ6ro3JQ,Cafes,29.9641769,-90.0435756,3240.120808,856.519044,New Orleans,LA,4.0,71,0,2,true,false,true,true,full_bar,free,casual|intimate|romantic|trendy,"{""Monday"": ""0:0-0:0"", ""Wednesday"": ""8:0-18:0"", ""Thursday"": ""8:0-18:0"", ""Friday"": ""8:0-18:0"", ""Saturday"": ""8:0-18:0"", ""Sunday"": ""9:0-16:0""}"
m2dBv07BfXtgpOvzP16eIw__breakfast_and_brunch,m2dBv07BfXtgpOvzP16eIw,Chris' Cakes and Donuts,Breakfast & Brunch,m2dBv07BfXtgpOvzP16eIw,Breakfast & Brunch,30.0476955,-89.9632268,10980.921975,10143.376472,New Orleans,LA,3.0,29,1,1,true,true,false,,none,no,,"{""Monday"": ""6:0-18:0"", ""Tuesday"": ""6:0-18:0"", ""Wednesday"": ""6:0-18:0"", ""Thursday"": ""6:0-18:0"", ""Friday"": ""6:0-18:0"", ""Saturday"": ""6:0-18:0"", ""Sunday"": ""6:0-12:0""}"
yr_Ns7yf5CIiWHV9if0IIQ__art_galleries,yr_Ns7yf5CIiWHV9if0IIQ,New Orleans Art Center,Art Galleries,yr_Ns7yf5CIiWHV9if0IIQ,Art Galleries,29.9666150,-90.0408620,3501.548956,1127.623769,New Orleans,LA,4.5,6,0,,,,,,,,,"{""Monday"": ""10:0-18:0"", ""Tuesday"": ""10:0-18:0"", ""Wednesday"": ""10:0-18:0"", ""Thursday"": ""10:0-18:0"", ""Friday"": ""10:0-18:0"", ""Saturday"": ""12:0-21:0"", ""Sunday"": ""11:30-17:0""}"
M-6AXSgmDMYcWsF442mzzA__seafood,M-6AXSgmDMYcWsF442mzzA,Seither's Seafood,Seafood,M-6AXSgmDMYcWsF442mzzA,Seafood,29.9409121,-90.1945607,-11305.779546,-1730.412258,New Orleans,LA,4.5,338,1,2,true,,true,true,beer_and_wine,no,casual|classy,"{""Tuesday"": ""11:0-20:0"", ""Wednesday"": ""11:0-20:0"", ""Thursday"": ""11:0-20:0"", ""Friday"": ""11:0-21:0"", ""Saturday"": ""17:0-21:0""}"
WOdqMURCc0CHXUllPZwpqQ__cocktail_bars,WOdqMURCc0CHXUllPZwpqQ,Cane and Table,Cocktail Bars,WOdqMURCc0CHXUllPZwpqQ,Cocktail Bars,29.9602878,-90.0596414,1692.342080,424.070258,New Orleans,LA,4.0,519,1,2,true,true,true,,full_bar,free,casual|classy,"{""Monday"": ""0:0-0:0"", ""Wednesday"": ""17:0-22:0"", ""Thursday"": ""17:0-22:0"", ""Friday"": ""17:0-22:0"", ""Saturday"": ""17:0-22:0"", ""Sunday"": ""17:0-22:0""}"
3Byba3WKLqjabVunNItQcA__sandwiches,3Byba3WKLqjabVunNItQcA,Nola Grocery,Sandwiches,3Byba3WKLqjabVunNItQcA,Sandwiches,29.9421382,-90.0668702,995.924216,-1594.070533,New Orleans,LA,4.5,31,0,1,true,true,false,true,none,no,casual|divey,"{""Monday"": ""7:0-22:0"", ""Tuesday"": ""7:0-22:0"", ""Wednesday"": ""7:0-22:0"", ""Thursday"": ""7:0-22:0"", ""Friday"": ""7:0-22:0"", ""Saturday"": ""7:0-22:0"", ""Sunday"": ""7:0-22:0""}"
6f-f7j922O45pgHU38avFw__art_galleries,6f-f7j922O45pgHU38avFw,Palace Market,Art Galleries,6f-f7j922O45pgHU38avFw,Art Galleries,29.9640813,-90.0574714,1901.399820,845.888795,New Orleans,LA,4.5,21,1,2,,,,,,,,"{""Monday"": ""0:0-0:0"", ""Tuesday"": ""19:0-0:0"", ""Wednesday"": ""19:0-0:0"", ""Thursday"": ""19:0-1:0"", ""Friday"": ""19:0-1:0"", ""Saturday"": ""14:0-1:0"", ""Sunday"": ""19:0-0:0""}"
7JiyUwszN600WC1JWSlcTA__beer,7JiyUwszN600WC1JWSlcTA,Dis & Dem,Beer,7JiyUwszN600WC1JWSlcTA,Beer,29.9572864,-90.0674261,942.364298,90.329344,New Orleans,LA,4.5,166,0,2,true,true,false,true,full_bar,free,casual,"{""Monday"": ""12:0-0:0"", ""Tuesday"": ""12:0-0:0"", ""Wednesday"": ""12:0-0:0"", ""Thursday"": ""12:0-0:0"", ""Friday"": ""12:0-2:0"", ""Saturday"": ""12:0-2:0"", ""Sunday"": ""12:0-0:0""}"
7svjXaOKO5638eYiymNP2A__coffee_and_tea,7svjXaOKO5638eYiymNP2A,Black Star Books & Caffe,Coffee & Tea,7svjXaOKO5638eYiymNP2A,Coffee & Tea,29.9474896,-90.0481408,2800.309566,-999.026618,New Orleans,LA,5.0,21,0,1,true,true,true,true,,free,,"{""Tuesday"": ""10:0-20:0"", ""Wednesday"": ""10:0-20:0"", ""Thursday"": ""10:0-20:0"", ""Friday"": ""10:0-20:0"", ""Saturday"": ""12:0-19:0"", ""Sunday"": ""12:0-19:0""}"
wrSS3bnu0u1Vh4znhbBXwA__cafes,wrSS3bnu0u1Vh4znhbBXwA,Hookah & Cafe,Cafes,wrSS3bnu0u1Vh4znhbBXwA,Cafes,29.9737367,-90.1018047,-2369.669074,1919.521772,New Orleans,LA,3.0,18,0,1,false,false,true,false,none,free,casual,"{""Monday"": ""16:0-3:0"", ""Tuesday"": ""16:0-3:0"", ""Wednesday"": ""16:0-3:0"", ""Thursday"": ""16:0-3:0"", ""Friday"": ""16:0-3:0"", ""Saturday"": ""16:0-3:0"", ""Sunday"": ""16:0-3:0""}"
3Cj3Vp6m7SJV-z2399UhXw__pizza,3Cj3Vp6m7SJV-z2399UhXw,Papa's Pizza,Pizza,3Cj3Vp6m7SJV-z2399UhXw,Pizza,29.9525615,-90.0658801,1091.305895,-435.056291,New Orleans,LA,4.0,38,1,1,true,true,false,true,none,no,,"{""Monday"": ""11:0-21:0"", ""Wednesday"": ""11:0-21:0"", ""Thursday"": ""11:0-21:0"", ""Friday"": ""11:0-2:0"", ""Saturday"": ""11:0-2:0"", ""Sunday"": ""11:0-0:0""}"
CIVPalBUxIRUJ04ig5NTFw__breakfast_and_brunch,CIVPalBUxIRUJ04ig5NTFw,Vintage Garden Kitchen,Breakfast & Brunch,CIVPalBUxIRUJ04ig5NTFw,Breakfast & Brunch,29.9267836,-90.0922018,-1444.523343,-3301.429770,New Orleans,LA,4.5,33,0,1,true,true,false,true,none,,casual,"{""Monday"": ""7:0-15:0"", ""Tuesday"": ""7:0-15:0"", ""Wednesday"": ""7:0-15:0"", ""Thursday"": ""7:0-15:0"", ""Friday"": ""7:0-15:0""}"
DWQjNK8hXcUJztWoYDPgJA__american_(traditional),DWQjNK8hXcUJztWoYDPgJA,St Vincent Supermarket,American (Traditional),DWQjNK8hXcUJztWoYDPgJA,American (Traditional),29.9271164,-90.0783815,-113.078635,-3264.426227,New Orleans,LA,4.5,6,0,1,true,false,false,true,,no,,"{""Monday"": ""8:0-22:0"", ""Tuesday"": ""8:0-22:0"", ""Wednesday"": ""8:0-22:0"", ""Thursday"": ""8:0-22:0"", ""Friday"": ""8:0-22:0"", ""Saturday"": ""8:0-22:0"", ""Sunday"": ""8:0-22:0""}"
t3OnkntIrz2GjYgeGmsh5Q__southern,t3OnkntIrz2GjYgeGmsh5Q,Tacklebox,Southern,t3OnkntIrz2GjYgeGmsh5Q,Southern,29.9533007,-90.0718664,514.585919,-352.860887,New Orleans,LA,4.0,156,1,2,true,false,false,true,full_bar,no,casual|classy,"{""Monday"": ""7:0-21:0"", ""Tuesday"": ""7:0-21:0"", ""Wednesday"": ""7:0-21:0"", ""Thursday"": ""7:0-21:0"", ""Friday"": ""7:0-22:0"", ""Saturday"": ""7:0-22:0"", ""Sunday"": ""11:0-21:0""}"
gsi8x3uSGRk72Z2V01ABfw__pizza,gsi8x3uSGRk72Z2V01ABfw,Place St. Charles,Pizza,gsi8x3uSGRk72Z2V01ABfw,Pizza,29.9520392,-90.0703593,659.781943,-493.128900,New Orleans,LA,3.5,9,1,1,,,,,,,,
YH1nhGFJiT6ouc2MXs7BhA__sandwiches,YH1nhGFJiT6ouc2MXs7BhA,Panera Bread,Sandwiches,YH1nhGFJiT6ouc2MXs7BhA,Sandwiches,29.9397450,-90.1204160,-4162.681201,-1860.188037,New Orleans,LA,1.5,11,1,,true,true,,,none,no,,"{""Monday"": ""7:0-20:0"", ""Tuesday"": ""7:0-20:0"", ""Wednesday"": ""7:0-20:0"", ""Thursday"": ""7:0-20:0"", ""Friday"": ""7:0-18:0"", ""Saturday"": ""10:0-18:0"", ""Sunday"": ""10:0-20:0""}"
qbiapj_9U5xMjWNvZMnwAA__art_galleries,qbiapj_9U5xMjWNvZMnwAA,Arts Market of New Orleans,Art Galleries,qbiapj_9U5xMjWNvZMnwAA,Art Galleries,29.9558083,-90.1216435,-4280.942679,-74.023879,New Orleans,LA,4.0,26,1,2,,,,true,,,,"{""Saturday"": ""10:0-16:0"", ""Sunday"": ""10:0-16:0""}"
wjWcLEgK5-ijMJYGEEihpA__fitness_and_instruction,wjWcLEgK5-ijMJYGEEihpA,GRIT Fitness,Fitness & Instruction,wjWcLEgK5-ijMJYGEEihpA,Fitness & Instruction,29.9183110,-90.0897200,-1205.429411,-4243.543386,New Orleans,LA,3.5,6,1,,,,,false,,,,"{""Monday"": ""5:30-19:0"", ""Tuesday"": ""5:30-19:0"", ""Wednesday"": ""5:30-19:0"", ""Thursday"": ""5:30-19:0"", ""Friday"": ""5:30-19:0"", ""Saturday"": ""12:0-13:0""}"
q8miJ_J2phTWh-y7bX1M6Q__breakfast_and_brunch,q8miJ_J2phTWh-y7bX1M6Q,Fat Hen Grocery,Breakfast & Brunch,q8miJ_J2phTWh-y7bX1M6Q,Breakfast & Brunch,29.9393790,-90.1290970,-4999.008501,-1900.885436,New Orleans,LA,1.5,5,0,,true,,,,none,,,"{""Monday"": ""8:0-17:0"", ""Tuesday"": ""8:0-17:0"", ""Wednesday"": ""8:0-17:0"", ""Thursday"": ""8:0-17:0"", ""Friday"": ""8:0-17:0"", ""Saturday"": ""8:0-17:0"", ""Sunday"": ""8:0-17:0""}"
rZ7Z2ODzo_KGByi9Ax_XIw__fitness_and_instruction,rZ7Z2ODzo_KGByi9Ax_XIw,lululemon athletica,Fitness & Instruction,rZ7Z2ODzo_KGByi9Ax_XIw,Fitness & Instruction,29.9216927,-90.1190895,-4034.886228,-3867.514983,New Orleans,LA,3.0,7,0,3,,,,false,,,,"{""Thursday"": ""10:0-18:0"", ""Friday"": ""10:0-18:0"", ""Saturday"": ""10:0-18:0""}"
guwb1zuNEMtJVproo0ntFw__desserts,guwb1zuNEMtJVproo0ntFw,La Boca,Desserts,guwb1zuNEMtJVproo0ntFw,Desserts,29.9434549,-90.0673411,950.553196,-1447.665408,New Orleans,LA,4.0,420,1,3,,,true,false,full_bar,no,classy|intimate,"{""Tuesday"": ""17:30-22:0"", ""Wednesday"": ""17:30-22:0"", ""Thursday"": ""17:30-22:0"", ""Friday"": ""17:30-22:0"", ""Saturday"": ""17:30-22:0""}"
VXiNWnWfvgof-hSiQpR7yQ__american_(new),VXiNWnWfvgof-hSiQpR7yQ,Dijon,American (New),VXiNWnWfvgof-hSiQpR7yQ,American (New),29.9363410,-90.0696330,729.751613,-2238.696090,New Orleans,LA,3.5,69,0,3,true,false,true,false,full_bar,free,classy|romantic,"{""Tuesday"": ""17:30-21:30"", ""Wednesday"": ""17:30-21:30"", ""Thursday"": ""17:30-21:30"", ""Friday"": ""17:30-10:30"", ""Saturday"": ""17:30-22:30"", ""Sunday"": ""10:30-14:30""}"
dJ1ihpr-XH-Nt-CVrnJE9A__breakfast_and_brunch,dJ1ihpr-XH-Nt-CVrnJE9A,Brennan's Restaurant,Breakfast & Brunch,dJ1ihpr-XH-Nt-CVrnJE9A,Breakfast & Brunch,29.9561618,-90.0666393,1018.164588,-34.720643,New Orleans,LA,3.5,349,0,3,false,false,true,false,full_bar,no,classy|upscale,"{""Monday"": ""9:0-21:0"", ""Tuesday"": ""9:0-21:0"", ""Wednesday"": ""9:0-21:0"", ""Thursday"": ""9:0-21:0"", ""Friday"": ""9:0-21:0"", ""Saturday"": ""8:0-21:0"", ""Sunday"": ""8:0-21:0""}"
Z0JdaW9ksIMn9UJlr1Rdaw__pizza,Z0JdaW9ksIMn9UJlr1Rdaw,Homegrown Pizza,Pizza,Z0JdaW9ksIMn9UJlr1Rdaw,Pizza,30.0236152,-90.0609783,1563.544825,7465.760667,New Orleans,LA,4.5,65,0,2,true,true,false,true,beer_and_wine,free,casual,"{""Monday"": ""11:0-21:0"", ""Tuesday"": ""11:0-21:0"", ""Wednesday"": ""11:0-21:0"", ""Thursday"": ""11:0-21:0"", ""Friday"": ""11:0-21:0"", ""Saturday"": ""11:0-21:0""}"
PJ376jM2KwFCbyG_Oyv5Ww__pizza,PJ376jM2KwFCbyG_Oyv5Ww,Bonci Pizzeria,Pizza,PJ376jM2KwFCbyG_Oyv5Ww,Pizza,29.9459140,-90.0725719,446.618068,-1174.225587,New Orleans,LA,3.5,38,0,,,true,,,,,casual,
31DdVE6ukis8ZNMGxrCRaw__beer,31DdVE6ukis8ZNMGxrCRaw,Maple Cafe,Beer,31DdVE6ukis8ZNMGxrCRaw,Beer,30.0214196,-90.1152220,-3662.291385,7221.625663,New Orleans,LA,3.0,20,0,2,true,true,true,true,full_bar,,,
3tdQCw6mdSTHMNTV0iyX8Q__cafes,3tdQCw6mdSTHMNTV0iyX8Q,Toula's Creole Kitchen,Cafes,3tdQCw6mdSTHMNTV0iyX8Q,Cafes,29.9508920,-90.0664840,1033.126186,-620.696477,New Orleans,LA,4.0,87,0,2,true,false,false,false,full_bar,free,casual,"{""Monday"": ""0:0-0:0"", ""Tuesday"": ""11:0-1:0"", ""Wednesday"": ""11:0-1:0"", ""Thursday"": ""11:0-4:0"", ""Friday"": ""11:0-2:0"", ""Saturday"": ""11:0-22:0"", ""Sunday"": ""11:0-22:0""}"
GmXC3CBu172Bkb0c6RnO7w__southern,GmXC3CBu172Bkb0c6RnO7w,Restaurant R'evolution,Southern,GmXC3CBu172Bkb0c6RnO7w,Southern,29.9554435,-90.0681471,872.903178,-114.592070,New Orleans,LA,4.5,1210,1,4,,,,false,full_bar,free,classy|upscale,"{""Wednesday"": ""17:0-21:0"", ""Thursday"": ""17:0-21:0"", ""Friday"": ""17:0-22:0"", ""Saturday"": ""17:0-22:0"", ""Sunday"": ""17:0-21:0""}"
BUwyO-RTq3y_USCefeDaEg__specialty_food,BUwyO-RTq3y_USCefeDaEg,Roux Royale,Specialty Food,BUwyO-RTq3y_USCefeDaEg,Specialty Food,29.9572183,-90.0654483,1132.905495,82.756959,New Orleans,LA,4.5,38,1,2,,,,true,,,,"{""Monday"": ""9:0-21:0"", ""Tuesday"": ""9:0-21:0"", ""Wednesday"": ""9:0-21:0"", ""Thursday"": ""9:0-21:0"", ""Friday"": ""9:0-22:0"", ""Saturday"": ""9:0-22:0"", ""Sunday"": ""9:0-21:0""}"
AwbCJZLnNdM06RpVagILKw__pizza,AwbCJZLnNdM06RpVagILKw,Domino's Pizza,Pizza,AwbCJZLnNdM06RpVagILKw,Pizza,30.0121462,-90.0606252,1597.562816,6190.469206,New Orleans,LA,2.0,22,1,1,true,true,,true,,,,"{""Monday"": ""10:30-0:0"", ""Tuesday"": ""10:30-0:0"", ""Wednesday"": ""10:30-0:0"", ""Thursday"": ""10:30-0:0"", ""Friday"": ""10:30-1:0"", ""Saturday"": ""10:30-1:0"", ""Sunday"": ""10:30-0:0""}"
K8SqWp6GVBV4rmi0kb4Kgw__venues_and_event_spaces,K8SqWp6GVBV4rmi0kb4Kgw,The George & Leah McKenna Museum of African American Art,Venues & Event Spaces,K8SqWp6GVBV4rmi0kb4Kgw,Venues & Event Spaces,29.9364755,-90.0800695,-275.700508,-2223.740351,New Orleans,LA,5.0,5,1,,,,,true,,,,"{""Thursday"": ""11:0-16:0"", ""Friday"": ""11:0-16:0"", ""Saturday"": ""11:0-16:0""}"
9DNzMAyW8zj9ipB2FKcU5A__american_(traditional),9DNzMAyW8zj9ipB2FKcU5A,Uptown Burgers,American (Traditional),9DNzMAyW8zj9ipB2FKcU5A,American (Traditional),29.9474219,-90.1129647,-3444.823165,-1006.554525,New Orleans,LA,2.5,8,1,,true,true,,,,,,
D-QT7vrSHLphXEU5OP6dGg__fast_food,D-QT7vrSHLphXEU5OP6dGg,Taco Bell,Fast Food,D-QT7vrSHLphXEU5OP6dGg,Fast Food,30.0443260,-89.9592200,11366.936976,9768.704649,New Orleans,LA,1.0,15,1,1,true,true,,true,none,,,"{""Monday"": ""10:30-0:0"", ""Tuesday"": ""10:30-0:0"", ""Wednesday"": ""10:30-0:0"", ""Thursday"": ""10:30-0:0"", ""Friday"": ""10:30-1:0"", ""Saturday"": ""10:30-1:0"", ""Sunday"": ""10:30-0:0""}"
MnfAzLt3qp0CkMHuQF7cvg__sandwiches,MnfAzLt3qp0CkMHuQF7cvg,Quartermaster Store,Sandwiches,MnfAzLt3qp0CkMHuQF7cvg,Sandwiches,29.9618656,-90.0626157,1405.798101,599.513855,New Orleans,LA,3.5,101,1,1,true,true,false,false,beer_and_wine,no,divey,
6h4f17Hkmm7JNf_eYbe4Lg__fast_food,6h4f17Hkmm7JNf_eYbe4Lg,Burger King,Fast Food,6h4f17Hkmm7JNf_eYbe4Lg,Fast Food,29.9831952,-90.1055147,-2727.092019,2971.254934,New Orleans,LA,2.0,21,1,1,false,true,false,true,none,no,,"{""Monday"": ""5:30-0:0"", ""Tuesday"": ""5:30-0:0"", ""Wednesday"": ""5:30-0:0"", ""Thursday"": ""5:30-0:0"", ""Friday"": ""5:30-22:0"", ""Saturday"": ""11:0-23:59"", ""Sunday"": ""6:0-0:0""}"
I1LP0Vg55lwufnoNREE1KA__fast_food,I1LP0Vg55lwufnoNREE1KA,McDonald's,Fast Food,I1LP0Vg55lwufnoNREE1KA,Fast Food,29.9415880,-90.0952970,-1742.717436,-1655.255504,New Orleans,LA,2.0,25,1,1,true,true,false,true,none,free,casual,"{""Monday"": ""0:0-0:0"", ""Tuesday"": ""0:0-0:0"", ""Wednesday"": ""0:0-0:0"", ""Thursday"": ""0:0-0:0"", ""Friday"": ""0:0-0:0"", ""Saturday"": ""0:0-0:0"", ""Sunday"": ""0:0-0:0""}"
vR1fVrOGbQKETv-AlpeKTQ__pizza,vR1fVrOGbQKETv-AlpeKTQ,Big Easy Daiquiris,Pizza,vR1fVrOGbQKETv-AlpeKTQ,Pizza,29.9563584,-90.0634054,1329.718425,-12.859691,New Orleans,LA,3.5,24,1,2,true,false,false,false,full_bar,no,,"{""Monday"": ""11:0-21:0"", ""Tuesday"": ""11:0-21:0"", ""Wednesday"": ""11:0-21:0"", ""Thursday"": ""11:0-21:0"", ""Friday"": ""10:0-22:0"", ""Saturday"": ""11:0-22:0"", ""Sunday"": ""10:0-21:0""}"
4-_I1gz5Jne4z4SN3J5Zhg__southern,4-_I1gz5Jne4z4SN3J5Zhg,Annunciation,Southern,4-_I1gz5Jne4z4SN3J5Zhg,Southern,29.9414896,-90.0675054,934.724538,-1666.197100,New Orleans,LA,3.5,239,1,3,true,false,true,false,full_bar,free,classy|intimate,"{""Monday"": ""0:0-0:0"", ""Thursday"": ""17:0-21:0"", ""Friday"": ""17:0-22:0"", ""Saturday"": ""17:30-23:0"", ""Sunday"": ""17:0-21:0""}"
n1jYl9qU29FFZ64Sx9adgA__venues_and_event_spaces,n1jYl9qU29FFZ64Sx9adgA,The Sazerac House,Venues & Event Spaces,n1jYl9qU29FFZ64Sx9adgA,Venues & Event Spaces,29.9518507,-90.0675586,929.599252,-514.093754,New Orleans,LA,5.0,109,1,,,,,,,free,,"{""Monday"": ""0:0-0:0"", ""Tuesday"": ""11:0-18:0"", ""Wednesday"": ""11:0-18:0"", ""Thursday"": ""11:0-18:0"", ""Friday"": ""11:0-18:0"", ""Saturday"": ""11:0-18:0"", ""Sunday"": ""11:0-18:0""}"
PDpEFp0lCsXtGsUO1WPllA__cocktail_bars,PDpEFp0lCsXtGsUO1WPllA,The Franklin,Cocktail Bars,PDpEFp0lCsXtGsUO1WPllA,Cocktail Bars,29.9657141,-90.0510221,2522.725204,1027.448122,New Orleans,LA,4.0,197,1,2,true,false,true,false,full_bar,no,classy|trendy,"{""Tuesday"": ""17:0-22:0"", ""Wednesday"": ""17:0-22:0"", ""Thursday"": ""17:0-22:0"", ""Friday"": ""17:0-22:0"", ""Saturday"": ""17:0-22:0""}"
BFAizUhoQp7HuCIq9qrkCg__fitness_and_instruction,BFAizUhoQp7HuCIq9qrkCg,UNO Aquatic Center,Fitness & Instruction,BFAizUhoQp7HuCIq9qrkCg,Fitness & Instruction,30.0293244,-90.0509946,2525.372925,8100.598110,New Orleans,LA,3.5,6,1,,,,,true,,,,"{""Monday"": ""8:0-20:30"", ""Tuesday"": ""10:0-20:30"", ""Wednesday"": ""8:0-20:30"", ""Thursday"": ""10:0-20:30"", ""Friday"": ""8:0-20:30"", ""Saturday"": ""10:0-17:0""}"
bPC2scvc0A7Ob3LiSD4oaw__pizza,bPC2scvc0A7Ob3LiSD4oaw,Uptown Pizza & Wings,Pizza,bPC2scvc0A7Ob3LiSD4oaw,Pizza,29.9471865,-90.1303546,-5120.165650,-1032.729847,New Orleans,LA,4.0,8,0,2,true,true,true,true,none,free,,"{""Monday"": ""11:0-22:0"", ""Tuesday"": ""16:0-22:0"", ""Wednesday"": ""16:0-22:0"", ""Thursday"": ""16:0-22:0"", ""Friday"": ""11:0-0:0"", ""Saturday"": ""11:0-0:0"", ""Sunday"": ""11:0-22:0""}"
IGrnxa9v6C1mTwWMjt3_9w__specialty_food,IGrnxa9v6C1mTwWMjt3_9w,The Green Room Kukhnya,Specialty Food,IGrnxa9v6C1mTwWMjt3_9w,Specialty Food,29.9693080,-90.0637350,1297.964770,1427.072120,New Orleans,LA,4.5,106,1,1,true,false,false,false,full_bar,free,divey,"{""Monday"": ""16:0-22:0"", ""Wednesday"": ""16:0-22:0"", ""Thursday"": ""16:0-22:0"", ""Friday"": ""16:0-22:0"", ""Saturday"": ""16:0-22:0"", ""Sunday"": ""16:0-22:0""}"
GJ9hLjmKZ_9fmw2XuRhAzQ__cafes,GJ9hLjmKZ_9fmw2XuRhAzQ,DBLBLK Cafe,Cafes,GJ9hLjmKZ_9fmw2XuRhAzQ,Cafes,29.9568341,-90.0785523,-129.533502,40.035809,New Orleans,LA,3.0,12,0,2,false,false,false,true,none,no,,
zgwu3yTttj50W5-z1lE42Q__venues_and_event_spaces,zgwu3yTttj50W5-z1lE42Q,NOLA Veggie Fest,Venues & Event Spaces,zgwu3yTttj50W5-z1lE42Q,Venues & Event Spaces,29.9685778,-90.0525283,2377.617937,1345.877473,New Orleans,LA,4.0,5,1,1,true,false,true,true,full_bar,free,,"{""Saturday"": ""11:0-18:0"", ""Sunday"": ""12:0-18:0""}"
Vi7mls55_E-WWtGhIHgomA__american_(new),Vi7mls55_E-WWtGhIHgomA,Roux Carre,American (New),Vi7mls55_E-WWtGhIHgomA,American (New),29.9378449,-90.0814296,-406.732504,-2071.469809,New Orleans,LA,4.5,36,0,2,true,false,true,true,full_bar,free,casual,"{""Monday"": ""0:0-0:0"", ""Tuesday"": ""11:0-16:0"", ""Wednesday"": ""11:0-16:0"", ""Thursday"": ""11:0-16:0"", ""Friday"": ""11:0-20:0"", ""Saturday"": ""11:0-20:0"", ""Sunday"": ""10:0-16:0""}"
iMPv0HqHFbBYs2lEW4_Acw__southern,iMPv0HqHFbBYs2lEW4_Acw,Ma Momma's House of Cornbread Chicken & Waffles,Southern,iMPv0HqHFbBYs2lEW4_Acw,Southern,30.0282140,-89.9916570,8241.957294,7977.129517,New Orleans,LA,4.0,178,0,2,true,true,false,true,none,free,casual,"{""Monday"": ""0:0-0:0"", ""Friday"": ""10:0-17:0"", ""Saturday"": ""10:0-17:0"", ""Sunday"": ""10:0-17:0""}"
2GoW5x7cNCdbdUnk54Uuug__fast_food,2GoW5x7cNCdbdUnk54Uuug,Wing Snack Express,Fast Food,2GoW5x7cNCdbdUnk54Uuug,Fast Food,29.9193279,-90.0165680,5842.032244,-4130.469109,New Orleans,LA,3.0,41,1,2,true,true,false,true,none,free,,"{""Monday"": ""10:30-21:0"", ""Tuesday"": ""10:30-21:0"", ""Wednesday"": ""10:30-21:0"", ""Thursday"": ""10:30-21:0"", ""Friday"": ""10:30-22:0"", ""Saturday"": ""10:30-22:0"", ""Sunday"": ""10:30-21:0""}"
EmJF-xSIOaEEOWcK8UOBqg__american_(traditional),EmJF-xSIOaEEOWcK8UOBqg,Fharmacy Nola,American (Traditional),EmJF-xSIOaEEOWcK8UOBqg,American (Traditional),29.9617583,-90.0883127,-1069.854657,587.580055,New Orleans,LA,4.5,463,1,2,,,true,true,full_bar,no,casual,"{""Monday"": ""11:0-21:0"", ""Tuesday"": ""11:0-21:0"", ""Wednesday"": ""11:0-21:0"", ""Thursday"": ""11:0-21:0"", ""Friday"": ""11:0-21:0"", ""Saturday"": ""11:0-21:0""}"
7SfQg9aLs0Go_BT5C9NoKA__coffee_and_tea,7SfQg9aLs0Go_BT5C9NoKA,Brigade Coffee Company,Coffee & Tea,7SfQg9aLs0Go_BT5C9NoKA,Coffee & Tea,29.9219677,-90.1073935,-2908.093912,-3836.936336,New Orleans,LA,4.0,10,1,2,,,false,,,free,,
Bo_TnA3HGE12c7vJ91UCBA__coffee_and_tea,Bo_TnA3HGE12c7vJ91UCBA,Up & Adam Eatz,Coffee & Tea,Bo_TnA3HGE12c7vJ91UCBA,Coffee & Tea,29.9734381,-90.0984483,-2046.317483,1886.322602,New Orleans,LA,4.0,35,1,2,,,true,,,free,classy,"{""Tuesday"": ""7:0-15:0"", ""Wednesday"": ""7:0-15:0"", ""Thursday"": ""7:0-15:0"", ""Friday"": ""7:0-15:0"", ""Saturday"": ""8:0-15:0"", ""Sunday"": ""8:0-15:0""}"
HUcjSm1Lxdn8zSu-hQ7-sw__cafes,HUcjSm1Lxdn8zSu-hQ7-sw,Cafe Degas,Cafes,HUcjSm1Lxdn8zSu-hQ7-sw,Cafes,29.9803386,-90.0841949,-673.141430,2653.620572,New Orleans,LA,4.0,352,1,3,true,false,true,false,full_bar,free,classy|romantic,"{""Wednesday"": ""17:0-21:30"", ""Thursday"": ""17:0-21:30"", ""Friday"": ""17:0-21:30"", ""Saturday"": ""17:0-21:30"", ""Sunday"": ""17:0-21:0""}"
u-wkhjV7CfvGJVY7hGULjw__venues_and_event_spaces,u-wkhjV7CfvGJVY7hGULjw,Hilton New Orleans Riverside,Venues & Event Spaces,u-wkhjV7CfvGJVY7hGULjw,Venues & Event Spaces,29.9475062,-90.0634540,1325.036543,-997.183649,New Orleans,LA,3.0,559,1,3,false,false,false,true,full_bar,paid,,"{""Monday"": ""0:0-0:0"", ""Tuesday"": ""0:0-0:0"", ""Wednesday"": ""0:0-0:0"", ""Thursday"": ""0:0-0:0"", ""Friday"": ""0:0-0:0"", ""Saturday"": ""0:0-0:0"", ""Sunday"": ""0:0-0:0""}"
_QPX4f_bUenUeOAU_Zkl-A__specialty_food,_QPX4f_bUenUeOAU_Zkl-A,Smoothie King,Specialty Food,_QPX4f_bUenUeOAU_Zkl-A,Specialty Food,29.9260599,-90.0829514,-553.342674,-3381.903829,New Orleans,LA,3.5,7,0,1,true,,,,,free,,
TwFOLcctyBEla1eklJs9qQ__beer,TwFOLcctyBEla1eklJs9qQ,Second Vine Wine,Beer,TwFOLcctyBEla1eklJs9qQ,Beer,29.9681233,-90.0590219,1752.024693,1295.339309,New Orleans,LA,5.0,46,0,2,true,,,false,,,,"{""Monday"": ""12:0-23:0"", ""Tuesday"": ""12:0-23:0"", ""Wednesday"": ""12:0-23:0"", ""Thursday"": ""12:0-23:0"", ""Friday"": ""12:0-23:0"", ""Saturday"": ""12:0-23:0"", ""Sunday"": ""12:0-23:0""}"
4pFrE7xGdLStUXWvs_-b7Q__seafood,4pFrE7xGdLStUXWvs_-b7Q,Peewees Crabcakes On The Go,Seafood,4pFrE7xGdLStUXWvs_-b7Q,Seafood,29.9459510,-90.0879210,-1032.113801,-1170.111369,New Orleans,LA,4.0,103,1,,true,true,,,,,,"{""Tuesday"": ""10:0-19:0"", ""Wednesday"": ""10:0-19:0"", ""Thursday"": ""10:0-19:0"", ""Friday"": ""10:0-22:0"", ""Saturday"": ""10:0-22:0"", ""Sunday"": ""10:0-19:0""}"
ugy0ufC46d_jm9TtY7YhNA__specialty_food,ugy0ufC46d_jm9TtY7YhNA,Roman Chewing Candy,Specialty Food,ugy0ufC46d_jm9TtY7YhNA,Specialty Food,29.9199492,-90.1166915,-3803.862974,-4061.383606,New Orleans,LA,4.0,13,1,1,,,,,,,,
yoQBK3OUDqWEFoUDE5lM4w__cajun_creole,yoQBK3OUDqWEFoUDE5lM4w,Pere Antoine Restaurant,Cajun/Creole,yoQBK3OUDqWEFoUDE5lM4w,Cajun/Creole,29.9588384,-90.0641847,1254.640684,262.904108,New Orleans,LA,3.0,938,1,2,true,false,true,true,full_bar,no,casual|classy|touristy,"{""Monday"": ""9:0-20:0"", ""Tuesday"": ""10:0-0:0"", ""Wednesday"": ""10:0-20:0"", ""Thursday"": ""10:0-0:0"", ""Friday"": ""10:0-20:0"", ""Saturday"": ""8:0-20:0"", ""Sunday"": ""10:0-20:0""}"
fYz9PVDGjoLUb9qBRlSvfQ__desserts,fYz9PVDGjoLUb9qBRlSvfQ,Ike's Snowballs,Desserts,fYz9PVDGjoLUb9qBRlSvfQ,Desserts,29.9834852,-90.1050100,-2678.467588,3003.507012,New Orleans,LA,3.5,39,1,1,true,,,,,no,,"{""Monday"": ""11:0-19:0"", ""Tuesday"": ""11:0-19:0"", ""Wednesday"": ""11:0-19:0"", ""Thursday"": ""11:0-19:0"", ""Friday"": ""11:0-19:0"", ""Saturday"": ""11:0-19:0"", ""Sunday"": ""11:0-19:0""}"
_RHEdOmZfwOxAi0GcR_Gfw__fitness_and_instruction,_RHEdOmZfwOxAi0GcR_Gfw,NOLA Float Tanks,Fitness & Instruction,_RHEdOmZfwOxAi0GcR_Gfw,Fitness & Instruction,29.9672924,-90.0906300,-1293.098786,1202.947317,New Orleans,LA,3.5,26,0,2,,,,,,free,,"{""Monday"": ""10:0-20:0"", ""Tuesday"": ""10:0-20:0"", ""Wednesday"": ""10:0-20:0"", ""Thursday"": ""10:0-20:0"", ""Friday"": ""10:0-20:0"", ""Saturday"": ""10:0-20:0""}"
egMKUgvGqNXnid1pn5o3tQ__desserts,egMKUgvGqNXnid1pn5o3tQ,Freezy Street,Desserts,egMKUgvGqNXnid1pn5o3tQ,Desserts,29.9699796,-90.0840581,-659.960542,1501.750770,New Orleans,LA,4.0,13,0,,true,,,,,no,,"{""Monday"": ""15:30-21:0"", ""Tuesday"": ""15:30-21:0"", ""Wednesday"": ""15:30-21:0"", ""Thursday"": ""15:30-21:0"", ""Friday"": ""12:0-22:0"", ""Saturday"": ""12:0-22:0"", ""Sunday"": ""12:0-21:0""}"
6-VCTlKCj-1RHeC40QaRkA__art_galleries,6-VCTlKCj-1RHeC40QaRkA,Hemmerling Gallery,Art Galleries,6-VCTlKCj-1RHeC40QaRkA,Art Galleries,29.9587254,-90.0642760,1245.844845,250.339064,New Orleans,LA,4.5,9,1,3,,,,true,,,,"{""Monday"": ""11:0-18:0"", ""Tuesday"": ""11:0-18:0"", ""Wednesday"": ""11:0-18:0"", ""Thursday"": ""11:0-18:0"", ""Friday"": ""11:0-18:0"", ""Saturday"": ""11:0-18:0"", ""Sunday"": ""12:0-17:0""}"
DvQ9LueDdw3u-eeROpcX0A__venues_and_event_spaces,DvQ9LueDdw3u-eeROpcX0A,New Orleans Pharmacy Museum,Venues & Event Spaces,DvQ9LueDdw3u-eeROpcX0A,Venues & Event Spaces,29.9560373,-90.0649145,1184.331772,-48.564431,New Orleans,LA,4.5,301,1,,,,,false,,free,,"{""Monday"": ""0:0-0:0"", ""Wednesday"": ""12:0-17:0"", ""Thursday"": ""12:0-17:0"", ""Friday"": ""12:0-17:0"", ""Saturday"": ""12:0-17:0""}"
UeY30shIL5ZhTw9fpnR8Fw__venues_and_event_spaces,UeY30shIL5ZhTw9fpnR8Fw,Three Palms Bar & Grill,Venues & Event Spaces,UeY30shIL5ZhTw9fpnR8Fw,Venues & Event Spaces,29.9675341,-90.1026781,-2453.812406,1229.823168,New Orleans,LA,4.5,50,1,1,true,true,true,false,full_bar,free,classy|intimate,"{""Monday"": ""0:0-0:0"", ""Tuesday"": ""16:0-0:0"", ""Wednesday"": ""16:0-0:0"", ""Thursday"": ""16:0-0:0"", ""Friday"": ""16:0-3:0"", ""Saturday"": ""16:0-3:0"", ""Sunday"": ""16:0-3:0""}"
YxCx7x0cWK7PEaAKty1u7A__art_galleries,YxCx7x0cWK7PEaAKty1u7A,Idle Hands Tattoo Parlour,Art Galleries,YxCx7x0cWK7PEaAKty1u7A,Art Galleries,29.9321070,-90.0735490,352.484281,-2709.496059,New Orleans,LA,5.0,84,1,2,,,,,,free,,"{""Monday"": ""0:0-0:0"", ""Tuesday"": ""12:0-18:0"", ""Wednesday"": ""12:0-20:0"", ""Thursday"": ""12:0-20:0"", ""Friday"": ""12:0-20:0"", ""Saturday"": ""12:0-20:0"", ""Sunday"": ""12:0-18:0""}"
n8nSzOulFPW8CsTzth2FYg__specialty_food,n8nSzOulFPW8CsTzth2FYg,Jefferson Seafood Shack,Specialty Food,n8nSzOulFPW8CsTzth2FYg,Specialty Food,29.9634160,-90.1548933,-7484.223328,771.910708,New Orleans,LA,3.5,13,1,1,true,,,,,,,
Qa7WFGzFXvmye14SVMD95w__fitness_and_instruction,Qa7WFGzFXvmye14SVMD95w,City Surf Fitness,Fitness & Instruction,Qa7WFGzFXvmye14SVMD95w,Fitness & Instruction,29.9216560,-90.1204807,-4168.916700,-3871.599401,New Orleans,LA,5.0,8,1,,,,,false,,,,
ErW5P5HJy90GNzVNpR14HQ__american_(traditional),ErW5P5HJy90GNzVNpR14HQ,Espresso Express,American (Traditional),ErW5P5HJy90GNzVNpR14HQ,American (Traditional),29.9503038,-90.0713499,564.345515,-686.101423,New Orleans,LA,3.0,13,1,1,true,,false,false,,free,,"{""Monday"": ""0:0-0:0"", ""Tuesday"": ""7:0-14:0"", ""Wednesday"": ""7:0-14:0"", ""Thursday"": ""7:0-14:0"", ""Friday"": ""7:0-14:0""}"
37lC8Vo0L3pVIdsyxRVw5A__seafood,37lC8Vo0L3pVIdsyxRVw5A,Gulf Coast Crawfish,Seafood,37lC8Vo0L3pVIdsyxRVw5A,Seafood,29.9219677,-90.1073935,-2908.093912,-3836.936336,New Orleans,LA,5.0,5,1,,,true,,,,,,"{""Monday"": ""0:0-0:0"", ""Tuesday"": ""0:0-0:0"", ""Wednesday"": ""0:0-0:0"", ""Thursday"": ""0:0-0:0"", ""Friday"": ""0:0-0:0"", ""Saturday"": ""0:0-0:0"", ""Sunday"": ""0:0-0:0""}"
q4J6N6W6TrMXbtBAdTPZew__american_(new),q4J6N6W6TrMXbtBAdTPZew,Feelings Cafe,American (New),q4J6N6W6TrMXbtBAdTPZew,American (New),29.9638699,-90.0516822,2459.131188,822.382155,New Orleans,LA,4.0,100,0,2,false,false,true,false,full_bar,no,intimate,"{""Tuesday"": ""17:0-22:0"", ""Wednesday"": ""17:0-22:0"", ""Thursday"": ""17:0-22:0"", ""Friday"": ""17:0-22:0"", ""Saturday"": ""17:0-22:0""}"
fU3qz9khOzzz0pBt7XHG5A__pizza,fU3qz9khOzzz0pBt7XHG5A,Breaux's Pizza and Wine Bar,Pizza,fU3qz9khOzzz0pBt7XHG5A,Pizza,30.0404699,-89.9547665,11795.987043,9339.925300,New Orleans,LA,3.5,13,1,,true,true,false,true,full_bar,free,,"{""Monday"": ""11:0-21:0"", ""Tuesday"": ""11:0-21:0"", ""Wednesday"": ""11:0-21:0"", ""Thursday"": ""11:0-21:0"", ""Friday"": ""11:0-22:0"", ""Saturday"": ""11:0-22:0"", ""Sunday"": ""11:0-21:0""}"
IZZ_uR2ps5KuuyE0n--jVA__southern,IZZ_uR2ps5KuuyE0n--jVA,Elizabeth's Restaurant,Southern,IZZ_uR2ps5KuuyE0n--jVA,Southern,29.9615127,-90.0409119,3496.741592,560.273111,New Orleans,LA,4.0,1352,1,2,true,false,true,true,full_bar,no,casual,"{""Monday"": ""8:0-14:30"", ""Tuesday"": ""8:0-14:30"", ""Wednesday"": ""8:0-14:30"", ""Thursday"": ""8:0-14:30"", ""Friday"": ""8:0-14:30"", ""Saturday"": ""8:0-14:30"", ""Sunday"": ""8:0-14:30""}"
zwe9H6Xxqb1_E09A20Ptgg__burgers,zwe9H6Xxqb1_E09A20Ptgg,Le Citron Bistro,Burgers,zwe9H6Xxqb1_E09A20Ptgg,Burgers,29.9323810,-90.0669550,987.750059,-2679.028607,New Orleans,LA,3.5,33,1,2,true,false,true,true,full_bar,free,classy|intimate,"{""Monday"": ""8:0-15:0"", ""Tuesday"": ""8:0-15:0"", ""Wednesday"": ""8:0-15:0"", ""Thursday"": ""8:0-15:0"", ""Friday"": ""8:0-15:0""}"
tPuso2lzqdPM3sje6gWzsA__cafes,tPuso2lzqdPM3sje6gWzsA,Louise,Cafes,tPuso2lzqdPM3sje6gWzsA,Cafes,29.9637707,-90.0529843,2333.686910,811.349590,New Orleans,LA,4.0,52,0,2,true,,true,true,none,free,,"{""Wednesday"": ""7:0-14:0"", ""Thursday"": ""7:0-14:0"", ""Friday"": ""7:0-14:0"", ""Saturday"": ""8:0-14:0"", ""Sunday"": ""9:0-14:30""}"
QX96jNeZ15qm4xgw5AW5dw__cocktail_bars,QX96jNeZ15qm4xgw5AW5dw,DTB,Cocktail Bars,QX96jNeZ15qm4xgw5AW5dw,Cocktail Bars,29.9483769,-90.1306700,-5150.551277,-900.363224,New Orleans,LA,4.5,225,0,2,true,false,true,false,full_bar,free,casual|classy|trendy,"{""Monday"": ""0:0-0:0"", ""Tuesday"": ""17:0-22:0"", ""Wednesday"": ""17:0-22:0"", ""Thursday"": ""17:0-22:0"", ""Friday"": ""17:0-23:0"", ""Saturday"": ""17:0-23:0"", ""Sunday"": ""17:0-23:0""}"
XnOluvVfA420eLbc7Fxnyg__american_(new),XnOluvVfA420eLbc7Fxnyg,EPIC FRIES,American (New),XnOluvVfA420eLbc7Fxnyg,American (New),29.9579575,-90.0663997,1041.247645,164.952362,New Orleans,LA,3.0,9,0,,,,,,,,,"{""Monday"": ""10:30-4:0"", ""Tuesday"": ""10:30-4:0"", ""Wednesday"": ""10:30-4:0"", ""Thursday"": ""10:30-4:0"", ""Friday"": ""10:0-4:0"", ""Saturday"": ""10:0-4:0"", ""Sunday"": ""10:0-4:0""}"
JsRBXqGj0qeMv77sNXha2Q__cafes,JsRBXqGj0qeMv77sNXha2Q,Mister Gregory's,Cafes,JsRBXqGj0qeMv77sNXha2Q,Cafes,29.9613940,-90.0673670,948.057990,547.074255,New Orleans,LA,4.0,191,0,1,true,true,true,true,none,free,casual,"{""Monday"": ""9:0-16:0"", ""Tuesday"": ""9:0-16:0"", ""Wednesday"": ""9:0-16:0"", ""Thursday"": ""9:0-16:0"", ""Friday"": ""9:0-16:0"", ""Saturday"": ""9:0-16:0"", ""Sunday"": ""9:0-16:0""}"
ycmC6YVJPN5aHoZivAYakw__specialty_food,ycmC6YVJPN5aHoZivAYakw,Bobby's Seafood,Specialty Food,ycmC6YVJPN5aHoZivAYakw,Specialty Food,29.9472081,-90.2132375,-13105.101941,-1030.328033,New Orleans,LA,4.0,38,1,1,true,false,true,true,none,no,casual,"{""Monday"": ""9:0-15:0"", ""Tuesday"": ""9:0-18:0"", ""Wednesday"": ""9:0-18:0"", ""Thursday"": ""9:0-18:0"", ""Friday"": ""9:0-19:0"", ""Saturday"": ""9:0-17:0""}"
VFCZwUEKRWAGZPatISKHSA__coffee_and_tea,VFCZwUEKRWAGZPatISKHSA,Orleans Coffee House,Coffee & Tea,VFCZwUEKRWAGZPatISKHSA,Coffee & Tea,29.9398338,-90.0797504,-244.958423,-1850.313913,New Orleans,LA,3.0,9,0,,true,,,,,,,"{""Monday"": ""8:0-15:0"", ""Tuesday"": ""8:0-15:0"", ""Wednesday"": ""8:0-15:0"", ""Thursday"": ""8:0-15:0"", ""Friday"": ""8:0-15:0"", ""Saturday"": ""8:0-14:0""}"
HhR2Lw4DxN_XKQZHG_TImQ__cajun_creole,HhR2Lw4DxN_XKQZHG_TImQ,Gumbo POT,Cajun/Creole,HhR2Lw4DxN_XKQZHG_TImQ,Cajun/Creole,29.9558761,-90.0629779,1370.903763,-66.489078,New Orleans,LA,2.5,408,0,2,true,false,true,true,full_bar,no,casual,"{""Monday"": ""8:0-21:0"", ""Tuesday"": ""8:0-21:0"", ""Wednesday"": ""8:0-21:0"", ""Thursday"": ""8:0-21:0"", ""Friday"": ""8:0-22:0"", ""Saturday"": ""8:0-22:0"", ""Sunday"": ""8:0-21:0""}"
w6yF2Y88KhzTld0WXgICtA__coffee_and_tea,w6yF2Y88KhzTld0WXgICtA,Cafe Bon Ami,Coffee & Tea,w6yF2Y88KhzTld0WXgICtA,Coffee & Tea,29.9506805,-90.0720854,493.487465,-644.214237,New Orleans,LA,4.5,59,1,2,true,,false,,,free,,"{""Monday"": ""8:0-12:0"", ""Tuesday"": ""7:0-14:0"", ""Wednesday"": ""7:0-14:0"", ""Thursday"": ""7:0-14:0"", ""Friday"": ""7:0-14:0"", ""Saturday"": ""8:0-12:0"", ""Sunday"": ""8:0-12:0""}"
8odXL99ki7fi2YPgvAd14w__burgers,8odXL99ki7fi2YPgvAd14w,Liberty's Kitchen,Burgers,8odXL99ki7fi2YPgvAd14w,Burgers,29.9671931,-90.0848478,-736.041798,1191.905645,New Orleans,LA,4.5,71,1,1,true,false,true,true,none,free,casual,"{""Monday"": ""7:0-14:0"", ""Tuesday"": ""7:0-14:0"", ""Wednesday"": ""7:0-14:0"", ""Thursday"": ""7:0-14:0"", ""Friday"": ""7:0-14:0""}"
3UHXD8T80OUFMCzLb3x-sQ__fast_food,3UHXD8T80OUFMCzLb3x-sQ,McDonald's,Fast Food,3UHXD8T80OUFMCzLb3x-sQ,Fast Food,29.9535760,-90.0691830,773.104601,-322.248882,New Orleans,LA,1.0,176,1,1,true,true,false,false,none,free,,"{""Monday"": ""6:0-23:0"", ""Tuesday"": ""6:0-23:0"", ""Wednesday"": ""6:0-23:0"", ""Thursday"": ""6:0-23:0"", ""Friday"": ""6:0-0:0"", ""Saturday"": ""6:0-0:0"", ""Sunday"": ""6:0-23:0""}"
fvp72qHtduYw2rZRD6tTSQ__burgers,fvp72qHtduYw2rZRD6tTSQ,South Market Pub & Grill,Burgers,fvp72qHtduYw2rZRD6tTSQ,Burgers,29.9447365,-90.0730256,402.908623,-1305.157794,New Orleans,LA,4.5,46,1,1,true,true,true,false,full_bar,free,casual|divey,"{""Monday"": ""11:0-1:0"", ""Tuesday"": ""11:0-1:0"", ""Wednesday"": ""11:0-1:0"", ""Thursday"": ""11:0-1:0"", ""Friday"": ""11:0-3:0"", ""Saturday"": ""11:0-3:0"", ""Sunday"": ""11:0-1:0""}"
9xdXS7jtWjCVzL4_oPGv9A__seafood,9xdXS7jtWjCVzL4_oPGv9A,GW Fins,Seafood,9xdXS7jtWjCVzL4_oPGv9A,Seafood,29.9555474,-90.0688440,805.767021,-103.034030,New Orleans,LA,4.5,2443,1,3,true,false,false,true,full_bar,free,classy|upscale,"{""Monday"": ""0:0-0:0"", ""Tuesday"": ""17:0-21:30"", ""Wednesday"": ""17:0-21:30"", ""Thursday"": ""17:0-21:30"", ""Friday"": ""17:0-22:30"", ""Saturday"": ""17:0-22:0"", ""Sunday"": ""17:0-21:30""}"
qkquD74xXAY3feIZNfMRfQ__fitness_and_instruction,qkquD74xXAY3feIZNfMRfQ,Pure Barre - New Orleans,Fitness & Instruction,qkquD74xXAY3feIZNfMRfQ,Fitness & Instruction,29.9203875,-90.1053679,-2712.947664,-4012.646802,New Orleans,LA,4.5,41,1,3,,,,false,,,,"{""Monday"": ""16:0-19:0"", ""Tuesday"": ""16:0-20:0"", ""Wednesday"": ""16:0-19:0"", ""Thursday"": ""16:0-20:0"", ""Friday"": ""16:0-19:0"", ""Saturday"": ""8:0-13:30"", ""Sunday"": ""8:0-11:0""}"
uhV0WlIDnO-UxuMezO2t-g__breakfast_and_brunch,uhV0WlIDnO-UxuMezO2t-g,Estaño,Breakfast & Brunch,uhV0WlIDnO-UxuMezO2t-g,Breakfast & Brunch,29.9685796,-90.0548756,2151.474352,1346.082461,New Orleans,LA,4.5,15,0,,true,false,true,,beer_and_wine,free,,"{""Tuesday"": ""16:0-22:0"", ""Wednesday"": ""16:0-22:0"", ""Thursday"": ""16:0-22:0"", ""Friday"": ""12:0-22:0"", ""Saturday"": ""12:0-22:0"", ""Sunday"": ""11:0-15:0""}"
7EFbmaCvOjPxC7cb3LMnvA__pizza,7EFbmaCvOjPxC7cb3LMnvA,Cafe Navarre,Pizza,7EFbmaCvOjPxC7cb3LMnvA,Pizza,29.9894781,-90.1080328,-2969.684056,3669.888008,New Orleans,LA,4.0,173,1,2,true,false,true,true,full_bar,free,casual,"{""Monday"": ""7:0-14:0"", ""Tuesday"": ""7:0-20:30"", ""Wednesday"": ""7:0-20:30"", ""Thursday"": ""7:0-20:30"", ""Friday"": ""7:0-20:30"", ""Saturday"": ""7:0-20:30"", ""Sunday"": ""7:0-14:0""}"
eSiK2t53rksd2AqQLxiADw__fast_food,eSiK2t53rksd2AqQLxiADw,Popeyes Louisiana Kitchen,Fast Food,eSiK2t53rksd2AqQLxiADw,Fast Food,29.9615142,-90.1150473,-3645.460792,560.439904,New Orleans,LA,2.5,29,1,1,true,true,false,true,none,no,casual,"{""Monday"": ""10:0-0:0"", ""Tuesday"": ""10:0-0:0"", ""Wednesday"": ""10:0-0:0"", ""Thursday"": ""10:0-0:0"", ""Friday"": ""10:0-1:0"", ""Saturday"": ""10:0-1:0"", ""Sunday"": ""10:0-0:0""}"
i177QiGIIw_UBxm6J1HxQw__art_galleries,i177QiGIIw_UBxm6J1HxQw,Magazine Street Framing,Art Galleries,i177QiGIIw_UBxm6J1HxQw,Art Galleries,29.9220238,-90.0930378,-1525.066171,-3830.698292,New Orleans,LA,5.0,38,1,2,,,,false,,,,"{""Monday"": ""0:0-0:0"", ""Tuesday"": ""10:0-18:0"", ""Wednesday"": ""10:0-18:0"", ""Thursday"": ""10:0-18:0"", ""Friday"": ""10:0-18:0"", ""Saturday"": ""10:0-18:0""}"
ybdK0uu7_dZ78qCjA2z81Q__specialty_food,ybdK0uu7_dZ78qCjA2z81Q,Rare Cuts Gourmet Meats,Specialty Food,ybdK0uu7_dZ78qCjA2z81Q,Specialty Food,29.9218536,-90.1204950,-4170.292059,-3849.623695,New Orleans,LA,4.0,18,0,3,false,true,false,false,none,free,,"{""Monday"": ""11:0-18:0"", ""Tuesday"": ""11:0-18:0"", ""Wednesday"": ""11:0-18:0"", ""Thursday"": ""11:0-19:0"", ""Friday"": ""11:0-19:0"", ""Saturday"": ""11:0-19:0"", ""Sunday"": ""11:0-18:0""}"
0jgDSv2SOvCiOuqShsNtlQ__burgers,0jgDSv2SOvCiOuqShsNtlQ,La Peniche,Burgers,0jgDSv2SOvCiOuqShsNtlQ,Burgers,29.9652686,-90.0591493,1739.750981,977.910713,New Orleans,LA,3.5,68,0,2,true,false,false,true,full_bar,free,divey,"{""Monday"": ""0:0-0:0"", ""Tuesday"": ""0:0-14:0"", ""Thursday"": ""0:0-0:0"", ""Friday"": ""0:0-0:0"", ""Saturday"": ""0:0-0:0"", ""Sunday"": ""0:0-0:0""}"
X7W01ESZV0UybJ859ZnWRQ__pizza,X7W01ESZV0UybJ859ZnWRQ,Reginelli's Pizzeria,Pizza,X7W01ESZV0UybJ859ZnWRQ,Pizza,30.0038870,-90.1042338,-2603.688501,5272.086800,New Orleans,LA,4.0,120,1,2,true,true,true,true,beer_and_wine,no,casual,"{""Monday"": ""11:0-21:0"", ""Tuesday"": ""11:0-21:0"", ""Wednesday"": ""11:0-21:0"", ""Thursday"": ""11:0-21:0"", ""Friday"": ""11:0-21:0"", ""Saturday"": ""11:0-21:0"", ""Sunday"": ""11:0-21:0""}"
DHm-sK53w6kFk92TK0SDIg__cafes,DHm-sK53w6kFk92TK0SDIg,Undergrowth Coffee,Cafes,DHm-sK53w6kFk92TK0SDIg,Cafes,29.9206510,-90.1011018,-2301.951708,-3983.346899,New Orleans,LA,5.0,20,1,,true,false,true,,,free,,"{""Monday"": ""6:0-18:0"", ""Tuesday"": ""6:0-18:0"", ""Wednesday"": ""6:0-18:0"", ""Thursday"": ""6:0-18:0"", ""Friday"": ""6:0-18:0"", ""Saturday"": ""7:0-18:0"", ""Sunday"": ""7:0-18:0""}"
l5cKnwfmnaG4QRZl7ZyNuA__pizza,l5cKnwfmnaG4QRZl7ZyNuA,Ancora,Pizza,l5cKnwfmnaG4QRZl7ZyNuA,Pizza,29.9350172,-90.1044548,-2624.979635,-2385.896137,New Orleans,LA,4.0,224,1,2,true,false,false,true,full_bar,no,casual,"{""Tuesday"": ""14:0-21:0"", ""Wednesday"": ""14:0-21:0"", ""Thursday"": ""14:0-21:0"", ""Friday"": ""14:0-21:0"", ""Saturday"": ""14:0-21:0""}"
59hAnpVu7SwWhA3lCv680g__burgers,59hAnpVu7SwWhA3lCv680g,Baby's Badass Burgers,Burgers,59hAnpVu7SwWhA3lCv680g,Burgers,29.9595769,-90.0770127,18.791519,345.021675,New Orleans,LA,4.0,9,0,2,true,true,,true,,,,"{""Monday"": ""0:0-0:0"", ""Tuesday"": ""0:0-0:0"", ""Wednesday"": ""0:0-0:0"", ""Thursday"": ""0:0-0:0"", ""Friday"": ""0:0-0:0"", ""Saturday"": ""0:0-0:0"", ""Sunday"": ""0:0-0:0""}"
sMj1D3dovgXK_oyi4kpYCA__fast_food,sMj1D3dovgXK_oyi4kpYCA,Taco Bell,Fast Food,sMj1D3dovgXK_oyi4kpYCA,Fast Food,30.0224041,-90.0617218,1491.916402,7331.097220,New Orleans,LA,2.0,5,1,,,true,,,,,,"{""Monday"": ""10:0-22:0"", ""Tuesday"": ""10:0-22:0"", ""Wednesday"": ""10:0-22:0"", ""Thursday"": ""10:0-22:0"", ""Friday"": ""10:0-22:0"", ""Saturday"": ""10:0-22:0"", ""Sunday"": ""10:0-22:0""}"
XUcHZEZERsNJOhSXar_0Hw__specialty_food,XUcHZEZERsNJOhSXar_0Hw,Chez Nous Charcuterie,Specialty Food,XUcHZEZERsNJOhSXar_0Hw,Specialty Food,29.9215419,-90.1180550,-3935.221997,-3884.287271,New Orleans,LA,5.0,12,1,2,true,true,,,,,,"{""Monday"": ""11:0-18:30"", ""Tuesday"": ""11:0-18:30"", ""Wednesday"": ""11:0-18:30"", ""Thursday"": ""11:0-18:30"", ""Friday"": ""11:0-18:30"", ""Saturday"": ""11:0-18:30""}"
7CRox7xpb3vNCEe7FZ6zgA__southern,7CRox7xpb3vNCEe7FZ6zgA,High Hat Cafe,Southern,7CRox7xpb3vNCEe7FZ6zgA,Southern,29.9350936,-90.1043417,-2614.085058,-2377.395406,New Orleans,LA,4.0,560,1,2,true,false,false,true,full_bar,no,casual,"{""Monday"": ""0:0-0:0"", ""Tuesday"": ""11:30-20:0"", ""Friday"": ""11:30-21:0"", ""Saturday"": ""11:30-21:0"", ""Sunday"": ""11:30-20:0""}"
mpGOvVJE2Yi-5AAPPYM3hw__pizza,mpGOvVJE2Yi-5AAPPYM3hw,Sweet Things and Grill,Pizza,mpGOvVJE2Yi-5AAPPYM3hw,Pizza,29.9266303,-90.0262343,4910.785948,-3318.478778,New Orleans,LA,2.5,9,0,2,true,false,,true,,,,"{""Monday"": ""0:0-0:0"", ""Tuesday"": ""0:0-0:0"", ""Wednesday"": ""0:0-0:0"", ""Thursday"": ""0:0-0:0"", ""Friday"": ""0:0-0:0"", ""Saturday"": ""0:0-0:0"", ""Sunday"": ""0:0-0:0""}"
I_FKWKPVpGts4q_HzJ-0mQ__venues_and_event_spaces,I_FKWKPVpGts4q_HzJ-0mQ,"The Ritz-Carlton, New Orleans",Venues & Event Spaces,I_FKWKPVpGts4q_HzJ-0mQ,Venues & Event Spaces,29.9550414,-90.0710785,590.488435,-159.298085,New Orleans,LA,4.0,413,1,4,true,false,true,false,full_bar,paid,upscale,"{""Monday"": ""0:0-0:0"", ""Tuesday"": ""0:0-0:0"", ""Wednesday"": ""0:0-0:0"", ""Thursday"": ""0:0-0:0"", ""Friday"": ""0:0-0:0"", ""Saturday"": ""0:0-0:0"", ""Sunday"": ""0:0-0:0""}"
opRcNxBbKdYnkP5VjYN1ZA__burgers,opRcNxBbKdYnkP5VjYN1ZA,Juicy D's Steamed Burgers,Burgers,opRcNxBbKdYnkP5VjYN1ZA,Burgers,29.9473735,-90.1297954,-5066.292337,-1011.936367,New Orleans,LA,2.0,13,0,2,true,false,true,true,none,free,casual|trendy,"{""Monday"": ""11:0-22:0"", ""Tuesday"": ""11:0-22:0"", ""Wednesday"": ""11:0-22:0"", ""Thursday"": ""11:0-22:0"", ""Friday"": ""11:0-23:0"", ""Saturday"": ""11:0-23:0"", ""Sunday"": ""11:0-23:0""}"
cB9eWBa9CEOegQi7jKllCQ__american_(traditional),cB9eWBa9CEOegQi7jKllCQ,Bienvenue Bar & Grill,American (Traditional),cB9eWBa9CEOegQi7jKllCQ,American (Traditional),29.9511110,-90.0699290,701.234981,-596.344755,New Orleans,LA,4.5,63,0,2,true,false,true,true,full_bar,free,casual|trendy,"{""Monday"": ""0:0-0:0"", ""Tuesday"": ""10:30-20:0"", ""Wednesday"": ""10:30-20:0"", ""Thursday"": ""10:30-20:0"", ""Friday"": ""10:30-21:0"", ""Saturday"": ""8:0-21:0"", ""Sunday"": ""8:0-15:0""}"
5-aqt6yXDtV5p6vliEBxVQ__fast_food,5-aqt6yXDtV5p6vliEBxVQ,McDonald's,Fast Food,5-aqt6yXDtV5p6vliEBxVQ,Fast Food,29.9287871,-90.0910690,-1335.396147,-3078.656376,New Orleans,LA,1.5,71,1,1,true,true,true,true,none,free,,"{""Monday"": ""0:0-0:0"", ""Tuesday"": ""0:0-0:0"", ""Wednesday"": ""0:0-0:0"", ""Thursday"": ""0:0-0:0"", ""Friday"": ""0:0-0:0"", ""Saturday"": ""0:0-0:0"", ""Sunday"": ""0:0-0:0""}"
Pv-zIpv7ROFp4-PuFkhxQA__fitness_and_instruction,Pv-zIpv7ROFp4-PuFkhxQA,Sail NOLA,Fitness & Instruction,Pv-zIpv7ROFp4-PuFkhxQA,Fitness & Instruction,30.0388110,-90.0174450,5757.542088,9155.463782,New Orleans,LA,5.0,6,1,,,,,,,,,"{""Monday"": ""8:0-19:0"", ""Tuesday"": ""8:0-19:0"", ""Wednesday"": ""8:0-19:0"", ""Thursday"": ""8:0-19:0"", ""Friday"": ""8:0-19:0"", ""Saturday"": ""8:0-19:0"", ""Sunday"": ""8:0-19:0""}"
2xuzLVAMmTqcUKCtnxKVtw__fast_food,2xuzLVAMmTqcUKCtnxKVtw,Rally's,Fast Food,2xuzLVAMmTqcUKCtnxKVtw,Fast Food,29.9781477,-90.0684009,848.452093,2410.003271,New Orleans,LA,2.5,6,1,1,true,true,true,true,none,,,"{""Monday"": ""10:0-4:0"", ""Tuesday"": ""10:0-4:0"", ""Wednesday"": ""10:0-4:0"", ""Thursday"": ""10:0-4:0"", ""Friday"": ""10:0-6:0"", ""Saturday"": ""10:0-6:0"", ""Sunday"": ""10:0-4:0""}"
C26xmwM2_OgJJi2BbL3KkQ__seafood,C26xmwM2_OgJJi2BbL3KkQ,Dickie Brennan's Steakhouse,Seafood,C26xmwM2_OgJJi2BbL3KkQ,Seafood,29.9543924,-90.0687411,815.680086,-231.470364,New Orleans,LA,4.0,954,1,3,,,,false,full_bar,free,classy,"{""Tuesday"": ""17:30-22:0"", ""Wednesday"": ""17:30-22:0"", ""Thursday"": ""17:30-22:0"", ""Friday"": ""11:30-22:0"", ""Saturday"": ""17:30-22:0""}"
-UEeCTgxud4OGWshX4x-jw__desserts,-UEeCTgxud4OGWshX4x-jw,Drip Affogato Bar,Desserts,-UEeCTgxud4OGWshX4x-jw,Desserts,29.9475856,-90.0727971,424.922307,-988.351891,New Orleans,LA,4.5,411,1,2,,,,true,,free,,"{""Monday"": ""11:0-18:0"", ""Tuesday"": ""8:0-20:0"", ""Wednesday"": ""8:0-20:0"", ""Thursday"": ""8:0-20:0"", ""Friday"": ""8:0-20:0"", ""Saturday"": ""8:0-20:0"", ""Sunday"": ""8:0-20:0""}"
VjXX092EWh83n3AlqFkx_g__pizza,VjXX092EWh83n3AlqFkx_g,Cibugnù,Pizza,VjXX092EWh83n3AlqFkx_g,Pizza,29.9472121,-90.0715342,546.590058,-1029.883253,New Orleans,LA,3.5,54,0,2,true,false,true,false,full_bar,no,casual,"{""Tuesday"": ""17:0-22:0"", ""Wednesday"": ""17:0-22:0"", ""Thursday"": ""17:0-22:0"", ""Friday"": ""17:0-23:0"", ""Saturday"": ""17:0-23:0""}"
pbAfraRFRDsyvSB856dryg__coffee_and_tea,pbAfraRFRDsyvSB856dryg,The Decadence Shoppe,Coffee & Tea,pbAfraRFRDsyvSB856dryg,Coffee & Tea,29.9613940,-90.0673670,948.057990,547.074255,New Orleans,LA,4.0,17,0,2,true,,true,,none,free,,"{""Wednesday"": ""7:0-15:0"", ""Thursday"": ""7:0-15:0"", ""Friday"": ""7:0-15:0"", ""Saturday"": ""7:0-15:0"", ""Sunday"": ""7:0-15:0""}"
gvA1QnLqzt7QwuAmDyzbRA__coffee_and_tea,gvA1QnLqzt7QwuAmDyzbRA,Dashing Bicycles & Accessories,Coffee & Tea,gvA1QnLqzt7QwuAmDyzbRA,Coffee & Tea,29.9315370,-90.0746192,249.381243,-2772.877255,New Orleans,LA,4.5,41,1,1,,,false,true,,,,"{""Monday"": ""0:0-0:0"", ""Wednesday"": ""10:0-17:0"", ""Thursday"": ""10:0-17:0"", ""Friday"": ""10:0-17:0"", ""Saturday"": ""10:0-19:0"", ""Sunday"": ""10:0-17:0""}"
ozQEqZa1xm8D3MGgqN8ahA__seafood,ozQEqZa1xm8D3MGgqN8ahA,Open Hands,Seafood,ozQEqZa1xm8D3MGgqN8ahA,Seafood,29.9355417,-90.0945378,-1669.576129,-2327.574317,New Orleans,LA,5.0,5,1,,,,,,,,,"{""Wednesday"": ""10:0-18:0"", ""Thursday"": ""10:0-18:0"", ""Friday"": ""10:0-18:0"", ""Saturday"": ""10:0-18:0""}"
DJ2M53a6j8biHM8dY5P6Eg__fast_food,DJ2M53a6j8biHM8dY5P6Eg,Rally's,Fast Food,DJ2M53a6j8biHM8dY5P6Eg,Fast Food,29.9692213,-90.0526104,2369.708426,1417.431507,New Orleans,LA,2.5,16,1,1,true,true,true,true,none,no,,"{""Monday"": ""10:0-4:0"", ""Tuesday"": ""10:0-4:0"", ""Wednesday"": ""10:0-4:0"", ""Thursday"": ""10:0-5:0"", ""Friday"": ""10:0-5:0"", ""Saturday"": ""10:0-5:0"", ""Sunday"": ""10:0-4:0""}"
VqLkF5MgXMeGt1atl9pwZg__seafood,VqLkF5MgXMeGt1atl9pwZg,Cajun Joe's Seafood,Seafood,VqLkF5MgXMeGt1atl9pwZg,Seafood,29.9644144,-90.0093813,6534.398723,882.927876,New Orleans,LA,4.5,23,1,1,true,false,false,false,beer_and_wine,no,,"{""Monday"": ""9:30-19:30"", ""Tuesday"": ""9:30-19:30"", ""Wednesday"": ""9:30-19:30"", ""Thursday"": ""9:30-19:30"", ""Friday"": ""9:30-19:30"", ""Saturday"": ""9:30-19:30""}"
gm5Y2Q_-MzsnjytoG1Oo2w__coffee_and_tea,gm5Y2Q_-MzsnjytoG1Oo2w,Neutral Ground Coffee House,Coffee & Tea,gm5Y2Q_-MzsnjytoG1Oo2w,Coffee & Tea,29.9299856,-90.1099823,-3157.498832,-2945.385303,New Orleans,LA,4.0,35,1,1,true,true,true,true,none,free,hipster,"{""Friday"": ""19:0-0:0"", ""Saturday"": ""19:0-0:0"", ""Sunday"": ""19:0-0:0""}"
7ZV31rGcDaT1pUKyvJF9Mg__breakfast_and_brunch,7ZV31rGcDaT1pUKyvJF9Mg,Celtica French Bakery,Breakfast & Brunch,7ZV31rGcDaT1pUKyvJF9Mg,Breakfast & Brunch,30.0197340,-90.1119883,-3350.758050,7034.195236,New Orleans,LA,5.0,29,1,,,,,,,,,"{""Wednesday"": ""7:0-15:0"", ""Thursday"": ""7:0-15:0"", ""Friday"": ""7:0-15:0"", ""Saturday"": ""7:0-15:0"", ""Sunday"": ""8:0-14:0""}"
UjaQNgSq69kR5B5f0vXagw__pizza,UjaQNgSq69kR5B5f0vXagw,Love & Pie,Pizza,UjaQNgSq69kR5B5f0vXagw,Pizza,29.9558237,-90.0813517,-399.227621,-72.315700,New Orleans,LA,2.5,10,1,1,true,true,false,true,,free,,"{""Monday"": ""11:0-23:0"", ""Tuesday"": ""11:0-23:0"", ""Wednesday"": ""16:0-23:0"", ""Thursday"": ""11:0-23:0"", ""Friday"": ""11:0-1:0"", ""Saturday"": ""11:0-1:0"", ""Sunday"": ""11:0-23:0""}"
CyTi85R8nwNjmAESGNr0Aw__cocktail_bars,CyTi85R8nwNjmAESGNr0Aw,W XYZ Bar,Cocktail Bars,CyTi85R8nwNjmAESGNr0Aw,Cocktail Bars,29.9526081,-90.0724976,453.775945,-429.875156,New Orleans,LA,4.0,19,1,2,,,false,,full_bar,no,casual|classy,"{""Monday"": ""16:0-0:0"", ""Tuesday"": ""16:0-0:0"", ""Wednesday"": ""16:0-0:0"", ""Thursday"": ""16:0-0:0"", ""Friday"": ""16:0-0:0"", ""Saturday"": ""12:0-0:0"", ""Sunday"": ""12:0-0:0""}"
oBNrLz4EDhiscSlbOl8uAw__cafes,oBNrLz4EDhiscSlbOl8uAw,Ruby Slipper - New Orleans,Cafes,oBNrLz4EDhiscSlbOl8uAw,Cafes,29.9510250,-90.0673940,945.456811,-605.907532,New Orleans,LA,4.5,5193,1,2,true,true,true,true,full_bar,no,casual|classy,"{""Monday"": ""0:0-0:0"", ""Tuesday"": ""7:30-14:0"", ""Wednesday"": ""7:30-14:0"", ""Thursday"": ""7:30-14:0"", ""Friday"": ""7:30-14:0"", ""Saturday"": ""7:30-15:0"", ""Sunday"": ""7:30-15:0""}"
WXtEqHTe5VsAYc6Bkv0akg__pizza,WXtEqHTe5VsAYc6Bkv0akg,Red Truck Clubhouse,Pizza,WXtEqHTe5VsAYc6Bkv0akg,Pizza,29.9611404,-90.0675418,931.217763,518.875183,New Orleans,LA,4.0,59,0,2,true,,false,false,full_bar,,casual|divey,"{""Monday"": ""12:0-2:0"", ""Tuesday"": ""12:0-2:0"", ""Wednesday"": ""12:0-2:0"", ""Thursday"": ""12:0-4:0"", ""Friday"": ""12:0-4:0"", ""Saturday"": ""12:0-4:0"", ""Sunday"": ""12:0-2:0""}"
d5IbvRTwnvmaHg_wiq0XrQ__southern,d5IbvRTwnvmaHg_wiq0XrQ,Meauxbar,Southern,d5IbvRTwnvmaHg_wiq0XrQ,Southern,29.9627673,-90.0661187,1068.319178,699.778459,New Orleans,LA,4.5,275,0,2,true,false,false,false,full_bar,free,classy|trendy,"{""Wednesday"": ""16:0-22:0"", ""Thursday"": ""16:0-22:0"", ""Friday"": ""16:0-22:0"", ""Saturday"": ""16:0-22:0"", ""Sunday"": ""16:0-22:0""}"
E_HZHSOrXy621e9jeI8R7w__sandwiches,E_HZHSOrXy621e9jeI8R7w,Parkview Tavern,Sandwiches,E_HZHSOrXy621e9jeI8R7w,Sandwiches,29.9806823,-90.0935603,-1575.403807,2691.838321,New Orleans,LA,3.5,27,1,1,,,true,,full_bar,no,divey,"{""Monday"": ""12:0-3:0"", ""Tuesday"": ""12:0-3:0"", ""Wednesday"": ""12:0-3:0"", ""Thursday"": ""12:0-3:0"", ""Friday"": ""12:0-3:0"", ""Saturday"": ""12:0-3:0"", ""Sunday"": ""12:0-3:0""}"
3ZEcsExqb7D390h9h3L0zQ__beer,3ZEcsExqb7D390h9h3L0zQ,Door's Uptown Pizza,Beer,3ZEcsExqb7D390h9h3L0zQ,Beer,29.9411047,-90.1285603,-4947.302838,-1708.996086,New Orleans,LA,4.0,6,0,2,,,true,false,full_bar,,,"{""Monday"": ""16:0-2:0"", ""Tuesday"": ""16:0-2:0"", ""Wednesday"": ""11:0-2:0"", ""Thursday"": ""11:0-2:0"", ""Friday"": ""11:0-2:0"", ""Saturday"": ""11:0-2:0"", ""Sunday"": ""11:0-0:0""}"
An-maHt8rnacKyNniXj6LA__fast_food,An-maHt8rnacKyNniXj6LA,Raising Cane's Chicken Fingers,Fast Food,An-maHt8rnacKyNniXj6LA,Fast Food,29.9394074,-90.0748774,224.506262,-1897.727496,New Orleans,LA,3.5,43,1,1,true,false,false,true,none,no,casual,"{""Monday"": ""10:0-23:0"", ""Tuesday"": ""10:0-23:0"", ""Wednesday"": ""10:0-23:0"", ""Thursday"": ""10:0-23:0"", ""Friday"": ""10:0-1:0"", ""Saturday"": ""10:0-1:0"", ""Sunday"": ""10:0-23:0""}"
Ti_HP5D0V_7z9_q43ayn7Q__pizza,Ti_HP5D0V_7z9_q43ayn7Q,Olive Branch Cafe,Pizza,Ti_HP5D0V_7z9_q43ayn7Q,Pizza,29.9116854,-90.0004947,7390.533425,-4980.273496,New Orleans,LA,4.0,128,1,2,true,true,true,true,none,no,casual,"{""Monday"": ""10:30-21:30"", ""Tuesday"": ""10:30-21:30"", ""Wednesday"": ""10:30-21:30"", ""Thursday"": ""10:30-21:30"", ""Friday"": ""10:30-21:30"", ""Saturday"": ""10:30-21:30"", ""Sunday"": ""10:30-21:30""}"
DnuRO4i1yI5REm5v1pUxWQ__coffee_and_tea,DnuRO4i1yI5REm5v1pUxWQ,Melba's,Coffee & Tea,DnuRO4i1yI5REm5v1pUxWQ,Coffee & Tea,29.9730408,-90.0564283,2001.890764,1842.146464,New Orleans,LA,3.5,554,1,2,true,true,true,true,full_bar,free,casual,"{""Monday"": ""0:0-0:0"", ""Tuesday"": ""0:0-0:0"", ""Wednesday"": ""0:0-0:0"", ""Thursday"": ""0:0-0:0"", ""Friday"": ""0:0-0:0"", ""Saturday"": ""0:0-0:0"", ""Sunday"": ""0:0-0:0""}"
hxgHflucadUHaOsLbmTv1w__breakfast_and_brunch,hxgHflucadUHaOsLbmTv1w,The Kolache Kitchen - New Orleans,Breakfast & Brunch,hxgHflucadUHaOsLbmTv1w,Breakfast & Brunch,29.9516440,-90.0709625,601.667620,-537.077777,New Orleans,LA,4.0,28,1,,true,true,false,,,free,casual,"{""Monday"": ""0:0-0:0"", ""Tuesday"": ""6:0-14:0"", ""Wednesday"": ""6:0-14:0"", ""Thursday"": ""6:0-14:0"", ""Friday"": ""6:0-14:0"", ""Saturday"": ""7:0-14:0"", ""Sunday"": ""7:0-14:0""}"
XnVmNQdmyhdCC90FRY9ZJQ__american_(traditional),XnVmNQdmyhdCC90FRY9ZJQ,Ruth's Chris Steak House,American (Traditional),XnVmNQdmyhdCC90FRY9ZJQ,American (Traditional),29.9476397,-90.0654632,1131.470030,-982.336237,New Orleans,LA,3.5,353,1,3,true,true,true,true,full_bar,free,classy,"{""Monday"": ""15:0-22:0"", ""Tuesday"": ""11:0-21:0"", ""Wednesday"": ""11:0-21:0"", ""Thursday"": ""11:0-21:0"", ""Friday"": ""11:0-22:0"", ""Saturday"": ""15:0-22:0"", ""Sunday"": ""15:0-21:0""}"
ugNVEWEZbSB-bBuX49KdrA__american_(new),ugNVEWEZbSB-bBuX49KdrA,Mojo Lounge,American (New),ugNVEWEZbSB-bBuX49KdrA,American (New),29.9606059,-90.0592444,1730.589049,459.441413,New Orleans,LA,4.0,68,0,2,true,false,true,false,full_bar,free,casual|divey,"{""Monday"": ""11:0-2:0"", ""Tuesday"": ""11:0-2:0"", ""Wednesday"": ""11:0-2:0"", ""Thursday"": ""11:0-2:0"", ""Friday"": ""11:0-2:0"", ""Saturday"": ""11:0-2:0"", ""Sunday"": ""11:0-2:0""}"
O3fOEg07QOLmrYPIJRMMNA__art_galleries,O3fOEg07QOLmrYPIJRMMNA,Duplantier Fine Framing,Art Galleries,O3fOEg07QOLmrYPIJRMMNA,Art Galleries,29.9459725,-90.0741201,297.464523,-1167.720674,New Orleans,LA,5.0,5,1,3,,,,,,no,,"{""Tuesday"": ""10:30-17:30"", ""Wednesday"": ""10:30-17:30"", ""Thursday"": ""10:30-17:30"", ""Friday"": ""10:30-17:30"", ""Saturday"": ""10:30-15:30""}"
6fvE5PQQ8mldsMDU8IsQSQ__desserts,6fvE5PQQ8mldsMDU8IsQSQ,Waffles on Maple,Desserts,6fvE5PQQ8mldsMDU8IsQSQ,Desserts,29.9420239,-90.1298189,-5068.556327,-1606.785568,New Orleans,LA,3.5,177,0,2,true,,true,true,none,no,casual|hipster|trendy,"{""Monday"": ""8:0-15:0"", ""Tuesday"": ""8:0-15:0"", ""Wednesday"": ""8:0-15:0"", ""Thursday"": ""8:0-15:0"", ""Friday"": ""8:0-15:0"", ""Sunday"": ""8:0-15:0""}"
O-XwsROwYk3JoWz7bMuW8g__coffee_and_tea,O-XwsROwYk3JoWz7bMuW8g,Rue De La Course,Coffee & Tea,O-XwsROwYk3JoWz7bMuW8g,Coffee & Tea,29.9240492,-90.0860550,-852.343412,-3605.483777,New Orleans,LA,3.5,51,0,1,,,true,,,free,,
fpi78UyYCZ-RSoibWc-NDg__american_(traditional),fpi78UyYCZ-RSoibWc-NDg,La Macarena Pupuseria & Latin Cafe,American (Traditional),fpi78UyYCZ-RSoibWc-NDg,American (Traditional),29.9442042,-90.1340449,-5475.692720,-1364.350371,New Orleans,LA,4.0,346,1,2,true,true,true,true,none,free,casual|classy,"{""Monday"": ""11:0-20:0"", ""Wednesday"": ""11:0-20:0"", ""Thursday"": ""11:0-20:0"", ""Friday"": ""11:0-20:0"", ""Saturday"": ""11:0-17:0"", ""Sunday"": ""11:0-20:0""}"
wznT60WMQ-9Qg2MVvzCxtw__sandwiches,wznT60WMQ-9Qg2MVvzCxtw,The Lucky Ladle,Sandwiches,wznT60WMQ-9Qg2MVvzCxtw,Sandwiches,29.9312990,-90.0738930,319.343331,-2799.341684,New Orleans,LA,3.5,21,0,1,true,true,true,true,none,free,casual,"{""Tuesday"": ""7:0-14:30"", ""Wednesday"": ""7:0-14:30"", ""Thursday"": ""7:0-14:30"", ""Friday"": ""7:0-14:30"", ""Saturday"": ""7:0-14:30"", ""Sunday"": ""7:0-14:30""}"
oci4y3Ug7dhDktZDrQpTtQ__cajun_creole,oci4y3Ug7dhDktZDrQpTtQ,Tacreole Cafe,Cajun/Creole,oci4y3Ug7dhDktZDrQpTtQ,Cajun/Creole,29.9551321,-90.0729736,407.918301,-149.218218,New Orleans,LA,5.0,8,0,,true,false,true,,beer_and_wine,free,,"{""Wednesday"": ""11:0-15:0"", ""Thursday"": ""11:0-15:0"", ""Friday"": ""11:0-15:0"", ""Saturday"": ""11:0-15:0"", ""Sunday"": ""11:0-15:0""}"
-lX4ufgPLYubI8rVxNM31w__american_(traditional),-lX4ufgPLYubI8rVxNM31w,New Orleans Creole Cookery,American (Traditional),-lX4ufgPLYubI8rVxNM31w,American (Traditional),29.9560829,-90.0640388,1268.696686,-43.493935,New Orleans,LA,3.5,1232,1,2,true,false,true,true,full_bar,free,,"{""Monday"": ""11:0-21:0"", ""Tuesday"": ""11:0-21:0"", ""Wednesday"": ""11:0-21:0"", ""Thursday"": ""11:0-21:0"", ""Friday"": ""11:0-21:0"", ""Saturday"": ""11:0-21:0"", ""Sunday"": ""11:0-21:0""}"
kMKjKaTxi1iRMhLYqhEhlQ__fast_food,kMKjKaTxi1iRMhLYqhEhlQ,Burger King,Fast Food,kMKjKaTxi1iRMhLYqhEhlQ,Fast Food,29.9373654,-90.0763192,85.603290,-2124.792264,New Orleans,LA,1.5,21,1,1,false,true,false,true,none,no,,"{""Monday"": ""6:0-23:0"", ""Tuesday"": ""6:0-23:0"", ""Wednesday"": ""6:0-23:0"", ""Thursday"": ""6:0-23:0"", ""Friday"": ""0:0-0:0"", ""Saturday"": ""0:0-0:0"", ""Sunday"": ""6:30-0:0""}"
WfgVvztkGkBppJOv0_UTsw__southern,WfgVvztkGkBppJOv0_UTsw,Two Sisters Kitchen,Southern,WfgVvztkGkBppJOv0_UTsw,Southern,29.9611327,-90.0776051,-38.280280,518.018981,New Orleans,LA,3.5,34,0,1,true,false,false,true,none,no,casual,
6dBTa5IQLANpgRaWZJCMBQ__fast_food,6dBTa5IQLANpgRaWZJCMBQ,Subway,Fast Food,6dBTa5IQLANpgRaWZJCMBQ,Fast Food,29.9322360,-90.0042710,7026.724883,-2695.151894,New Orleans,LA,2.5,5,1,1,true,true,,,,,,"{""Monday"": ""0:0-0:0"", ""Tuesday"": ""8:0-20:0"", ""Wednesday"": ""8:0-20:0"", ""Thursday"": ""8:0-20:0"", ""Friday"": ""8:0-18:0"", ""Saturday"": ""8:0-20:0"", ""Sunday"": ""10:0-12:0""}"
r5sIxismsox0XCKuhH2Q1Q__seafood,r5sIxismsox0XCKuhH2Q1Q,Shucks on Teche,Seafood,r5sIxismsox0XCKuhH2Q1Q,Seafood,29.9469741,-90.0525192,2378.494631,-1056.347682,New Orleans,LA,5.0,5,1,,true,false,true,,beer_and_wine,no,,"{""Tuesday"": ""11:0-20:0"", ""Wednesday"": ""11:0-20:0"", ""Thursday"": ""11:0-20:0"", ""Friday"": ""11:0-20:0"", ""Saturday"": ""11:0-20:0"", ""Sunday"": ""11:0-20:0""}"
wu9X1NOPhKKl8lgZ3vDpsA__coffee_and_tea,wu9X1NOPhKKl8lgZ3vDpsA,NOCHI Cafe by Gracious,Coffee & Tea,wu9X1NOPhKKl8lgZ3vDpsA,Coffee & Tea,29.9441971,-90.0733713,369.603894,-1365.136420,New Orleans,LA,4.5,13,0,,,,,,,,,"{""Monday"": ""7:0-19:0"", ""Tuesday"": ""7:0-19:0"", ""Wednesday"": ""7:0-19:0"", ""Thursday"": ""7:0-19:0"", ""Friday"": ""7:0-19:0"", ""Saturday"": ""7:30-16:0""}"
joCDK7kg-03uo4rZK5X0_A__cafes,joCDK7kg-03uo4rZK5X0_A,Cherry Coffee Roasters,Cafes,joCDK7kg-03uo4rZK5X0_A,Cafes,29.9184380,-90.1079880,-2965.368025,-4229.421611,New Orleans,LA,4.5,127,1,2,true,false,true,true,none,free,casual|classy|trendy,"{""Monday"": ""6:30-13:0"", ""Tuesday"": ""6:45-15:0"", ""Wednesday"": ""6:30-13:0"", ""Thursday"": ""6:45-15:0"", ""Friday"": ""6:45-15:0"", ""Saturday"": ""7:0-17:0"", ""Sunday"": ""7:0-17:0""}"
WziSX1kL3QUkmh_Ba-JdGQ__beer,WziSX1kL3QUkmh_Ba-JdGQ,Vino Fine Wine And Spirits,Beer,WziSX1kL3QUkmh_Ba-JdGQ,Beer,29.9472544,-90.1302245,-5107.631819,-1025.179701,New Orleans,LA,5.0,9,1,,,,,,,,,
ZEy6EnNdkgcE-35Jf2SUog__breakfast_and_brunch,ZEy6EnNdkgcE-35Jf2SUog,Ted Brennan's Decatur,Breakfast & Brunch,ZEy6EnNdkgcE-35Jf2SUog,Breakfast & Brunch,29.9539883,-90.0656920,1109.427444,-276.403150,New Orleans,LA,4.0,24,0,3,true,false,false,true,full_bar,free,,"{""Monday"": ""17:30-21:0"", ""Thursday"": ""17:30-21:0"", ""Friday"": ""17:30-21:30"", ""Saturday"": ""17:30-21:30"", ""Sunday"": ""17:30-21:0""}"
yplju61jvtr1wU60yvLbew__art_galleries,yplju61jvtr1wU60yvLbew,UP/Unique Products,Art Galleries,yplju61jvtr1wU60yvLbew,Art Galleries,29.9306102,-90.0756335,151.663609,-2875.932856,New Orleans,LA,4.5,9,0,2,,,,true,,,,"{""Monday"": ""11:0-17:0"", ""Tuesday"": ""11:0-17:0"", ""Wednesday"": ""11:0-17:0"", ""Thursday"": ""11:0-17:0"", ""Friday"": ""11:0-17:0"", ""Saturday"": ""11:0-17:0"", ""Sunday"": ""12:0-17:0""}"
fx1532CemYqL8wZivfcDzA__coffee_and_tea,fx1532CemYqL8wZivfcDzA,Sound Café,Coffee & Tea,fx1532CemYqL8wZivfcDzA,Coffee & Tea,29.9636050,-90.0507577,2548.197492,792.926578,New Orleans,LA,3.5,15,0,1,,,true,,,free,,"{""Monday"": ""7:0-20:0"", ""Tuesday"": ""7:0-20:0"", ""Wednesday"": ""7:0-20:0"", ""Thursday"": ""7:0-20:0"", ""Friday"": ""7:0-20:0"", ""Saturday"": ""7:0-20:0"", ""Sunday"": ""7:0-20:0""}"
Cbktlvci_z4HwdqPUW-5cg__seafood,Cbktlvci_z4HwdqPUW-5cg,Cafe Maspero,Seafood,Cbktlvci_z4HwdqPUW-5cg,Seafood,29.9560831,-90.0636009,1310.883960,-43.471696,New Orleans,LA,3.0,873,1,2,true,true,true,true,full_bar,free,casual,"{""Monday"": ""8:0-22:0"", ""Tuesday"": ""8:0-22:0"", ""Wednesday"": ""8:0-22:0"", ""Thursday"": ""8:0-22:0"", ""Friday"": ""8:0-22:0"", ""Saturday"": ""8:0-22:0"", ""Sunday"": ""8:0-22:0""}"
xs6KXAE0UY5Yhd2GJJxCZA__fast_food,xs6KXAE0UY5Yhd2GJJxCZA,Rally's,Fast Food,xs6KXAE0UY5Yhd2GJJxCZA,Fast Food,29.9664026,-90.0871157,-954.531221,1104.005934,New Orleans,LA,2.5,16,1,1,true,true,true,true,none,no,,"{""Monday"": ""10:0-4:0"", ""Tuesday"": ""10:0-4:0"", ""Wednesday"": ""10:0-4:0"", ""Thursday"": ""10:0-4:0"", ""Friday"": ""10:0-5:0"", ""Saturday"": ""10:0-5:0"", ""Sunday"": ""10:0-4:0""}"
NPp56c0PdDHT9mcx-3dz6w__specialty_food,NPp56c0PdDHT9mcx-3dz6w,Michoud Seafood,Specialty Food,NPp56c0PdDHT9mcx-3dz6w,Specialty Food,30.0282345,-89.9483864,12410.645700,7979.409016,New Orleans,LA,3.5,9,1,,,,,,,,,"{""Monday"": ""10:0-21:0"", ""Tuesday"": ""10:0-21:0"", ""Wednesday"": ""10:0-21:0"", ""Thursday"": ""10:0-21:0"", ""Friday"": ""10:0-21:0"", ""Saturday"": ""10:0-21:0"", ""Sunday"": ""10:0-21:0""}"
4_erkkTFhetoDkez-guUAw__coffee_and_tea,4_erkkTFhetoDkez-guUAw,Saint Coffee,Coffee & Tea,4_erkkTFhetoDkez-guUAw,Coffee & Tea,29.9684210,-90.0487896,2737.804192,1328.442084,New Orleans,LA,4.0,67,1,1,true,false,true,,,free,,"{""Monday"": ""7:0-17:0"", ""Tuesday"": ""7:0-17:0"", ""Wednesday"": ""7:0-17:0"", ""Thursday"": ""7:0-17:0"", ""Friday"": ""7:0-17:0"", ""Saturday"": ""7:0-17:0"", ""Sunday"": ""7:0-17:0""}"
WO-ofNAvSuJpdRt9Auon6w__seafood,WO-ofNAvSuJpdRt9Auon6w,Heard Dat Kitchen,Seafood,WO-ofNAvSuJpdRt9Auon6w,Seafood,29.9438600,-90.0863251,-878.364839,-1402.620281,New Orleans,LA,4.5,562,1,2,true,true,true,true,none,no,casual,"{""Monday"": ""0:0-0:0"", ""Tuesday"": ""9:0-20:0"", ""Wednesday"": ""9:0-20:0"", ""Thursday"": ""9:0-20:0"", ""Friday"": ""9:0-20:0"", ""Saturday"": ""9:0-20:0""}"
NYiL2534CAAbr-ynGVbhaQ__southern,NYiL2534CAAbr-ynGVbhaQ,Cafe Sbisa,Southern,NYiL2534CAAbr-ynGVbhaQ,Southern,29.9594732,-90.0606540,1594.788224,333.490745,New Orleans,LA,4.5,531,1,2,,,,false,full_bar,free,classy|intimate|romantic|upscale,"{""Monday"": ""0:0-0:0"", ""Friday"": ""17:0-21:0"", ""Saturday"": ""18:0-0:0"", ""Sunday"": ""18:0-22:0""}"
SI3q166YxgbxzQxMfpiWjQ__fast_food,SI3q166YxgbxzQxMfpiWjQ,Bayou Hot Wings,Fast Food,SI3q166YxgbxzQxMfpiWjQ,Fast Food,29.9463093,-90.1129320,-3441.672848,-1130.270171,New Orleans,LA,4.0,288,1,2,true,true,true,true,none,no,casual,"{""Wednesday"": ""11:0-20:0"", ""Thursday"": ""11:0-20:0"", ""Friday"": ""11:0-20:0"", ""Saturday"": ""11:0-20:0"", ""Sunday"": ""11:0-20:0""}"
4xV3C_5VXQzAAYGIwJ_4dg__american_(traditional),4xV3C_5VXQzAAYGIwJ_4dg,Lotus Bistro,American (Traditional),4xV3C_5VXQzAAYGIwJ_4dg,American (Traditional),30.0058710,-90.1159060,-3728.187926,5492.697839,New Orleans,LA,4.0,70,1,2,true,true,true,,none,free,classy,"{""Monday"": ""0:0-0:0"", ""Wednesday"": ""16:30-21:0"", ""Thursday"": ""16:30-21:0"", ""Friday"": ""16:30-21:0"", ""Saturday"": ""16:30-21:0"", ""Sunday"": ""16:30-21:0""}"
Ssur8TPCIZWnZeCDQ9avQQ__american_(traditional),Ssur8TPCIZWnZeCDQ9avQQ,Landry's Seafood House,American (Traditional),Ssur8TPCIZWnZeCDQ9avQQ,American (Traditional),30.0265821,-90.1134685,-3493.356218,7795.674613,New Orleans,LA,3.5,385,1,2,true,true,true,true,full_bar,free,casual|classy,"{""Monday"": ""11:30-21:30"", ""Tuesday"": ""11:30-21:30"", ""Wednesday"": ""11:30-21:30"", ""Thursday"": ""11:30-21:30"", ""Friday"": ""11:30-22:0"", ""Saturday"": ""11:30-20:30"", ""Sunday"": ""11:30-21:30""}"
sv0rfrFGlICPLPBJGyefdA__burgers,sv0rfrFGlICPLPBJGyefdA,Philly Dat Up,Burgers,sv0rfrFGlICPLPBJGyefdA,Burgers,29.9995240,-90.0619626,1468.717737,4786.942665,New Orleans,LA,2.5,20,1,1,true,true,false,,none,no,casual,"{""Monday"": ""11:0-19:0"", ""Tuesday"": ""11:0-19:0"", ""Wednesday"": ""11:0-19:0"", ""Thursday"": ""11:0-19:0"", ""Friday"": ""11:0-19:0"", ""Saturday"": ""11:0-19:0"", ""Sunday"": ""12:0-18:0""}"
LuB-RHZQzmbAHXmykrN0BA__art_galleries,LuB-RHZQzmbAHXmykrN0BA,Flora Gallery & Coffee Shop,Art Galleries,LuB-RHZQzmbAHXmykrN0BA,Art Galleries,29.9647722,-90.0513203,2493.995034,922.707949,New Orleans,LA,4.0,85,1,1,false,true,true,true,none,free,casual,"{""Monday"": ""7:0-0:0"", ""Tuesday"": ""7:0-0:0"", ""Wednesday"": ""7:0-0:0"", ""Thursday"": ""7:0-0:0"", ""Friday"": ""7:0-0:0"", ""Saturday"": ""7:0-0:0"", ""Sunday"": ""7:0-0:0""}"
IAJo25sqE6_OwJhZsPgdyA__fitness_and_instruction,IAJo25sqE6_OwJhZsPgdyA,Krewe Fitness,Fitness & Instruction,IAJo25sqE6_OwJhZsPgdyA,Fitness & Instruction,29.9420508,-90.1345015,-5519.677881,-1603.794421,New Orleans,LA,5.0,7,1,,,,,,,,,"{""Monday"": ""5:0-20:0"", ""Tuesday"": ""5:0-20:0"", ""Wednesday"": ""5:0-20:0"", ""Thursday"": ""5:0-20:0"", ""Friday"": ""5:0-20:0"", ""Saturday"": ""8:0-12:0"", ""Sunday"": ""9:0-11:0""}"
syl4Mu2fvUE5nFzRydHuVg__southern,syl4Mu2fvUE5nFzRydHuVg,Leo's Caboose,Southern,syl4Mu2fvUE5nFzRydHuVg,Southern,29.9269267,-90.0922954,-1453.543376,-3285.519934,New Orleans,LA,4.5,16,1,1,true,false,false,true,none,no,divey,"{""Monday"": ""7:0-15:0"", ""Tuesday"": ""7:0-15:0"", ""Wednesday"": ""7:0-15:0"", ""Thursday"": ""7:0-15:0"", ""Friday"": ""7:0-15:0""}"
8fjkg9yggo44SeUBalYMCQ__seafood,8fjkg9yggo44SeUBalYMCQ,Original Sammy Seafood Restaurant,Seafood,8fjkg9yggo44SeUBalYMCQ,Seafood,29.9584500,-90.0661270,1067.519556,219.715939,New Orleans,LA,3.0,34,0,2,false,false,true,false,full_bar,,,"{""Tuesday"": ""18:0-22:0""}"
ajM1U0EUVF8zKi-d-JKcDg__cocktail_bars,ajM1U0EUVF8zKi-d-JKcDg,Carnaval Lounge,Cocktail Bars,ajM1U0EUVF8zKi-d-JKcDg,Cocktail Bars,29.9690054,-90.0559027,2052.528335,1393.424489,New Orleans,LA,4.5,9,1,,true,false,,,,,casual,"{""Monday"": ""17:0-1:0"", ""Tuesday"": ""17:0-1:0"", ""Thursday"": ""17:0-1:0"", ""Friday"": ""17:0-1:0"", ""Saturday"": ""17:0-1:0"", ""Sunday"": ""17:0-1:0""}"
2jFOIBICinZkepcO60rN0Q__burgers,2jFOIBICinZkepcO60rN0Q,Tulane Ave Bar & Grill,Burgers,2jFOIBICinZkepcO60rN0Q,Burgers,29.9675470,-90.1026946,-2455.402016,1231.257584,New Orleans,LA,4.0,6,0,1,,,true,,full_bar,,divey,
2OcVR4GRcmVsC118dn2QWA__american_(new),2OcVR4GRcmVsC118dn2QWA,Jackson Brewery,American (New),2OcVR4GRcmVsC118dn2QWA,American (New),29.9559253,-90.0629624,1372.397032,-61.018280,New Orleans,LA,2.5,41,1,2,true,false,true,true,none,no,classy,"{""Monday"": ""10:0-19:0"", ""Tuesday"": ""10:0-19:0"", ""Wednesday"": ""10:0-19:0"", ""Thursday"": ""10:0-19:0"", ""Friday"": ""10:0-19:0"", ""Saturday"": ""10:0-19:0"", ""Sunday"": ""10:0-19:0""}"
PBbhDFJdUS7ebuRa1ggjaQ__burgers,PBbhDFJdUS7ebuRa1ggjaQ,Cafe Gentilly,Burgers,PBbhDFJdUS7ebuRa1ggjaQ,Burgers,30.0130808,-90.0507850,2545.567411,6294.393463,New Orleans,LA,4.5,100,0,1,true,false,false,true,none,no,casual,"{""Monday"": ""7:0-19:0"", ""Tuesday"": ""7:0-19:0"", ""Wednesday"": ""7:0-19:0"", ""Thursday"": ""7:0-19:0"", ""Friday"": ""7:0-19:0"", ""Saturday"": ""7:0-19:0"", ""Sunday"": ""7:0-15:0""}"
